probe_id,seed_id,target_id,edge_kind,seed_target_cosine,query_class,arm,delta,hit_at_10,rr,t_query_ms,timed_out,result_count,corpus_snapshot_ts,run_ts,phase
0,2995,3017,temporal,0.7001554399867778,temporal,ARM_A,0.0,1,1.0,13.707,False,5,2026-08-18T15:55:08.124579+00:00,2026-08-18T15:55:09.076308+00:00,pilot
0,2995,3017,temporal,0.7001554399867778,temporal,ARM_B,0.2,1,1.0,17.431,False,5,2026-08-18T15:55:08.124579+00:00,2026-08-18T15:55:09.076308+00:00,pilot
1,7433,7451,temporal,0.7001817077669144,temporal,ARM_A,0.0,1,0.1,185.975,False,10,2026-08-18T15:55:08.124579+00:00,2026-08-18T15:55:09.308610+00:00,pilot
1,7433,7451,temporal,0.7001817077669144,temporal,ARM_B,0.2,1,0.1111111111111111,160.919,False,10,2026-08-18T15:55:08.124579+00:00,2026-08-18T15:55:09.308610+00:00,pilot
2,7434,7604,temporal,0.7001938462488517,temporal,ARM_A,0.0,1,0.25,80.322,False,10,2026-08-18T15:55:08.124579+00:00,2026-08-18T15:55:09.857738+00:00,pilot
2,7434,7604,temporal,0.7001938462488517,temporal,ARM_B,0.2,1,0.25,114.424,False,10,2026-08-18T15:55:08.124579+00:00,2026-08-18T15:55:09.857738+00:00,pilot
3,7432,7433,temporal,0.7002715319799757,temporal,ARM_A,0.0,1,0.5,44.973,False,10,2026-08-18T15:55:08.124579+00:00,2026-08-18T15:55:10.255493+00:00,pilot
3,7432,7433,temporal,0.7002715319799757,temporal,ARM_B,0.2,0,0.0,183.571,False,10,2026-08-18T15:55:08.124579+00:00,2026-08-18T15:55:10.255493+00:00,pilot
4,7435,7495,temporal,0.7003670603802781,temporal,ARM_A,0.0,0,0.0,48.635,False,10,2026-08-18T15:55:08.124579+00:00,2026-08-18T15:55:10.688903+00:00,pilot
4,7435,7495,temporal,0.7003670603802781,temporal,ARM_B,0.2,1,0.16666666666666666,123.862,False,10,2026-08-18T15:55:08.124579+00:00,2026-08-18T15:55:10.688903+00:00,pilot
5,3551,3602,temporal,0.7003697514093219,temporal,ARM_A,0.0,0,0.0,148.329,False,0,2026-08-18T15:55:08.124579+00:00,2026-08-18T15:55:11.063668+00:00,pilot
5,3551,3602,temporal,0.7003697514093219,temporal,ARM_B,0.2,0,0.0,10.397,False,0,2026-08-18T15:55:08.124579+00:00,2026-08-18T15:55:11.063668+00:00,pilot
6,3185,3188,temporal,0.7004657805243613,temporal,ARM_A,0.0,0,0.0,54.013,False,10,2026-08-18T15:55:08.124579+00:00,2026-08-18T15:55:11.423618+00:00,pilot
6,3185,3188,temporal,0.7004657805243613,temporal,ARM_B,0.2,0,0.0,7.027,False,10,2026-08-18T15:55:08.124579+00:00,2026-08-18T15:55:11.423618+00:00,pilot
7,7505,7593,temporal,0.7004698932450959,temporal,ARM_A,0.0,1,0.16666666666666666,298.705,False,10,2026-08-18T15:55:08.124579+00:00,2026-08-18T15:55:11.686793+00:00,pilot
7,7505,7593,temporal,0.7004698932450959,temporal,ARM_B,0.2,1,0.2,1698.111,False,10,2026-08-18T15:55:08.124579+00:00,2026-08-18T15:55:11.686793+00:00,pilot
8,7549,7556,temporal,0.7005455763286067,temporal,ARM_A,0.0,0,0.0,574.019,False,10,2026-08-18T15:55:08.124579+00:00,2026-08-18T15:55:13.886795+00:00,pilot
8,7549,7556,temporal,0.7005455763286067,temporal,ARM_B,0.2,0,0.0,49.284,False,10,2026-08-18T15:55:08.124579+00:00,2026-08-18T15:55:13.886795+00:00,pilot
9,7463,7494,temporal,0.7005598992943866,temporal,ARM_A,0.0,1,0.125,26.168,False,10,2026-08-18T15:55:08.124579+00:00,2026-08-18T15:55:14.712773+00:00,pilot
9,7463,7494,temporal,0.7005598992943866,temporal,ARM_B,0.2,1,0.16666666666666666,111.564,False,10,2026-08-18T15:55:08.124579+00:00,2026-08-18T15:55:14.712773+00:00,pilot
10,3222,3226,temporal,0.7005996138393562,temporal,ARM_A,0.0,0,0.0,71.453,False,10,2026-08-18T15:55:08.124579+00:00,2026-08-18T15:55:15.052497+00:00,pilot
10,3222,3226,temporal,0.7005996138393562,temporal,ARM_B,0.2,0,0.0,7.161,False,10,2026-08-18T15:55:08.124579+00:00,2026-08-18T15:55:15.052497+00:00,pilot
11,7077,7140,temporal,0.7006094455718994,temporal,ARM_A,0.0,0,0.0,164.622,False,1,2026-08-18T15:55:08.124579+00:00,2026-08-18T15:55:15.332497+00:00,pilot
11,7077,7140,temporal,0.7006094455718994,temporal,ARM_B,0.2,0,0.0,5.231,False,1,2026-08-18T15:55:08.124579+00:00,2026-08-18T15:55:15.332497+00:00,pilot
12,4339,4342,temporal,0.7007253944441454,temporal,ARM_A,0.0,0,0.0,207.517,False,1,2026-08-18T15:55:08.124579+00:00,2026-08-18T15:55:15.704437+00:00,pilot
12,4339,4342,temporal,0.7007253944441454,temporal,ARM_B,0.2,0,0.0,19.707,False,1,2026-08-18T15:55:08.124579+00:00,2026-08-18T15:55:15.704437+00:00,pilot
13,4339,4342,temporal,0.7007253944441454,temporal,ARM_A,0.0,0,0.0,14.506,False,1,2026-08-18T15:55:08.124579+00:00,2026-08-18T15:55:16.133440+00:00,pilot
13,4339,4342,temporal,0.7007253944441454,temporal,ARM_B,0.2,0,0.0,17.873,False,1,2026-08-18T15:55:08.124579+00:00,2026-08-18T15:55:16.133440+00:00,pilot
14,4577,4578,temporal,0.7007574051844303,temporal,ARM_A,0.0,0,0.0,81.939,False,10,2026-08-18T15:55:08.124579+00:00,2026-08-18T15:55:16.367579+00:00,pilot
14,4577,4578,temporal,0.7007574051844303,temporal,ARM_B,0.2,1,0.16666666666666666,43.602,False,10,2026-08-18T15:55:08.124579+00:00,2026-08-18T15:55:16.367579+00:00,pilot
15,3579,3598,temporal,0.700759872907389,temporal,ARM_A,0.0,0,0.0,47.333,False,5,2026-08-18T15:55:08.124579+00:00,2026-08-18T15:55:16.694641+00:00,pilot
15,3579,3598,temporal,0.700759872907389,temporal,ARM_B,0.2,0,0.0,33.956,False,5,2026-08-18T15:55:08.124579+00:00,2026-08-18T15:55:16.694641+00:00,pilot
16,3290,3295,temporal,0.7008140265456435,temporal,ARM_A,0.0,0,0.0,76.354,False,10,2026-08-18T15:55:08.124579+00:00,2026-08-18T15:55:16.977460+00:00,pilot
16,3290,3295,temporal,0.7008140265456435,temporal,ARM_B,0.2,0,0.0,25.124,False,10,2026-08-18T15:55:08.124579+00:00,2026-08-18T15:55:16.977460+00:00,pilot
17,6592,6826,temporal,0.700830876827245,temporal,ARM_A,0.0,0,0.0,99.673,False,0,2026-08-18T15:55:08.124579+00:00,2026-08-18T15:55:17.281021+00:00,pilot
17,6592,6826,temporal,0.700830876827245,temporal,ARM_B,0.2,0,0.0,14.944,False,0,2026-08-18T15:55:08.124579+00:00,2026-08-18T15:55:17.281021+00:00,pilot
18,3485,3490,temporal,0.7008618742998133,temporal,ARM_A,0.0,0,0.0,40.012,False,8,2026-08-18T15:55:08.124579+00:00,2026-08-18T15:55:17.598653+00:00,pilot
18,3485,3490,temporal,0.7008618742998133,temporal,ARM_B,0.2,0,0.0,21.633,False,8,2026-08-18T15:55:08.124579+00:00,2026-08-18T15:55:17.598653+00:00,pilot
19,2928,2930,temporal,0.7008695245825728,temporal,ARM_A,0.0,0,0.0,56.103,False,5,2026-08-18T15:55:08.124579+00:00,2026-08-18T15:55:17.861439+00:00,pilot
19,2928,2930,temporal,0.7008695245825728,temporal,ARM_B,0.2,0,0.0,22.255,False,5,2026-08-18T15:55:08.124579+00:00,2026-08-18T15:55:17.861439+00:00,pilot
20,7530,7531,temporal,0.7008872984782152,temporal,ARM_A,0.0,1,0.1111111111111111,46.027,False,10,2026-08-18T15:55:08.124579+00:00,2026-08-18T15:55:18.141655+00:00,pilot
20,7530,7531,temporal,0.7008872984782152,temporal,ARM_B,0.2,1,0.14285714285714285,105.675,False,10,2026-08-18T15:55:08.124579+00:00,2026-08-18T15:55:18.141655+00:00,pilot
21,7530,7531,temporal,0.7008872984782152,temporal,ARM_A,0.0,1,0.1111111111111111,11.985,False,10,2026-08-18T15:55:08.124579+00:00,2026-08-18T15:55:18.495425+00:00,pilot
21,7530,7531,temporal,0.7008872984782152,temporal,ARM_B,0.2,1,0.14285714285714285,89.265,False,10,2026-08-18T15:55:08.124579+00:00,2026-08-18T15:55:18.495425+00:00,pilot
22,2980,2982,temporal,0.7009113818135474,temporal,ARM_A,0.0,1,1.0,40.216,False,10,2026-08-18T15:55:08.124579+00:00,2026-08-18T15:55:18.800613+00:00,pilot
22,2980,2982,temporal,0.7009113818135474,temporal,ARM_B,0.2,1,1.0,6.499,False,10,2026-08-18T15:55:08.124579+00:00,2026-08-18T15:55:18.800613+00:00,pilot
23,2980,2982,temporal,0.7009113818135474,temporal,ARM_A,0.0,1,1.0,7.493,False,10,2026-08-18T15:55:08.124579+00:00,2026-08-18T15:55:19.050566+00:00,pilot
23,2980,2982,temporal,0.7009113818135474,temporal,ARM_B,0.2,1,1.0,5.164,False,10,2026-08-18T15:55:08.124579+00:00,2026-08-18T15:55:19.050566+00:00,pilot
24,7402,7406,temporal,0.7009295255776844,temporal,ARM_A,0.0,0,0.0,69.892,False,10,2026-08-18T15:55:08.124579+00:00,2026-08-18T15:55:19.266864+00:00,pilot
24,7402,7406,temporal,0.7009295255776844,temporal,ARM_B,0.2,1,0.125,7.223,False,10,2026-08-18T15:55:08.124579+00:00,2026-08-18T15:55:19.266864+00:00,pilot
25,7437,7489,temporal,0.7009540648689966,temporal,ARM_A,0.0,0,0.0,62.593,False,10,2026-08-18T15:55:08.124579+00:00,2026-08-18T15:55:19.545578+00:00,pilot
25,7437,7489,temporal,0.7009540648689966,temporal,ARM_B,0.2,0,0.0,711.166,False,10,2026-08-18T15:55:08.124579+00:00,2026-08-18T15:55:19.545578+00:00,pilot
26,3261,3265,temporal,0.7010041327780686,temporal,ARM_A,0.0,1,0.25,40.283,False,8,2026-08-18T15:55:08.124579+00:00,2026-08-18T15:55:20.522985+00:00,pilot
26,3261,3265,temporal,0.7010041327780686,temporal,ARM_B,0.2,1,0.3333333333333333,17.912,False,8,2026-08-18T15:55:08.124579+00:00,2026-08-18T15:55:20.522985+00:00,pilot
27,2949,2950,temporal,0.7011055381094429,temporal,ARM_A,0.0,0,0.0,35.172,False,2,2026-08-18T15:55:08.124579+00:00,2026-08-18T15:55:20.783478+00:00,pilot
27,2949,2950,temporal,0.7011055381094429,temporal,ARM_B,0.2,0,0.0,15.427,False,2,2026-08-18T15:55:08.124579+00:00,2026-08-18T15:55:20.783478+00:00,pilot
28,4608,4612,temporal,0.7011277497487031,temporal,ARM_A,0.0,1,0.3333333333333333,73.345,False,10,2026-08-18T15:55:08.124579+00:00,2026-08-18T15:55:21.035494+00:00,pilot
28,4608,4612,temporal,0.7011277497487031,temporal,ARM_B,0.2,1,0.5,52.345,False,10,2026-08-18T15:55:08.124579+00:00,2026-08-18T15:55:21.035494+00:00,pilot
29,4608,4612,temporal,0.7011277497487031,temporal,ARM_A,0.0,1,0.3333333333333333,47.884,False,10,2026-08-18T15:55:08.124579+00:00,2026-08-18T15:55:21.362614+00:00,pilot
29,4608,4612,temporal,0.7011277497487031,temporal,ARM_B,0.2,1,0.5,50.528,False,10,2026-08-18T15:55:08.124579+00:00,2026-08-18T15:55:21.362614+00:00,pilot
30,4618,4620,temporal,0.7012084126472473,temporal,ARM_A,0.0,1,0.25,61.293,False,10,2026-08-18T15:55:08.124579+00:00,2026-08-18T15:55:21.662410+00:00,pilot
30,4618,4620,temporal,0.7012084126472473,temporal,ARM_B,0.2,1,0.25,41.896,False,10,2026-08-18T15:55:08.124579+00:00,2026-08-18T15:55:21.662410+00:00,pilot
31,4618,4620,temporal,0.7012084126472473,temporal,ARM_A,0.0,1,0.25,10.515,False,10,2026-08-18T15:55:08.124579+00:00,2026-08-18T15:55:21.967439+00:00,pilot
31,4618,4620,temporal,0.7012084126472473,temporal,ARM_B,0.2,1,0.25,6.056,False,10,2026-08-18T15:55:08.124579+00:00,2026-08-18T15:55:21.967439+00:00,pilot
32,7463,7500,temporal,0.7012598870682851,temporal,ARM_A,0.0,1,0.14285714285714285,8.546,False,10,2026-08-18T15:55:08.124579+00:00,2026-08-18T15:55:22.185616+00:00,pilot
32,7463,7500,temporal,0.7012598870682851,temporal,ARM_B,0.2,1,0.2,260.83,False,10,2026-08-18T15:55:08.124579+00:00,2026-08-18T15:55:22.185616+00:00,pilot
33,7552,7554,temporal,0.7012653381763704,temporal,ARM_A,0.0,1,0.2,196.316,False,10,2026-08-18T15:55:08.124579+00:00,2026-08-18T15:55:22.657681+00:00,pilot
33,7552,7554,temporal,0.7012653381763704,temporal,ARM_B,0.2,1,0.25,28.481,False,10,2026-08-18T15:55:08.124579+00:00,2026-08-18T15:55:22.657681+00:00,pilot
34,7552,7554,temporal,0.7012653381763704,temporal,ARM_A,0.0,1,0.2,4.885,False,10,2026-08-18T15:55:08.124579+00:00,2026-08-18T15:55:23.085474+00:00,pilot
34,7552,7554,temporal,0.7012653381763704,temporal,ARM_B,0.2,1,0.25,28.109,False,10,2026-08-18T15:55:08.124579+00:00,2026-08-18T15:55:23.085474+00:00,pilot
35,3716,3717,temporal,0.701286870164463,temporal,ARM_A,0.0,0,0.0,47.758,False,9,2026-08-18T15:55:08.124579+00:00,2026-08-18T15:55:23.320624+00:00,pilot
35,3716,3717,temporal,0.701286870164463,temporal,ARM_B,0.2,0,0.0,11.999,False,9,2026-08-18T15:55:08.124579+00:00,2026-08-18T15:55:23.320624+00:00,pilot
36,3716,3717,temporal,0.701286870164463,temporal,ARM_A,0.0,0,0.0,3.558,False,9,2026-08-18T15:55:08.124579+00:00,2026-08-18T15:55:23.582418+00:00,pilot
36,3716,3717,temporal,0.701286870164463,temporal,ARM_B,0.2,0,0.0,3.464,False,9,2026-08-18T15:55:08.124579+00:00,2026-08-18T15:55:23.582418+00:00,pilot
37,2949,2953,temporal,0.7014308331691276,temporal,ARM_A,0.0,1,1.0,6.872,False,2,2026-08-18T15:55:08.124579+00:00,2026-08-18T15:55:23.790686+00:00,pilot
37,2949,2953,temporal,0.7014308331691276,temporal,ARM_B,0.2,1,1.0,8.357,False,2,2026-08-18T15:55:08.124579+00:00,2026-08-18T15:55:23.790686+00:00,pilot
38,7451,7607,temporal,0.7014404953384707,temporal,ARM_A,0.0,1,0.2,274.107,False,10,2026-08-18T15:55:08.124579+00:00,2026-08-18T15:55:24.008449+00:00,pilot
38,7451,7607,temporal,0.7014404953384707,temporal,ARM_B,0.2,1,0.25,1711.036,False,10,2026-08-18T15:55:08.124579+00:00,2026-08-18T15:55:24.008449+00:00,pilot
39,7552,7555,temporal,0.7014692456843777,temporal,ARM_A,0.0,1,0.25,24.875,False,10,2026-08-18T15:55:08.124579+00:00,2026-08-18T15:55:26.196194+00:00,pilot
39,7552,7555,temporal,0.7014692456843777,temporal,ARM_B,0.2,1,0.3333333333333333,41.643,False,10,2026-08-18T15:55:08.124579+00:00,2026-08-18T15:55:26.196194+00:00,pilot
40,7552,7555,temporal,0.7014692456843777,temporal,ARM_A,0.0,1,0.25,6.034,False,10,2026-08-18T15:55:08.124579+00:00,2026-08-18T15:55:26.465632+00:00,pilot
40,7552,7555,temporal,0.7014692456843777,temporal,ARM_B,0.2,1,0.3333333333333333,59.65,False,10,2026-08-18T15:55:08.124579+00:00,2026-08-18T15:55:26.465632+00:00,pilot
41,7433,7479,temporal,0.7015556159416992,temporal,ARM_A,0.0,1,0.1111111111111111,16.782,False,10,2026-08-18T15:55:08.124579+00:00,2026-08-18T15:55:26.736199+00:00,pilot
41,7433,7479,temporal,0.7015556159416992,temporal,ARM_B,0.2,1,0.125,135.149,False,10,2026-08-18T15:55:08.124579+00:00,2026-08-18T15:55:26.736199+00:00,pilot
42,4581,4582,temporal,0.7015695425226606,temporal,ARM_A,0.0,1,0.3333333333333333,29.249,False,10,2026-08-18T15:55:08.124579+00:00,2026-08-18T15:55:27.089989+00:00,pilot
42,4581,4582,temporal,0.7015695425226606,temporal,ARM_B,0.2,1,0.3333333333333333,9.603,False,10,2026-08-18T15:55:08.124579+00:00,2026-08-18T15:55:27.089989+00:00,pilot
43,4581,4582,temporal,0.7015695425226606,temporal,ARM_A,0.0,1,0.3333333333333333,4.641,False,10,2026-08-18T15:55:08.124579+00:00,2026-08-18T15:55:27.331109+00:00,pilot
43,4581,4582,temporal,0.7015695425226606,temporal,ARM_B,0.2,1,0.3333333333333333,5.006,False,10,2026-08-18T15:55:08.124579+00:00,2026-08-18T15:55:27.331109+00:00,pilot
44,3554,3561,temporal,0.7016000685214886,temporal,ARM_A,0.0,1,0.14285714285714285,42.974,False,10,2026-08-18T15:55:08.124579+00:00,2026-08-18T15:55:27.542970+00:00,pilot
44,3554,3561,temporal,0.7016000685214886,temporal,ARM_B,0.2,1,0.14285714285714285,5.655,False,10,2026-08-18T15:55:08.124579+00:00,2026-08-18T15:55:27.542970+00:00,pilot
45,7093,7141,temporal,0.7017829627329997,temporal,ARM_A,0.0,0,0.0,41.877,False,0,2026-08-18T15:55:08.124579+00:00,2026-08-18T15:55:27.793014+00:00,pilot
45,7093,7141,temporal,0.7017829627329997,temporal,ARM_B,0.2,0,0.0,8.322,False,0,2026-08-18T15:55:08.124579+00:00,2026-08-18T15:55:27.793014+00:00,pilot
46,3291,3295,temporal,0.7018415331840565,temporal,ARM_A,0.0,0,0.0,258.011,False,10,2026-08-18T15:55:08.124579+00:00,2026-08-18T15:55:28.046479+00:00,pilot
46,3291,3295,temporal,0.7018415331840565,temporal,ARM_B,0.2,0,0.0,32.065,False,10,2026-08-18T15:55:08.124579+00:00,2026-08-18T15:55:28.046479+00:00,pilot
47,3277,3282,temporal,0.7018433986995591,temporal,ARM_A,0.0,0,0.0,22.655,False,1,2026-08-18T15:55:08.124579+00:00,2026-08-18T15:55:28.539067+00:00,pilot
47,3277,3282,temporal,0.7018433986995591,temporal,ARM_B,0.2,0,0.0,14.934,False,1,2026-08-18T15:55:08.124579+00:00,2026-08-18T15:55:28.539067+00:00,pilot
48,3079,3083,temporal,0.7019490421980061,temporal,ARM_A,0.0,0,0.0,26.623,False,4,2026-08-18T15:55:08.124579+00:00,2026-08-18T15:55:28.779282+00:00,pilot
48,3079,3083,temporal,0.7019490421980061,temporal,ARM_B,0.2,0,0.0,17.753,False,4,2026-08-18T15:55:08.124579+00:00,2026-08-18T15:55:28.779282+00:00,pilot
49,4267,4269,temporal,0.7019498944282532,temporal,ARM_A,0.0,1,0.2,35.035,False,8,2026-08-18T15:55:08.124579+00:00,2026-08-18T15:55:29.026148+00:00,pilot
49,4267,4269,temporal,0.7019498944282532,temporal,ARM_B,0.2,1,0.3333333333333333,26.905,False,8,2026-08-18T15:55:08.124579+00:00,2026-08-18T15:55:29.026148+00:00,pilot
50,4267,4269,temporal,0.7019498944282532,temporal,ARM_A,0.0,1,0.2,25.486,False,8,2026-08-18T15:55:08.124579+00:00,2026-08-18T15:55:29.290456+00:00,full
50,4267,4269,temporal,0.7019498944282532,temporal,ARM_B,0.2,1,0.3333333333333333,24.329,False,8,2026-08-18T15:55:08.124579+00:00,2026-08-18T15:55:29.290456+00:00,full
51,7438,7463,temporal,0.7020104559073412,temporal,ARM_A,0.0,0,0.0,58.841,False,10,2026-08-18T15:55:08.124579+00:00,2026-08-18T15:55:29.543174+00:00,full
51,7438,7463,temporal,0.7020104559073412,temporal,ARM_B,0.2,0,0.0,491.225,False,10,2026-08-18T15:55:08.124579+00:00,2026-08-18T15:55:29.543174+00:00,full
52,2940,2944,temporal,0.7021065386032972,temporal,ARM_A,0.0,1,0.2,31.241,False,5,2026-08-18T15:55:08.124579+00:00,2026-08-18T15:55:30.295808+00:00,full
52,2940,2944,temporal,0.7021065386032972,temporal,ARM_B,0.2,1,0.2,5.804,False,5,2026-08-18T15:55:08.124579+00:00,2026-08-18T15:55:30.295808+00:00,full
53,3027,3030,temporal,0.7021342097440846,temporal,ARM_A,0.0,0,0.0,20.317,False,9,2026-08-18T15:55:08.124579+00:00,2026-08-18T15:55:30.535968+00:00,full
53,3027,3030,temporal,0.7021342097440846,temporal,ARM_B,0.2,0,0.0,6.592,False,9,2026-08-18T15:55:08.124579+00:00,2026-08-18T15:55:30.535968+00:00,full
54,3628,3635,temporal,0.7021645161754665,temporal,ARM_A,0.0,0,0.0,10.943,False,10,2026-08-18T15:55:08.124579+00:00,2026-08-18T15:55:30.764193+00:00,full
54,3628,3635,temporal,0.7021645161754665,temporal,ARM_B,0.2,0,0.0,6.257,False,10,2026-08-18T15:55:08.124579+00:00,2026-08-18T15:55:30.764193+00:00,full
55,7391,7392,temporal,0.7021835833137188,temporal,ARM_A,0.0,1,0.3333333333333333,27.094,False,10,2026-08-18T15:55:08.124579+00:00,2026-08-18T15:55:30.983058+00:00,full
55,7391,7392,temporal,0.7021835833137188,temporal,ARM_B,0.2,1,0.5,6.375,False,10,2026-08-18T15:55:08.124579+00:00,2026-08-18T15:55:30.983058+00:00,full
56,7391,7392,temporal,0.7021835833137188,temporal,ARM_A,0.0,1,0.3333333333333333,6.612,False,10,2026-08-18T15:55:08.124579+00:00,2026-08-18T15:55:31.218050+00:00,full
56,7391,7392,temporal,0.7021835833137188,temporal,ARM_B,0.2,1,0.5,5.683,False,10,2026-08-18T15:55:08.124579+00:00,2026-08-18T15:55:31.218050+00:00,full
57,7432,7435,temporal,0.7022218977079927,temporal,ARM_A,0.0,1,1.0,13.269,False,10,2026-08-18T15:55:08.124579+00:00,2026-08-18T15:55:31.431140+00:00,full
57,7432,7435,temporal,0.7022218977079927,temporal,ARM_B,0.2,1,1.0,186.915,False,10,2026-08-18T15:55:08.124579+00:00,2026-08-18T15:55:31.431140+00:00,full
58,6261,6539,temporal,0.7023202035308216,temporal,ARM_A,0.0,0,0.0,47.914,False,1,2026-08-18T15:55:08.124579+00:00,2026-08-18T15:55:31.833283+00:00,full
58,6261,6539,temporal,0.7023202035308216,temporal,ARM_B,0.2,0,0.0,9.563,False,1,2026-08-18T15:55:08.124579+00:00,2026-08-18T15:55:31.833283+00:00,full
59,7528,7587,temporal,0.7023467034800861,temporal,ARM_A,0.0,1,0.1111111111111111,11.776,False,10,2026-08-18T15:55:08.124579+00:00,2026-08-18T15:55:32.092410+00:00,full
59,7528,7587,temporal,0.7023467034800861,temporal,ARM_B,0.2,1,0.125,2015.419,False,10,2026-08-18T15:55:08.124579+00:00,2026-08-18T15:55:32.092410+00:00,full
60,7445,7527,temporal,0.7023938330168007,temporal,ARM_A,0.0,1,0.25,50.48,False,10,2026-08-18T15:55:08.124579+00:00,2026-08-18T15:55:34.327071+00:00,full
60,7445,7527,temporal,0.7023938330168007,temporal,ARM_B,0.2,1,0.25,235.295,False,10,2026-08-18T15:55:08.124579+00:00,2026-08-18T15:55:34.327071+00:00,full
61,4318,4331,temporal,0.7025669394393712,temporal,ARM_A,0.0,0,0.0,29.84,False,4,2026-08-18T15:55:08.124579+00:00,2026-08-18T15:55:34.815193+00:00,full
61,4318,4331,temporal,0.7025669394393712,temporal,ARM_B,0.2,0,0.0,7.922,False,4,2026-08-18T15:55:08.124579+00:00,2026-08-18T15:55:34.815193+00:00,full
62,3118,3120,temporal,0.7026149807801967,temporal,ARM_A,0.0,0,0.0,81.295,False,2,2026-08-18T15:55:08.124579+00:00,2026-08-18T15:55:35.055112+00:00,full
62,3118,3120,temporal,0.7026149807801967,temporal,ARM_B,0.2,0,0.0,4.21,False,2,2026-08-18T15:55:08.124579+00:00,2026-08-18T15:55:35.055112+00:00,full
63,4130,4142,temporal,0.7026437553146861,temporal,ARM_A,0.0,1,0.25,89.899,False,10,2026-08-18T15:55:08.124579+00:00,2026-08-18T15:55:35.343229+00:00,full
63,4130,4142,temporal,0.7026437553146861,temporal,ARM_B,0.2,1,0.3333333333333333,15.349,False,10,2026-08-18T15:55:08.124579+00:00,2026-08-18T15:55:35.343229+00:00,full
64,3764,3766,temporal,0.7026653918026766,temporal,ARM_A,0.0,1,0.25,39.327,False,10,2026-08-18T15:55:08.124579+00:00,2026-08-18T15:55:35.650086+00:00,full
64,3764,3766,temporal,0.7026653918026766,temporal,ARM_B,0.2,1,0.25,3.987,False,10,2026-08-18T15:55:08.124579+00:00,2026-08-18T15:55:35.650086+00:00,full
65,7400,7402,temporal,0.7027109861373901,temporal,ARM_A,0.0,0,0.0,208.696,False,10,2026-08-18T15:55:08.124579+00:00,2026-08-18T15:55:35.894252+00:00,full
65,7400,7402,temporal,0.7027109861373901,temporal,ARM_B,0.2,0,0.0,6.33,False,10,2026-08-18T15:55:08.124579+00:00,2026-08-18T15:55:35.894252+00:00,full
66,7450,7603,temporal,0.7027195514869422,temporal,ARM_A,0.0,0,0.0,284.555,False,10,2026-08-18T15:55:08.124579+00:00,2026-08-18T15:55:36.311414+00:00,full
66,7450,7603,temporal,0.7027195514869422,temporal,ARM_B,0.2,0,0.0,1611.541,False,10,2026-08-18T15:55:08.124579+00:00,2026-08-18T15:55:36.311414+00:00,full
67,7463,7606,temporal,0.7027523936481823,temporal,ARM_A,0.0,1,0.2,10.36,False,10,2026-08-18T15:55:08.124579+00:00,2026-08-18T15:55:38.410275+00:00,full
67,7463,7606,temporal,0.7027523936481823,temporal,ARM_B,0.2,1,0.25,136.447,False,10,2026-08-18T15:55:08.124579+00:00,2026-08-18T15:55:38.410275+00:00,full
68,7628,7635,temporal,0.7028841199210074,temporal,ARM_A,0.0,1,0.14285714285714285,161.564,False,10,2026-08-18T15:55:08.124579+00:00,2026-08-18T15:55:38.759050+00:00,full
68,7628,7635,temporal,0.7028841199210074,temporal,ARM_B,0.2,1,0.2,12.614,False,10,2026-08-18T15:55:08.124579+00:00,2026-08-18T15:55:38.759050+00:00,full
69,7632,7636,temporal,0.7029228033377424,temporal,ARM_A,0.0,0,0.0,104.548,False,10,2026-08-18T15:55:08.124579+00:00,2026-08-18T15:55:39.136247+00:00,full
69,7632,7636,temporal,0.7029228033377424,temporal,ARM_B,0.2,1,0.14285714285714285,12.46,False,10,2026-08-18T15:55:08.124579+00:00,2026-08-18T15:55:39.136247+00:00,full
70,7632,7636,temporal,0.7029228033377424,temporal,ARM_A,0.0,0,0.0,3.918,False,10,2026-08-18T15:55:08.124579+00:00,2026-08-18T15:55:39.456987+00:00,full
70,7632,7636,temporal,0.7029228033377424,temporal,ARM_B,0.2,1,0.14285714285714285,8.172,False,10,2026-08-18T15:55:08.124579+00:00,2026-08-18T15:55:39.456987+00:00,full
71,3836,3837,temporal,0.7029381990432739,temporal,ARM_A,0.0,1,0.25,118.788,False,10,2026-08-18T15:55:08.124579+00:00,2026-08-18T15:55:39.671797+00:00,full
71,3836,3837,temporal,0.7029381990432739,temporal,ARM_B,0.2,1,0.25,780.587,False,10,2026-08-18T15:55:08.124579+00:00,2026-08-18T15:55:39.671797+00:00,full
72,7450,7539,temporal,0.7030924768177416,temporal,ARM_A,0.0,0,0.0,79.284,False,10,2026-08-18T15:55:08.124579+00:00,2026-08-18T15:55:40.775012+00:00,full
72,7450,7539,temporal,0.7030924768177416,temporal,ARM_B,0.2,0,0.0,1500.647,False,10,2026-08-18T15:55:08.124579+00:00,2026-08-18T15:55:40.775012+00:00,full
73,7412,7414,temporal,0.7032979792293286,temporal,ARM_A,0.0,1,0.16666666666666666,79.92,False,10,2026-08-18T15:55:08.124579+00:00,2026-08-18T15:55:42.559446+00:00,full
73,7412,7414,temporal,0.7032979792293286,temporal,ARM_B,0.2,1,0.25,7.733,False,10,2026-08-18T15:55:08.124579+00:00,2026-08-18T15:55:42.559446+00:00,full
74,7412,7414,temporal,0.7032979792293286,temporal,ARM_A,0.0,1,0.16666666666666666,6.659,False,10,2026-08-18T15:55:08.124579+00:00,2026-08-18T15:55:42.849004+00:00,full
74,7412,7414,temporal,0.7032979792293286,temporal,ARM_B,0.2,1,0.25,7.506,False,10,2026-08-18T15:55:08.124579+00:00,2026-08-18T15:55:42.849004+00:00,full
75,7684,7689,temporal,0.7033668998917272,temporal,ARM_A,0.0,1,0.16666666666666666,34.481,False,10,2026-08-18T15:55:08.124579+00:00,2026-08-18T15:55:43.065105+00:00,full
75,7684,7689,temporal,0.7033668998917272,temporal,ARM_B,0.2,1,0.2,8.17,False,10,2026-08-18T15:55:08.124579+00:00,2026-08-18T15:55:43.065105+00:00,full
76,7684,7689,temporal,0.7033668998917272,temporal,ARM_A,0.0,1,0.16666666666666666,5.873,False,10,2026-08-18T15:55:08.124579+00:00,2026-08-18T15:55:43.309342+00:00,full
76,7684,7689,temporal,0.7033668998917272,temporal,ARM_B,0.2,1,0.2,4.08,False,10,2026-08-18T15:55:08.124579+00:00,2026-08-18T15:55:43.309342+00:00,full
77,6042,6296,temporal,0.7033686493886563,temporal,ARM_A,0.0,0,0.0,18.738,False,1,2026-08-18T15:55:08.124579+00:00,2026-08-18T15:55:43.521080+00:00,full
77,6042,6296,temporal,0.7033686493886563,temporal,ARM_B,0.2,0,0.0,4.578,False,1,2026-08-18T15:55:08.124579+00:00,2026-08-18T15:55:43.521080+00:00,full
78,7421,7425,temporal,0.7034634771027266,temporal,ARM_A,0.0,1,0.2,13.796,False,10,2026-08-18T15:55:08.124579+00:00,2026-08-18T15:55:43.746206+00:00,full
78,7421,7425,temporal,0.7034634771027266,temporal,ARM_B,0.2,1,0.3333333333333333,5.568,False,10,2026-08-18T15:55:08.124579+00:00,2026-08-18T15:55:43.746206+00:00,full
79,7421,7425,temporal,0.7034634771027266,temporal,ARM_A,0.0,1,0.2,5.026,False,10,2026-08-18T15:55:08.124579+00:00,2026-08-18T15:55:43.971243+00:00,full
79,7421,7425,temporal,0.7034634771027266,temporal,ARM_B,0.2,1,0.3333333333333333,4.032,False,10,2026-08-18T15:55:08.124579+00:00,2026-08-18T15:55:43.971243+00:00,full
80,3105,3109,temporal,0.7034672675450298,temporal,ARM_A,0.0,0,0.0,20.264,False,1,2026-08-18T15:55:08.124579+00:00,2026-08-18T15:55:44.182165+00:00,full
80,3105,3109,temporal,0.7034672675450298,temporal,ARM_B,0.2,0,0.0,5.233,False,1,2026-08-18T15:55:08.124579+00:00,2026-08-18T15:55:44.182165+00:00,full
81,7116,7141,temporal,0.7035149964852631,temporal,ARM_A,0.0,0,0.0,94.677,False,0,2026-08-18T15:55:08.124579+00:00,2026-08-18T15:55:44.410189+00:00,full
81,7116,7141,temporal,0.7035149964852631,temporal,ARM_B,0.2,0,0.0,26.234,False,0,2026-08-18T15:55:08.124579+00:00,2026-08-18T15:55:44.410189+00:00,full
82,6117,6287,temporal,0.7035951195004524,temporal,ARM_A,0.0,0,0.0,38.368,False,0,2026-08-18T15:55:08.124579+00:00,2026-08-18T15:55:44.736651+00:00,full
82,6117,6287,temporal,0.7035951195004524,temporal,ARM_B,0.2,0,0.0,17.507,False,0,2026-08-18T15:55:08.124579+00:00,2026-08-18T15:55:44.736651+00:00,full
83,7438,7480,temporal,0.7036447204802375,temporal,ARM_A,0.0,1,0.1,72.252,False,10,2026-08-18T15:55:08.124579+00:00,2026-08-18T15:55:44.996774+00:00,full
83,7438,7480,temporal,0.7036447204802375,temporal,ARM_B,0.2,1,0.1,1462.634,False,10,2026-08-18T15:55:08.124579+00:00,2026-08-18T15:55:44.996774+00:00,full
84,7563,7564,temporal,0.7036457723937932,temporal,ARM_A,0.0,1,0.1,37.62,False,10,2026-08-18T15:55:08.124579+00:00,2026-08-18T15:55:46.735575+00:00,full
84,7563,7564,temporal,0.7036457723937932,temporal,ARM_B,0.2,1,0.1111111111111111,115.6,False,10,2026-08-18T15:55:08.124579+00:00,2026-08-18T15:55:46.735575+00:00,full
85,7563,7564,temporal,0.7036457723937932,temporal,ARM_A,0.0,1,0.1,8.777,False,10,2026-08-18T15:55:08.124579+00:00,2026-08-18T15:55:47.090983+00:00,full
85,7563,7564,temporal,0.7036457723937932,temporal,ARM_B,0.2,1,0.1111111111111111,140.78,False,10,2026-08-18T15:55:08.124579+00:00,2026-08-18T15:55:47.090983+00:00,full
86,3579,3605,temporal,0.7036910752421525,temporal,ARM_A,0.0,0,0.0,25.682,False,5,2026-08-18T15:55:08.124579+00:00,2026-08-18T15:55:47.443188+00:00,full
86,3579,3605,temporal,0.7036910752421525,temporal,ARM_B,0.2,0,0.0,9.65,False,5,2026-08-18T15:55:08.124579+00:00,2026-08-18T15:55:47.443188+00:00,full
87,7614,7615,temporal,0.7037328305085213,temporal,ARM_A,0.0,1,0.125,63.174,False,10,2026-08-18T15:55:08.124579+00:00,2026-08-18T15:55:47.681048+00:00,full
87,7614,7615,temporal,0.7037328305085213,temporal,ARM_B,0.2,1,0.16666666666666666,35.113,False,10,2026-08-18T15:55:08.124579+00:00,2026-08-18T15:55:47.681048+00:00,full
88,7614,7615,temporal,0.7037328305085213,temporal,ARM_A,0.0,1,0.125,13.147,False,10,2026-08-18T15:55:08.124579+00:00,2026-08-18T15:55:47.982010+00:00,full
88,7614,7615,temporal,0.7037328305085213,temporal,ARM_B,0.2,1,0.16666666666666666,15.49,False,10,2026-08-18T15:55:08.124579+00:00,2026-08-18T15:55:47.982010+00:00,full
89,7421,7422,temporal,0.703734475151631,temporal,ARM_A,0.0,1,0.125,10.988,False,10,2026-08-18T15:55:08.124579+00:00,2026-08-18T15:55:48.214227+00:00,full
89,7421,7422,temporal,0.703734475151631,temporal,ARM_B,0.2,1,0.2,8.63,False,10,2026-08-18T15:55:08.124579+00:00,2026-08-18T15:55:48.214227+00:00,full
90,7421,7422,temporal,0.703734475151631,temporal,ARM_A,0.0,1,0.125,7.449,False,10,2026-08-18T15:55:08.124579+00:00,2026-08-18T15:55:48.436075+00:00,full
90,7421,7422,temporal,0.703734475151631,temporal,ARM_B,0.2,1,0.2,151.083,False,10,2026-08-18T15:55:08.124579+00:00,2026-08-18T15:55:48.436075+00:00,full
91,3135,3137,temporal,0.7037595929956206,temporal,ARM_A,0.0,0,0.0,26.786,False,3,2026-08-18T15:55:08.124579+00:00,2026-08-18T15:55:48.796989+00:00,full
91,3135,3137,temporal,0.7037595929956206,temporal,ARM_B,0.2,0,0.0,10.331,False,3,2026-08-18T15:55:08.124579+00:00,2026-08-18T15:55:48.796989+00:00,full
92,7526,7528,temporal,0.7037722678116642,temporal,ARM_A,0.0,1,0.25,31.573,False,10,2026-08-18T15:55:08.124579+00:00,2026-08-18T15:55:49.041798+00:00,full
92,7526,7528,temporal,0.7037722678116642,temporal,ARM_B,0.2,1,0.3333333333333333,132.085,False,10,2026-08-18T15:55:08.124579+00:00,2026-08-18T15:55:49.041798+00:00,full
93,7526,7528,temporal,0.7037722678116642,temporal,ARM_A,0.0,1,0.25,4.398,False,10,2026-08-18T15:55:08.124579+00:00,2026-08-18T15:55:49.406983+00:00,full
93,7526,7528,temporal,0.7037722678116642,temporal,ARM_B,0.2,1,0.3333333333333333,50.11,False,10,2026-08-18T15:55:08.124579+00:00,2026-08-18T15:55:49.406983+00:00,full
94,3123,3125,temporal,0.7037877970121282,temporal,ARM_A,0.0,0,0.0,101.849,False,10,2026-08-18T15:55:08.124579+00:00,2026-08-18T15:55:49.663011+00:00,full
94,3123,3125,temporal,0.7037877970121282,temporal,ARM_B,0.2,0,0.0,9.696,False,10,2026-08-18T15:55:08.124579+00:00,2026-08-18T15:55:49.663011+00:00,full
95,4383,4388,temporal,0.7038783221281103,temporal,ARM_A,0.0,1,0.3333333333333333,137.394,False,10,2026-08-18T15:55:08.124579+00:00,2026-08-18T15:55:49.979147+00:00,full
95,4383,4388,temporal,0.7038783221281103,temporal,ARM_B,0.2,1,0.5,90.357,False,10,2026-08-18T15:55:08.124579+00:00,2026-08-18T15:55:49.979147+00:00,full
96,4383,4388,temporal,0.7038783221281103,temporal,ARM_A,0.0,1,0.3333333333333333,7.729,False,10,2026-08-18T15:55:08.124579+00:00,2026-08-18T15:55:50.409474+00:00,full
96,4383,4388,temporal,0.7038783221281103,temporal,ARM_B,0.2,1,0.5,13.273,False,10,2026-08-18T15:55:08.124579+00:00,2026-08-18T15:55:50.409474+00:00,full
97,6300,6476,temporal,0.7038828840534963,temporal,ARM_A,0.0,0,0.0,602.312,False,3,2026-08-18T15:55:08.124579+00:00,2026-08-18T15:55:50.631840+00:00,full
97,6300,6476,temporal,0.7038828840534963,temporal,ARM_B,0.2,0,0.0,17.053,False,3,2026-08-18T15:55:08.124579+00:00,2026-08-18T15:55:50.631840+00:00,full
98,2921,2926,temporal,0.7039919495582581,temporal,ARM_A,0.0,0,0.0,67.936,False,10,2026-08-18T15:55:08.124579+00:00,2026-08-18T15:55:51.456116+00:00,full
98,2921,2926,temporal,0.7039919495582581,temporal,ARM_B,0.2,0,0.0,33.638,False,10,2026-08-18T15:55:08.124579+00:00,2026-08-18T15:55:51.456116+00:00,full
99,2921,2926,temporal,0.7039919495582581,temporal,ARM_A,0.0,0,0.0,35.304,False,10,2026-08-18T15:55:08.124579+00:00,2026-08-18T15:55:51.760308+00:00,full
99,2921,2926,temporal,0.7039919495582581,temporal,ARM_B,0.2,0,0.0,28.375,False,10,2026-08-18T15:55:08.124579+00:00,2026-08-18T15:55:51.760308+00:00,full
100,7459,7500,temporal,0.7040654177587726,temporal,ARM_A,0.0,1,0.16666666666666666,112.419,False,10,2026-08-18T15:55:08.124579+00:00,2026-08-18T15:55:52.029079+00:00,full
100,7459,7500,temporal,0.7040654177587726,temporal,ARM_B,0.2,1,0.2,650.987,False,10,2026-08-18T15:55:08.124579+00:00,2026-08-18T15:55:52.029079+00:00,full
101,3495,3515,temporal,0.7041465992752791,temporal,ARM_A,0.0,0,0.0,208.566,False,1,2026-08-18T15:55:08.124579+00:00,2026-08-18T15:55:52.994117+00:00,full
101,3495,3515,temporal,0.7041465992752791,temporal,ARM_B,0.2,0,0.0,14.858,False,1,2026-08-18T15:55:08.124579+00:00,2026-08-18T15:55:52.994117+00:00,full
102,3025,3029,temporal,0.70414678479116,temporal,ARM_A,0.0,0,0.0,27.637,False,2,2026-08-18T15:55:08.124579+00:00,2026-08-18T15:55:53.420067+00:00,full
102,3025,3029,temporal,0.70414678479116,temporal,ARM_B,0.2,0,0.0,3.83,False,2,2026-08-18T15:55:08.124579+00:00,2026-08-18T15:55:53.420067+00:00,full
103,7064,7141,temporal,0.7041500630468168,temporal,ARM_A,0.0,0,0.0,13.507,False,1,2026-08-18T15:55:08.124579+00:00,2026-08-18T15:55:53.653559+00:00,full
103,7064,7141,temporal,0.7041500630468168,temporal,ARM_B,0.2,0,0.0,5.157,False,1,2026-08-18T15:55:08.124579+00:00,2026-08-18T15:55:53.653559+00:00,full
104,4593,4598,temporal,0.704170892761294,temporal,ARM_A,0.0,1,0.25,44.998,False,10,2026-08-18T15:55:08.124579+00:00,2026-08-18T15:55:53.875619+00:00,full
104,4593,4598,temporal,0.704170892761294,temporal,ARM_B,0.2,1,0.25,20.127,False,10,2026-08-18T15:55:08.124579+00:00,2026-08-18T15:55:53.875619+00:00,full
105,4593,4598,temporal,0.704170892761294,temporal,ARM_A,0.0,1,0.25,9.349,False,10,2026-08-18T15:55:08.124579+00:00,2026-08-18T15:55:54.150529+00:00,full
105,4593,4598,temporal,0.704170892761294,temporal,ARM_B,0.2,1,0.25,7.988,False,10,2026-08-18T15:55:08.124579+00:00,2026-08-18T15:55:54.150529+00:00,full
106,7528,7612,temporal,0.7042342491568885,temporal,ARM_A,0.0,1,0.14285714285714285,7.732,False,10,2026-08-18T15:55:08.124579+00:00,2026-08-18T15:55:54.370002+00:00,full
106,7528,7612,temporal,0.7042342491568885,temporal,ARM_B,0.2,1,0.16666666666666666,358.98,False,10,2026-08-18T15:55:08.124579+00:00,2026-08-18T15:55:54.370002+00:00,full
107,7551,7560,temporal,0.7042651109221392,temporal,ARM_A,0.0,0,0.0,26.338,False,10,2026-08-18T15:55:08.124579+00:00,2026-08-18T15:55:54.938554+00:00,full
107,7551,7560,temporal,0.7042651109221392,temporal,ARM_B,0.2,0,0.0,60.789,False,10,2026-08-18T15:55:08.124579+00:00,2026-08-18T15:55:54.938554+00:00,full
108,7430,7470,temporal,0.7042669410387398,temporal,ARM_A,0.0,1,0.16666666666666666,28.189,False,10,2026-08-18T15:55:08.124579+00:00,2026-08-18T15:55:55.228067+00:00,full
108,7430,7470,temporal,0.7042669410387398,temporal,ARM_B,0.2,1,0.25,182.512,False,10,2026-08-18T15:55:08.124579+00:00,2026-08-18T15:55:55.228067+00:00,full
109,7459,7527,temporal,0.70439107987934,temporal,ARM_A,0.0,1,0.3333333333333333,9.728,False,10,2026-08-18T15:55:08.124579+00:00,2026-08-18T15:55:55.641042+00:00,full
109,7459,7527,temporal,0.70439107987934,temporal,ARM_B,0.2,1,0.5,776.811,False,10,2026-08-18T15:55:08.124579+00:00,2026-08-18T15:55:55.641042+00:00,full
110,7709,7712,temporal,0.7043943405151367,temporal,ARM_A,0.0,1,0.1111111111111111,90.307,False,10,2026-08-18T15:55:08.124579+00:00,2026-08-18T15:55:56.627515+00:00,full
110,7709,7712,temporal,0.7043943405151367,temporal,ARM_B,0.2,1,0.3333333333333333,5.587,False,10,2026-08-18T15:55:08.124579+00:00,2026-08-18T15:55:56.627515+00:00,full
111,7482,7518,temporal,0.704447612829151,temporal,ARM_A,0.0,0,0.0,177.288,False,10,2026-08-18T15:55:08.124579+00:00,2026-08-18T15:55:56.928985+00:00,full
111,7482,7518,temporal,0.704447612829151,temporal,ARM_B,0.2,1,0.2,418.562,False,10,2026-08-18T15:55:08.124579+00:00,2026-08-18T15:55:56.928985+00:00,full
112,6250,6539,temporal,0.7044944377092852,temporal,ARM_A,0.0,0,0.0,85.837,False,0,2026-08-18T15:55:08.124579+00:00,2026-08-18T15:55:57.726198+00:00,full
112,6250,6539,temporal,0.7044944377092852,temporal,ARM_B,0.2,0,0.0,12.173,False,0,2026-08-18T15:55:08.124579+00:00,2026-08-18T15:55:57.726198+00:00,full
113,5705,5742,temporal,0.7044980458322694,temporal,ARM_A,0.0,0,0.0,50.019,False,1,2026-08-18T15:55:08.124579+00:00,2026-08-18T15:55:58.026124+00:00,full
113,5705,5742,temporal,0.7044980458322694,temporal,ARM_B,0.2,0,0.0,4.263,False,1,2026-08-18T15:55:08.124579+00:00,2026-08-18T15:55:58.026124+00:00,full
114,3141,3145,temporal,0.7045168700526292,temporal,ARM_A,0.0,0,0.0,22.232,False,5,2026-08-18T15:55:08.124579+00:00,2026-08-18T15:55:58.282340+00:00,full
114,3141,3145,temporal,0.7045168700526292,temporal,ARM_B,0.2,0,0.0,8.804,False,5,2026-08-18T15:55:08.124579+00:00,2026-08-18T15:55:58.282340+00:00,full
115,5652,5766,temporal,0.7045661211013844,temporal,ARM_A,0.0,0,0.0,22.855,False,0,2026-08-18T15:55:08.124579+00:00,2026-08-18T15:55:58.515402+00:00,full
115,5652,5766,temporal,0.7045661211013844,temporal,ARM_B,0.2,0,0.0,13.452,False,0,2026-08-18T15:55:08.124579+00:00,2026-08-18T15:55:58.515402+00:00,full
116,2850,2862,temporal,0.7046038508415272,temporal,ARM_A,0.0,1,0.16666666666666666,30.772,False,10,2026-08-18T15:55:08.124579+00:00,2026-08-18T15:55:58.756563+00:00,full
116,2850,2862,temporal,0.7046038508415272,temporal,ARM_B,0.2,1,0.5,12.722,False,10,2026-08-18T15:55:08.124579+00:00,2026-08-18T15:55:58.756563+00:00,full
117,7451,7599,temporal,0.7046688829066379,temporal,ARM_A,0.0,1,0.1,54.231,False,10,2026-08-18T15:55:08.124579+00:00,2026-08-18T15:55:59.003820+00:00,full
117,7451,7599,temporal,0.7046688829066379,temporal,ARM_B,0.2,1,0.1111111111111111,333.71,False,10,2026-08-18T15:55:08.124579+00:00,2026-08-18T15:55:59.003820+00:00,full
118,7496,7532,temporal,0.704690877022524,temporal,ARM_A,0.0,1,0.25,40.431,False,10,2026-08-18T15:55:08.124579+00:00,2026-08-18T15:55:59.595705+00:00,full
118,7496,7532,temporal,0.704690877022524,temporal,ARM_B,0.2,1,0.25,213.257,False,10,2026-08-18T15:55:08.124579+00:00,2026-08-18T15:55:59.595705+00:00,full
119,7446,7481,temporal,0.7047181901503701,temporal,ARM_A,0.0,0,0.0,21.563,False,10,2026-08-18T15:55:08.124579+00:00,2026-08-18T15:56:00.052113+00:00,full
119,7446,7481,temporal,0.7047181901503701,temporal,ARM_B,0.2,0,0.0,1244.199,False,10,2026-08-18T15:55:08.124579+00:00,2026-08-18T15:56:00.052113+00:00,full
120,2822,2826,temporal,0.70476273582093,temporal,ARM_A,0.0,0,0.0,68.683,False,0,2026-08-18T15:55:08.124579+00:00,2026-08-18T15:56:01.522833+00:00,full
120,2822,2826,temporal,0.70476273582093,temporal,ARM_B,0.2,0,0.0,9.603,False,0,2026-08-18T15:55:08.124579+00:00,2026-08-18T15:56:01.522833+00:00,full
121,7433,7580,temporal,0.704766820159596,temporal,ARM_A,0.0,1,0.125,18.306,False,10,2026-08-18T15:55:08.124579+00:00,2026-08-18T15:56:01.802159+00:00,full
121,7433,7580,temporal,0.704766820159596,temporal,ARM_B,0.2,1,0.14285714285714285,914.711,False,10,2026-08-18T15:55:08.124579+00:00,2026-08-18T15:56:01.802159+00:00,full
122,4281,4291,temporal,0.7049045352666247,temporal,ARM_A,0.0,0,0.0,95.805,False,4,2026-08-18T15:55:08.124579+00:00,2026-08-18T15:56:02.937253+00:00,full
122,4281,4291,temporal,0.7049045352666247,temporal,ARM_B,0.2,0,0.0,10.957,False,4,2026-08-18T15:55:08.124579+00:00,2026-08-18T15:56:02.937253+00:00,full
123,2960,2964,temporal,0.7049419352308408,temporal,ARM_A,0.0,0,0.0,70.07,False,10,2026-08-18T15:55:08.124579+00:00,2026-08-18T15:56:03.246465+00:00,full
123,2960,2964,temporal,0.7049419352308408,temporal,ARM_B,0.2,0,0.0,19.651,False,10,2026-08-18T15:55:08.124579+00:00,2026-08-18T15:56:03.246465+00:00,full
124,2960,2964,temporal,0.7049419352308408,temporal,ARM_A,0.0,0,0.0,10.23,False,10,2026-08-18T15:55:08.124579+00:00,2026-08-18T15:56:03.540978+00:00,full
124,2960,2964,temporal,0.7049419352308408,temporal,ARM_B,0.2,0,0.0,13.578,False,10,2026-08-18T15:55:08.124579+00:00,2026-08-18T15:56:03.540978+00:00,full
125,7512,7514,temporal,0.7049581652829844,temporal,ARM_A,0.0,0,0.0,71.225,False,10,2026-08-18T15:55:08.124579+00:00,2026-08-18T15:56:03.770199+00:00,full
125,7512,7514,temporal,0.7049581652829844,temporal,ARM_B,0.2,1,0.2,294.301,False,10,2026-08-18T15:55:08.124579+00:00,2026-08-18T15:56:03.770199+00:00,full
126,7512,7514,temporal,0.7049581652829844,temporal,ARM_A,0.0,0,0.0,15.78,False,10,2026-08-18T15:55:08.124579+00:00,2026-08-18T15:56:04.338279+00:00,full
126,7512,7514,temporal,0.7049581652829844,temporal,ARM_B,0.2,1,0.2,138.127,False,10,2026-08-18T15:55:08.124579+00:00,2026-08-18T15:56:04.338279+00:00,full
127,4560,4566,temporal,0.7049680772404717,temporal,ARM_A,0.0,1,0.3333333333333333,67.77,False,10,2026-08-18T15:55:08.124579+00:00,2026-08-18T15:56:04.694308+00:00,full
127,4560,4566,temporal,0.7049680772404717,temporal,ARM_B,0.2,1,0.3333333333333333,16.408,False,10,2026-08-18T15:55:08.124579+00:00,2026-08-18T15:56:04.694308+00:00,full
128,7655,7656,temporal,0.704988956451416,temporal,ARM_A,0.0,1,0.25,132.749,False,10,2026-08-18T15:55:08.124579+00:00,2026-08-18T15:56:04.981055+00:00,full
128,7655,7656,temporal,0.704988956451416,temporal,ARM_B,0.2,1,0.3333333333333333,98.424,False,10,2026-08-18T15:55:08.124579+00:00,2026-08-18T15:56:04.981055+00:00,full
129,7655,7656,temporal,0.704988956451416,temporal,ARM_A,0.0,1,0.25,12.641,False,10,2026-08-18T15:55:08.124579+00:00,2026-08-18T15:56:05.417100+00:00,full
129,7655,7656,temporal,0.704988956451416,temporal,ARM_B,0.2,1,0.3333333333333333,173.177,False,10,2026-08-18T15:55:08.124579+00:00,2026-08-18T15:56:05.417100+00:00,full
130,7052,7140,temporal,0.70509652525762,temporal,ARM_A,0.0,0,0.0,16.05,False,1,2026-08-18T15:55:08.124579+00:00,2026-08-18T15:56:05.804172+00:00,full
130,7052,7140,temporal,0.70509652525762,temporal,ARM_B,0.2,0,0.0,5.94,False,1,2026-08-18T15:55:08.124579+00:00,2026-08-18T15:56:05.804172+00:00,full
131,7500,7527,temporal,0.7051485356599978,temporal,ARM_A,0.0,1,0.5,24.281,False,10,2026-08-18T15:55:08.124579+00:00,2026-08-18T15:56:06.028079+00:00,full
131,7500,7527,temporal,0.7051485356599978,temporal,ARM_B,0.2,1,0.5,253.038,False,10,2026-08-18T15:55:08.124579+00:00,2026-08-18T15:56:06.028079+00:00,full
132,4362,4364,temporal,0.7052897810935974,temporal,ARM_A,0.0,0,0.0,10.256,False,10,2026-08-18T15:55:08.124579+00:00,2026-08-18T15:56:06.507096+00:00,full
132,4362,4364,temporal,0.7052897810935974,temporal,ARM_B,0.2,0,0.0,10.045,False,10,2026-08-18T15:55:08.124579+00:00,2026-08-18T15:56:06.507096+00:00,full
133,4576,4580,temporal,0.7054501000315023,temporal,ARM_A,0.0,1,0.3333333333333333,20.446,False,10,2026-08-18T15:55:08.124579+00:00,2026-08-18T15:56:06.729132+00:00,full
133,4576,4580,temporal,0.7054501000315023,temporal,ARM_B,0.2,1,0.5,8.081,False,10,2026-08-18T15:55:08.124579+00:00,2026-08-18T15:56:06.729132+00:00,full
134,4576,4580,temporal,0.7054501000315023,temporal,ARM_A,0.0,1,0.3333333333333333,7.793,False,10,2026-08-18T15:55:08.124579+00:00,2026-08-18T15:56:06.959989+00:00,full
134,4576,4580,temporal,0.7054501000315023,temporal,ARM_B,0.2,1,0.5,9.654,False,10,2026-08-18T15:55:08.124579+00:00,2026-08-18T15:56:06.959989+00:00,full
135,7616,7624,temporal,0.7055373963393345,temporal,ARM_A,0.0,1,0.1,42.632,False,10,2026-08-18T15:55:08.124579+00:00,2026-08-18T15:56:07.179789+00:00,full
135,7616,7624,temporal,0.7055373963393345,temporal,ARM_B,0.2,1,0.125,15.396,False,10,2026-08-18T15:55:08.124579+00:00,2026-08-18T15:56:07.179789+00:00,full
136,3845,3857,temporal,0.705540657043457,temporal,ARM_A,0.0,1,0.25,29.398,False,10,2026-08-18T15:55:08.124579+00:00,2026-08-18T15:56:07.439090+00:00,full
136,3845,3857,temporal,0.705540657043457,temporal,ARM_B,0.2,1,0.25,435.756,False,10,2026-08-18T15:55:08.124579+00:00,2026-08-18T15:56:07.439090+00:00,full
137,3119,3122,temporal,0.7055509931506111,temporal,ARM_A,0.0,0,0.0,14.357,False,2,2026-08-18T15:55:08.124579+00:00,2026-08-18T15:56:08.106331+00:00,full
137,3119,3122,temporal,0.7055509931506111,temporal,ARM_B,0.2,0,0.0,3.992,False,2,2026-08-18T15:55:08.124579+00:00,2026-08-18T15:56:08.106331+00:00,full
138,2957,2965,temporal,0.7056279392727598,temporal,ARM_A,0.0,0,0.0,44.748,False,2,2026-08-18T15:55:08.124579+00:00,2026-08-18T15:56:08.327133+00:00,full
138,2957,2965,temporal,0.7056279392727598,temporal,ARM_B,0.2,0,0.0,7.339,False,2,2026-08-18T15:55:08.124579+00:00,2026-08-18T15:56:08.327133+00:00,full
139,6263,6539,temporal,0.705649498610154,temporal,ARM_A,0.0,0,0.0,43.565,False,1,2026-08-18T15:55:08.124579+00:00,2026-08-18T15:56:08.580344+00:00,full
139,6263,6539,temporal,0.705649498610154,temporal,ARM_B,0.2,0,0.0,19.062,False,1,2026-08-18T15:55:08.124579+00:00,2026-08-18T15:56:08.580344+00:00,full
140,7522,7574,temporal,0.7058986846148296,temporal,ARM_A,0.0,1,0.1111111111111111,56.432,False,10,2026-08-18T15:55:08.124579+00:00,2026-08-18T15:56:08.846543+00:00,full
140,7522,7574,temporal,0.7058986846148296,temporal,ARM_B,0.2,1,0.14285714285714285,153.768,False,10,2026-08-18T15:55:08.124579+00:00,2026-08-18T15:56:08.846543+00:00,full
141,3029,3030,temporal,0.7059625387191772,temporal,ARM_A,0.0,0,0.0,505.699,False,6,2026-08-18T15:55:08.124579+00:00,2026-08-18T15:56:09.262288+00:00,full
141,3029,3030,temporal,0.7059625387191772,temporal,ARM_B,0.2,0,0.0,370.477,False,6,2026-08-18T15:55:08.124579+00:00,2026-08-18T15:56:09.262288+00:00,full
142,3081,3084,temporal,0.7059729484923823,temporal,ARM_A,0.0,0,0.0,60.988,False,3,2026-08-18T15:55:08.124579+00:00,2026-08-18T15:56:10.360408+00:00,full
142,3081,3084,temporal,0.7059729484923823,temporal,ARM_B,0.2,0,0.0,56.076,False,3,2026-08-18T15:55:08.124579+00:00,2026-08-18T15:56:10.360408+00:00,full
143,6042,6287,temporal,0.7059779798368947,temporal,ARM_A,0.0,0,0.0,18.816,False,1,2026-08-18T15:55:08.124579+00:00,2026-08-18T15:56:10.684165+00:00,full
143,6042,6287,temporal,0.7059779798368947,temporal,ARM_B,0.2,0,0.0,5.998,False,1,2026-08-18T15:55:08.124579+00:00,2026-08-18T15:56:10.684165+00:00,full
144,7524,7528,temporal,0.7060180131207725,temporal,ARM_A,0.0,1,0.2,145.151,False,10,2026-08-18T15:55:08.124579+00:00,2026-08-18T15:56:10.920244+00:00,full
144,7524,7528,temporal,0.7060180131207725,temporal,ARM_B,0.2,1,0.25,117.198,False,10,2026-08-18T15:55:08.124579+00:00,2026-08-18T15:56:10.920244+00:00,full
145,7524,7528,temporal,0.7060180131207725,temporal,ARM_A,0.0,1,0.2,5.798,False,10,2026-08-18T15:55:08.124579+00:00,2026-08-18T15:56:11.386511+00:00,full
145,7524,7528,temporal,0.7060180131207725,temporal,ARM_B,0.2,1,0.25,74.474,False,10,2026-08-18T15:55:08.124579+00:00,2026-08-18T15:56:11.386511+00:00,full
146,7456,7607,temporal,0.7060690978272408,temporal,ARM_A,0.0,1,0.16666666666666666,91.115,False,10,2026-08-18T15:55:08.124579+00:00,2026-08-18T15:56:11.668245+00:00,full
146,7456,7607,temporal,0.7060690978272408,temporal,ARM_B,0.2,1,0.3333333333333333,139.82,False,10,2026-08-18T15:55:08.124579+00:00,2026-08-18T15:56:11.668245+00:00,full
147,7549,7550,temporal,0.7060867758419227,temporal,ARM_A,0.0,1,0.25,57.141,False,10,2026-08-18T15:55:08.124579+00:00,2026-08-18T15:56:12.104914+00:00,full
147,7549,7550,temporal,0.7060867758419227,temporal,ARM_B,0.2,1,0.25,103.295,False,10,2026-08-18T15:55:08.124579+00:00,2026-08-18T15:56:12.104914+00:00,full
148,7549,7550,temporal,0.7060867758419227,temporal,ARM_A,0.0,1,0.25,10.272,False,10,2026-08-18T15:55:08.124579+00:00,2026-08-18T15:56:12.468127+00:00,full
148,7549,7550,temporal,0.7060867758419227,temporal,ARM_B,0.2,1,0.25,44.567,False,10,2026-08-18T15:55:08.124579+00:00,2026-08-18T15:56:12.468127+00:00,full
149,7583,7608,temporal,0.7060872316360474,temporal,ARM_A,0.0,1,0.25,27.343,False,10,2026-08-18T15:55:08.124579+00:00,2026-08-18T15:56:12.724435+00:00,full
149,7583,7608,temporal,0.7060872316360474,temporal,ARM_B,0.2,1,0.3333333333333333,91.222,False,10,2026-08-18T15:55:08.124579+00:00,2026-08-18T15:56:12.724435+00:00,full
150,7490,7495,temporal,0.7061458405169356,temporal,ARM_A,0.0,1,0.14285714285714285,18.947,False,10,2026-08-18T15:55:08.124579+00:00,2026-08-18T15:56:13.045210+00:00,full
150,7490,7495,temporal,0.7061458405169356,temporal,ARM_B,0.2,1,0.2,91.873,False,10,2026-08-18T15:55:08.124579+00:00,2026-08-18T15:56:13.045210+00:00,full
151,7490,7495,temporal,0.7061458405169356,temporal,ARM_A,0.0,1,0.14285714285714285,17.075,False,10,2026-08-18T15:55:08.124579+00:00,2026-08-18T15:56:13.358454+00:00,full
151,7490,7495,temporal,0.7061458405169356,temporal,ARM_B,0.2,1,0.2,137.999,False,10,2026-08-18T15:55:08.124579+00:00,2026-08-18T15:56:13.358454+00:00,full
152,4069,4071,temporal,0.7061507807778429,temporal,ARM_A,0.0,1,0.5,38.213,False,4,2026-08-18T15:55:08.124579+00:00,2026-08-18T15:56:13.716602+00:00,full
152,4069,4071,temporal,0.7061507807778429,temporal,ARM_B,0.2,1,0.5,15.388,False,4,2026-08-18T15:55:08.124579+00:00,2026-08-18T15:56:13.716602+00:00,full
153,4069,4071,temporal,0.7061507807778429,temporal,ARM_A,0.0,1,0.5,9.621,False,4,2026-08-18T15:55:08.124579+00:00,2026-08-18T15:56:13.973973+00:00,full
153,4069,4071,temporal,0.7061507807778429,temporal,ARM_B,0.2,1,0.5,36.15,False,4,2026-08-18T15:55:08.124579+00:00,2026-08-18T15:56:13.973973+00:00,full
154,3829,3832,temporal,0.7062350336453351,temporal,ARM_A,0.0,1,0.2,63.977,False,10,2026-08-18T15:55:08.124579+00:00,2026-08-18T15:56:14.225471+00:00,full
154,3829,3832,temporal,0.7062350336453351,temporal,ARM_B,0.2,1,0.3333333333333333,364.485,False,10,2026-08-18T15:55:08.124579+00:00,2026-08-18T15:56:14.225471+00:00,full
155,3829,3832,temporal,0.7062350336453351,temporal,ARM_A,0.0,1,0.2,19.232,False,10,2026-08-18T15:55:08.124579+00:00,2026-08-18T15:56:14.860372+00:00,full
155,3829,3832,temporal,0.7062350336453351,temporal,ARM_B,0.2,1,0.3333333333333333,274.788,False,10,2026-08-18T15:55:08.124579+00:00,2026-08-18T15:56:14.860372+00:00,full
156,3631,3635,temporal,0.7062894737383281,temporal,ARM_A,0.0,0,0.0,20.271,False,9,2026-08-18T15:55:08.124579+00:00,2026-08-18T15:56:15.358407+00:00,full
156,3631,3635,temporal,0.7062894737383281,temporal,ARM_B,0.2,0,0.0,4.773,False,9,2026-08-18T15:55:08.124579+00:00,2026-08-18T15:56:15.358407+00:00,full
157,3631,3635,temporal,0.7062894737383281,temporal,ARM_A,0.0,0,0.0,7.498,False,9,2026-08-18T15:55:08.124579+00:00,2026-08-18T15:56:15.586147+00:00,full
157,3631,3635,temporal,0.7062894737383281,temporal,ARM_B,0.2,0,0.0,9.071,False,9,2026-08-18T15:55:08.124579+00:00,2026-08-18T15:56:15.586147+00:00,full
158,4349,4355,temporal,0.7062902871543453,temporal,ARM_A,0.0,0,0.0,40.651,False,10,2026-08-18T15:55:08.124579+00:00,2026-08-18T15:56:15.806112+00:00,full
158,4349,4355,temporal,0.7062902871543453,temporal,ARM_B,0.2,0,0.0,69.107,False,10,2026-08-18T15:55:08.124579+00:00,2026-08-18T15:56:15.806112+00:00,full
159,3052,3054,temporal,0.706366496898752,temporal,ARM_A,0.0,0,0.0,32.031,False,8,2026-08-18T15:55:08.124579+00:00,2026-08-18T15:56:16.119935+00:00,full
159,3052,3054,temporal,0.706366496898752,temporal,ARM_B,0.2,0,0.0,13.881,False,8,2026-08-18T15:55:08.124579+00:00,2026-08-18T15:56:16.119935+00:00,full
160,7548,7553,temporal,0.7064405540288323,temporal,ARM_A,0.0,1,0.2,61.109,False,10,2026-08-18T15:55:08.124579+00:00,2026-08-18T15:56:16.369966+00:00,full
160,7548,7553,temporal,0.7064405540288323,temporal,ARM_B,0.2,1,0.25,59.631,False,10,2026-08-18T15:55:08.124579+00:00,2026-08-18T15:56:16.369966+00:00,full
161,7548,7553,temporal,0.7064405540288323,temporal,ARM_A,0.0,1,0.2,9.112,False,10,2026-08-18T15:55:08.124579+00:00,2026-08-18T15:56:16.693437+00:00,full
161,7548,7553,temporal,0.7064405540288323,temporal,ARM_B,0.2,1,0.25,207.41,False,10,2026-08-18T15:55:08.124579+00:00,2026-08-18T15:56:16.693437+00:00,full
162,7629,7633,temporal,0.7065066309722332,temporal,ARM_A,0.0,1,0.16666666666666666,59.293,False,10,2026-08-18T15:55:08.124579+00:00,2026-08-18T15:56:17.111735+00:00,full
162,7629,7633,temporal,0.7065066309722332,temporal,ARM_B,0.2,1,0.2,274.892,False,10,2026-08-18T15:55:08.124579+00:00,2026-08-18T15:56:17.111735+00:00,full
163,7629,7633,temporal,0.7065066309722332,temporal,ARM_A,0.0,1,0.16666666666666666,55.215,False,10,2026-08-18T15:55:08.124579+00:00,2026-08-18T15:56:17.651012+00:00,full
163,7629,7633,temporal,0.7065066309722332,temporal,ARM_B,0.2,1,0.2,55.174,False,10,2026-08-18T15:55:08.124579+00:00,2026-08-18T15:56:17.651012+00:00,full
164,3733,3751,temporal,0.706563276443678,temporal,ARM_A,0.0,0,0.0,1074.143,False,8,2026-08-18T15:55:08.124579+00:00,2026-08-18T15:56:17.964375+00:00,full
164,3733,3751,temporal,0.706563276443678,temporal,ARM_B,0.2,0,0.0,59.101,False,8,2026-08-18T15:55:08.124579+00:00,2026-08-18T15:56:17.964375+00:00,full
165,6336,6473,temporal,0.7067763455839569,temporal,ARM_A,0.0,0,0.0,220.88,False,1,2026-08-18T15:55:08.124579+00:00,2026-08-18T15:56:19.301033+00:00,full
165,6336,6473,temporal,0.7067763455839569,temporal,ARM_B,0.2,0,0.0,4.338,False,1,2026-08-18T15:55:08.124579+00:00,2026-08-18T15:56:19.301033+00:00,full
166,7438,7440,temporal,0.7068084760802814,temporal,ARM_A,0.0,1,0.1111111111111111,100.509,False,10,2026-08-18T15:55:08.124579+00:00,2026-08-18T15:56:19.732464+00:00,full
166,7438,7440,temporal,0.7068084760802814,temporal,ARM_B,0.2,1,0.1111111111111111,561.175,False,10,2026-08-18T15:55:08.124579+00:00,2026-08-18T15:56:19.732464+00:00,full
167,7438,7440,temporal,0.7068084760802814,temporal,ARM_A,0.0,1,0.1111111111111111,38.272,False,10,2026-08-18T15:55:08.124579+00:00,2026-08-18T15:56:20.601936+00:00,full
167,7438,7440,temporal,0.7068084760802814,temporal,ARM_B,0.2,1,0.1111111111111111,914.211,False,10,2026-08-18T15:55:08.124579+00:00,2026-08-18T15:56:20.601936+00:00,full
168,7400,7401,temporal,0.7068217992782593,temporal,ARM_A,0.0,0,0.0,460.103,False,10,2026-08-18T15:55:08.124579+00:00,2026-08-18T15:56:21.760285+00:00,full
168,7400,7401,temporal,0.7068217992782593,temporal,ARM_B,0.2,1,0.25,22.923,False,10,2026-08-18T15:55:08.124579+00:00,2026-08-18T15:56:21.760285+00:00,full
169,3642,3644,temporal,0.7068381309509277,temporal,ARM_A,0.0,1,0.125,74.036,False,10,2026-08-18T15:55:08.124579+00:00,2026-08-18T15:56:22.459650+00:00,full
169,3642,3644,temporal,0.7068381309509277,temporal,ARM_B,0.2,1,0.5,24.767,False,10,2026-08-18T15:55:08.124579+00:00,2026-08-18T15:56:22.459650+00:00,full
170,7546,7558,temporal,0.7068905830383351,temporal,ARM_A,0.0,0,0.0,44.565,False,10,2026-08-18T15:55:08.124579+00:00,2026-08-18T15:56:22.759316+00:00,full
170,7546,7558,temporal,0.7068905830383351,temporal,ARM_B,0.2,0,0.0,830.067,False,10,2026-08-18T15:55:08.124579+00:00,2026-08-18T15:56:22.759316+00:00,full
171,5348,5353,causal,0.706946593937076,causal,ARM_A,0.0,0,0.0,294.154,False,10,2026-08-18T15:55:08.124579+00:00,2026-08-18T15:56:23.842669+00:00,full
171,5348,5353,causal,0.706946593937076,causal,ARM_B,0.2,1,0.16666666666666666,16.14,False,10,2026-08-18T15:55:08.124579+00:00,2026-08-18T15:56:23.842669+00:00,full
172,5672,5742,temporal,0.7069824091217081,temporal,ARM_A,0.0,0,0.0,264.12,False,1,2026-08-18T15:55:08.124579+00:00,2026-08-18T15:56:24.360275+00:00,full
172,5672,5742,temporal,0.7069824091217081,temporal,ARM_B,0.2,0,0.0,18.361,False,1,2026-08-18T15:55:08.124579+00:00,2026-08-18T15:56:24.360275+00:00,full
173,7446,7562,temporal,0.7070445592972912,temporal,ARM_A,0.0,0,0.0,72.588,False,10,2026-08-18T15:55:08.124579+00:00,2026-08-18T15:56:24.847409+00:00,full
173,7446,7562,temporal,0.7070445592972912,temporal,ARM_B,0.2,0,0.0,1663.152,False,10,2026-08-18T15:55:08.124579+00:00,2026-08-18T15:56:24.847409+00:00,full
174,4576,4581,temporal,0.7070531110544671,temporal,ARM_A,0.0,1,0.25,140.136,False,10,2026-08-18T15:55:08.124579+00:00,2026-08-18T15:56:26.785458+00:00,full
174,4576,4581,temporal,0.7070531110544671,temporal,ARM_B,0.2,1,0.25,8.769,False,10,2026-08-18T15:55:08.124579+00:00,2026-08-18T15:56:26.785458+00:00,full
175,4576,4581,temporal,0.7070531110544671,temporal,ARM_A,0.0,1,0.25,5.8,False,10,2026-08-18T15:55:08.124579+00:00,2026-08-18T15:56:27.141717+00:00,full
175,4576,4581,temporal,0.7070531110544671,temporal,ARM_B,0.2,1,0.25,14.477,False,10,2026-08-18T15:55:08.124579+00:00,2026-08-18T15:56:27.141717+00:00,full
176,4238,4240,temporal,0.7071608901023865,temporal,ARM_A,0.0,1,0.25,181.303,False,10,2026-08-18T15:55:08.124579+00:00,2026-08-18T15:56:27.363539+00:00,full
176,4238,4240,temporal,0.7071608901023865,temporal,ARM_B,0.2,1,0.5,90.162,False,10,2026-08-18T15:55:08.124579+00:00,2026-08-18T15:56:27.363539+00:00,full
177,4238,4240,temporal,0.7071608901023865,temporal,ARM_A,0.0,1,0.25,4.112,False,10,2026-08-18T15:55:08.124579+00:00,2026-08-18T15:56:27.837529+00:00,full
177,4238,4240,temporal,0.7071608901023865,temporal,ARM_B,0.2,1,0.5,16.747,False,10,2026-08-18T15:55:08.124579+00:00,2026-08-18T15:56:27.837529+00:00,full
178,3021,3023,temporal,0.7071807173734718,temporal,ARM_A,0.0,0,0.0,49.269,False,10,2026-08-18T15:55:08.124579+00:00,2026-08-18T15:56:28.059777+00:00,full
178,3021,3023,temporal,0.7071807173734718,temporal,ARM_B,0.2,0,0.0,8.739,False,10,2026-08-18T15:55:08.124579+00:00,2026-08-18T15:56:28.059777+00:00,full
179,7442,7561,temporal,0.7071912288665771,temporal,ARM_A,0.0,0,0.0,16.843,False,10,2026-08-18T15:55:08.124579+00:00,2026-08-18T15:56:28.319731+00:00,full
179,7442,7561,temporal,0.7071912288665771,temporal,ARM_B,0.2,0,0.0,538.646,False,10,2026-08-18T15:55:08.124579+00:00,2026-08-18T15:56:28.319731+00:00,full
180,3733,3736,temporal,0.7071921229362538,temporal,ARM_A,0.0,0,0.0,43.195,False,8,2026-08-18T15:55:08.124579+00:00,2026-08-18T15:56:29.080694+00:00,full
180,3733,3736,temporal,0.7071921229362538,temporal,ARM_B,0.2,0,0.0,10.065,False,8,2026-08-18T15:55:08.124579+00:00,2026-08-18T15:56:29.080694+00:00,full
181,7532,7537,temporal,0.7072674457590262,temporal,ARM_A,0.0,1,0.3333333333333333,70.561,False,10,2026-08-18T15:55:08.124579+00:00,2026-08-18T15:56:29.338712+00:00,full
181,7532,7537,temporal,0.7072674457590262,temporal,ARM_B,0.2,1,0.3333333333333333,299.612,False,10,2026-08-18T15:55:08.124579+00:00,2026-08-18T15:56:29.338712+00:00,full
182,7532,7537,temporal,0.7072674457590262,temporal,ARM_A,0.0,1,0.3333333333333333,18.533,False,10,2026-08-18T15:55:08.124579+00:00,2026-08-18T15:56:29.911171+00:00,full
182,7532,7537,temporal,0.7072674457590262,temporal,ARM_B,0.2,1,0.3333333333333333,60.257,False,10,2026-08-18T15:55:08.124579+00:00,2026-08-18T15:56:29.911171+00:00,full
183,7450,7456,temporal,0.7072826274970339,temporal,ARM_A,0.0,0,0.0,17.405,False,10,2026-08-18T15:55:08.124579+00:00,2026-08-18T15:56:30.192894+00:00,full
183,7450,7456,temporal,0.7072826274970339,temporal,ARM_B,0.2,0,0.0,94.241,False,10,2026-08-18T15:55:08.124579+00:00,2026-08-18T15:56:30.192894+00:00,full
184,7491,7493,temporal,0.7073999083697717,temporal,ARM_A,0.0,1,0.2,27.372,False,10,2026-08-18T15:55:08.124579+00:00,2026-08-18T15:56:30.508463+00:00,full
184,7491,7493,temporal,0.7073999083697717,temporal,ARM_B,0.2,1,0.25,219.042,False,10,2026-08-18T15:55:08.124579+00:00,2026-08-18T15:56:30.508463+00:00,full
185,7491,7493,temporal,0.7073999083697717,temporal,ARM_A,0.0,1,0.2,4.467,False,10,2026-08-18T15:55:08.124579+00:00,2026-08-18T15:56:30.958442+00:00,full
185,7491,7493,temporal,0.7073999083697717,temporal,ARM_B,0.2,1,0.25,198.655,False,10,2026-08-18T15:55:08.124579+00:00,2026-08-18T15:56:30.958442+00:00,full
186,3409,3410,temporal,0.7074310430802209,temporal,ARM_A,0.0,1,0.3333333333333333,11.923,False,8,2026-08-18T15:55:08.124579+00:00,2026-08-18T15:56:31.368895+00:00,full
186,3409,3410,temporal,0.7074310430802209,temporal,ARM_B,0.2,1,0.5,5.001,False,8,2026-08-18T15:55:08.124579+00:00,2026-08-18T15:56:31.368895+00:00,full
187,3555,3561,temporal,0.7074352677205058,temporal,ARM_A,0.0,1,0.5,48.647,False,10,2026-08-18T15:55:08.124579+00:00,2026-08-18T15:56:31.587848+00:00,full
187,3555,3561,temporal,0.7074352677205058,temporal,ARM_B,0.2,1,0.5,38.12,False,10,2026-08-18T15:55:08.124579+00:00,2026-08-18T15:56:31.587848+00:00,full
188,4576,4582,temporal,0.7074803957319732,temporal,ARM_A,0.0,1,0.5,18.496,False,10,2026-08-18T15:55:08.124579+00:00,2026-08-18T15:56:31.876921+00:00,full
188,4576,4582,temporal,0.7074803957319732,temporal,ARM_B,0.2,1,1.0,7.694,False,10,2026-08-18T15:55:08.124579+00:00,2026-08-18T15:56:31.876921+00:00,full
189,4576,4582,temporal,0.7074803957319732,temporal,ARM_A,0.0,1,0.5,5.072,False,10,2026-08-18T15:55:08.124579+00:00,2026-08-18T15:56:32.104634+00:00,full
189,4576,4582,temporal,0.7074803957319732,temporal,ARM_B,0.2,1,1.0,4.409,False,10,2026-08-18T15:55:08.124579+00:00,2026-08-18T15:56:32.104634+00:00,full
190,4049,4050,temporal,0.7075857978442088,temporal,ARM_A,0.0,1,0.25,26.25,False,9,2026-08-18T15:55:08.124579+00:00,2026-08-18T15:56:32.319779+00:00,full
190,4049,4050,temporal,0.7075857978442088,temporal,ARM_B,0.2,1,0.5,27.573,False,9,2026-08-18T15:55:08.124579+00:00,2026-08-18T15:56:32.319779+00:00,full
191,4049,4050,temporal,0.7075857978442088,temporal,ARM_A,0.0,1,0.25,14.732,False,9,2026-08-18T15:55:08.124579+00:00,2026-08-18T15:56:32.580371+00:00,full
191,4049,4050,temporal,0.7075857978442088,temporal,ARM_B,0.2,1,0.5,18.733,False,9,2026-08-18T15:55:08.124579+00:00,2026-08-18T15:56:32.580371+00:00,full
192,4318,4320,temporal,0.7076628033913865,temporal,ARM_A,0.0,0,0.0,14.104,False,4,2026-08-18T15:55:08.124579+00:00,2026-08-18T15:56:32.822525+00:00,full
192,4318,4320,temporal,0.7076628033913865,temporal,ARM_B,0.2,0,0.0,6.429,False,4,2026-08-18T15:55:08.124579+00:00,2026-08-18T15:56:32.822525+00:00,full
193,7601,7604,temporal,0.7077327544848482,temporal,ARM_A,0.0,1,0.2,27.292,False,10,2026-08-18T15:55:08.124579+00:00,2026-08-18T15:56:33.045467+00:00,full
193,7601,7604,temporal,0.7077327544848482,temporal,ARM_B,0.2,1,0.25,59.486,False,10,2026-08-18T15:55:08.124579+00:00,2026-08-18T15:56:33.045467+00:00,full
194,7601,7604,temporal,0.7077327544848482,temporal,ARM_A,0.0,1,0.2,4.034,False,10,2026-08-18T15:55:08.124579+00:00,2026-08-18T15:56:33.334558+00:00,full
194,7601,7604,temporal,0.7077327544848482,temporal,ARM_B,0.2,1,0.25,89.211,False,10,2026-08-18T15:55:08.124579+00:00,2026-08-18T15:56:33.334558+00:00,full
195,4606,4612,temporal,0.7077452155275785,temporal,ARM_A,0.0,1,0.3333333333333333,17.39,False,10,2026-08-18T15:55:08.124579+00:00,2026-08-18T15:56:33.630870+00:00,full
195,4606,4612,temporal,0.7077452155275785,temporal,ARM_B,0.2,1,1.0,7.95,False,10,2026-08-18T15:55:08.124579+00:00,2026-08-18T15:56:33.630870+00:00,full
196,7599,7603,temporal,0.7078075656661482,temporal,ARM_A,0.0,1,0.16666666666666666,17.156,False,10,2026-08-18T15:55:08.124579+00:00,2026-08-18T15:56:33.860098+00:00,full
196,7599,7603,temporal,0.7078075656661482,temporal,ARM_B,0.2,1,0.2,205.606,False,10,2026-08-18T15:55:08.124579+00:00,2026-08-18T15:56:33.860098+00:00,full
197,7599,7603,temporal,0.7078075656661482,temporal,ARM_A,0.0,1,0.16666666666666666,7.052,False,10,2026-08-18T15:55:08.124579+00:00,2026-08-18T15:56:34.288032+00:00,full
197,7599,7603,temporal,0.7078075656661482,temporal,ARM_B,0.2,1,0.2,105.15,False,10,2026-08-18T15:55:08.124579+00:00,2026-08-18T15:56:34.288032+00:00,full
198,7629,7634,temporal,0.7078546148321951,temporal,ARM_A,0.0,1,0.2,20.297,False,10,2026-08-18T15:55:08.124579+00:00,2026-08-18T15:56:34.602637+00:00,full
198,7629,7634,temporal,0.7078546148321951,temporal,ARM_B,0.2,1,0.25,5.631,False,10,2026-08-18T15:55:08.124579+00:00,2026-08-18T15:56:34.602637+00:00,full
199,7629,7634,temporal,0.7078546148321951,temporal,ARM_A,0.0,1,0.2,5.977,False,10,2026-08-18T15:55:08.124579+00:00,2026-08-18T15:56:34.831932+00:00,full
199,7629,7634,temporal,0.7078546148321951,temporal,ARM_B,0.2,1,0.25,6.739,False,10,2026-08-18T15:55:08.124579+00:00,2026-08-18T15:56:34.831932+00:00,full
200,3935,3936,temporal,0.7079775196280388,temporal,ARM_A,0.0,1,0.25,17.626,False,9,2026-08-18T15:55:08.124579+00:00,2026-08-18T15:56:35.048612+00:00,full
200,3935,3936,temporal,0.7079775196280388,temporal,ARM_B,0.2,1,0.5,83.324,False,9,2026-08-18T15:55:08.124579+00:00,2026-08-18T15:56:35.048612+00:00,full
201,3935,3936,temporal,0.7079775196280388,temporal,ARM_A,0.0,1,0.25,4.015,False,9,2026-08-18T15:55:08.124579+00:00,2026-08-18T15:56:35.354927+00:00,full
201,3935,3936,temporal,0.7079775196280388,temporal,ARM_B,0.2,1,0.5,71.873,False,9,2026-08-18T15:55:08.124579+00:00,2026-08-18T15:56:35.354927+00:00,full
202,4311,4312,temporal,0.7079862182132136,temporal,ARM_A,0.0,0,0.0,57.676,False,10,2026-08-18T15:55:08.124579+00:00,2026-08-18T15:56:35.632749+00:00,full
202,4311,4312,temporal,0.7079862182132136,temporal,ARM_B,0.2,0,0.0,26.096,False,10,2026-08-18T15:55:08.124579+00:00,2026-08-18T15:56:35.632749+00:00,full
203,3318,3322,temporal,0.7080064489853043,temporal,ARM_A,0.0,1,1.0,18.59,False,10,2026-08-18T15:55:08.124579+00:00,2026-08-18T15:56:35.918566+00:00,full
203,3318,3322,temporal,0.7080064489853043,temporal,ARM_B,0.2,1,0.5,5.527,False,10,2026-08-18T15:55:08.124579+00:00,2026-08-18T15:56:35.918566+00:00,full
204,7486,7490,temporal,0.7080755407765198,temporal,ARM_A,0.0,1,0.5,17.858,False,10,2026-08-18T15:55:08.124579+00:00,2026-08-18T15:56:36.144258+00:00,full
204,7486,7490,temporal,0.7080755407765198,temporal,ARM_B,0.2,1,0.5,141.276,False,10,2026-08-18T15:55:08.124579+00:00,2026-08-18T15:56:36.144258+00:00,full
205,7486,7490,temporal,0.7080755407765198,temporal,ARM_A,0.0,1,0.5,28.125,False,10,2026-08-18T15:55:08.124579+00:00,2026-08-18T15:56:36.505560+00:00,full
205,7486,7490,temporal,0.7080755407765198,temporal,ARM_B,0.2,1,0.5,179.545,False,10,2026-08-18T15:55:08.124579+00:00,2026-08-18T15:56:36.505560+00:00,full
206,7516,7522,temporal,0.7081805715776222,temporal,ARM_A,0.0,1,0.1111111111111111,29.716,False,10,2026-08-18T15:55:08.124579+00:00,2026-08-18T15:56:36.915155+00:00,full
206,7516,7522,temporal,0.7081805715776222,temporal,ARM_B,0.2,1,0.2,145.963,False,10,2026-08-18T15:55:08.124579+00:00,2026-08-18T15:56:36.915155+00:00,full
207,3069,3073,temporal,0.7082810016954246,temporal,ARM_A,0.0,0,0.0,31.604,False,7,2026-08-18T15:55:08.124579+00:00,2026-08-18T15:56:37.293727+00:00,full
207,3069,3073,temporal,0.7082810016954246,temporal,ARM_B,0.2,0,0.0,5.418,False,7,2026-08-18T15:55:08.124579+00:00,2026-08-18T15:56:37.293727+00:00,full
208,7437,7562,temporal,0.708291769027715,temporal,ARM_A,0.0,0,0.0,8.937,False,10,2026-08-18T15:55:08.124579+00:00,2026-08-18T15:56:37.532720+00:00,full
208,7437,7562,temporal,0.708291769027715,temporal,ARM_B,0.2,0,0.0,116.052,False,10,2026-08-18T15:55:08.124579+00:00,2026-08-18T15:56:37.532720+00:00,full
209,4301,4305,temporal,0.7083482245568694,temporal,ARM_A,0.0,1,0.5,26.165,False,10,2026-08-18T15:55:08.124579+00:00,2026-08-18T15:56:37.859710+00:00,full
209,4301,4305,temporal,0.7083482245568694,temporal,ARM_B,0.2,1,1.0,12.638,False,10,2026-08-18T15:55:08.124579+00:00,2026-08-18T15:56:37.859710+00:00,full
210,4301,4305,temporal,0.7083482245568694,temporal,ARM_A,0.0,1,0.5,8.345,False,10,2026-08-18T15:55:08.124579+00:00,2026-08-18T15:56:38.101480+00:00,full
210,4301,4305,temporal,0.7083482245568694,temporal,ARM_B,0.2,1,1.0,10.74,False,10,2026-08-18T15:55:08.124579+00:00,2026-08-18T15:56:38.101480+00:00,full
211,7630,7633,temporal,0.7083688129939064,temporal,ARM_A,0.0,1,0.2,31.818,False,10,2026-08-18T15:55:08.124579+00:00,2026-08-18T15:56:38.322657+00:00,full
211,7630,7633,temporal,0.7083688129939064,temporal,ARM_B,0.2,1,0.2,5.578,False,10,2026-08-18T15:55:08.124579+00:00,2026-08-18T15:56:38.322657+00:00,full
212,7630,7633,temporal,0.7083688129939064,temporal,ARM_A,0.0,1,0.2,7.136,False,10,2026-08-18T15:55:08.124579+00:00,2026-08-18T15:56:38.564442+00:00,full
212,7630,7633,temporal,0.7083688129939064,temporal,ARM_B,0.2,1,0.2,5.064,False,10,2026-08-18T15:55:08.124579+00:00,2026-08-18T15:56:38.564442+00:00,full
213,7538,7582,temporal,0.7084345122419675,temporal,ARM_A,0.0,0,0.0,16.614,False,10,2026-08-18T15:55:08.124579+00:00,2026-08-18T15:56:38.780850+00:00,full
213,7538,7582,temporal,0.7084345122419675,temporal,ARM_B,0.2,0,0.0,90.509,False,10,2026-08-18T15:55:08.124579+00:00,2026-08-18T15:56:38.780850+00:00,full
214,2931,2934,temporal,0.708469587059653,temporal,ARM_A,0.0,1,0.16666666666666666,18.245,False,10,2026-08-18T15:55:08.124579+00:00,2026-08-18T15:56:39.089673+00:00,full
214,2931,2934,temporal,0.708469587059653,temporal,ARM_B,0.2,1,0.25,6.236,False,10,2026-08-18T15:55:08.124579+00:00,2026-08-18T15:56:39.089673+00:00,full
215,7122,7140,temporal,0.708500862121582,temporal,ARM_A,0.0,0,0.0,14.691,False,5,2026-08-18T15:55:08.124579+00:00,2026-08-18T15:56:39.315869+00:00,full
215,7122,7140,temporal,0.708500862121582,temporal,ARM_B,0.2,0,0.0,6.852,False,5,2026-08-18T15:55:08.124579+00:00,2026-08-18T15:56:39.315869+00:00,full
216,4340,4344,temporal,0.708511283042738,temporal,ARM_A,0.0,0,0.0,22.919,False,10,2026-08-18T15:55:08.124579+00:00,2026-08-18T15:56:39.541843+00:00,full
216,4340,4344,temporal,0.708511283042738,temporal,ARM_B,0.2,0,0.0,6.261,False,10,2026-08-18T15:55:08.124579+00:00,2026-08-18T15:56:39.541843+00:00,full
217,3124,3129,temporal,0.7085416391864483,temporal,ARM_A,0.0,0,0.0,245.894,False,3,2026-08-18T15:55:08.124579+00:00,2026-08-18T15:56:39.772943+00:00,full
217,3124,3129,temporal,0.7085416391864483,temporal,ARM_B,0.2,0,0.0,19.793,False,3,2026-08-18T15:55:08.124579+00:00,2026-08-18T15:56:39.772943+00:00,full
218,7511,7513,temporal,0.7085496187210083,temporal,ARM_A,0.0,0,0.0,74.332,False,10,2026-08-18T15:55:08.124579+00:00,2026-08-18T15:56:40.243891+00:00,full
218,7511,7513,temporal,0.7085496187210083,temporal,ARM_B,0.2,1,0.1111111111111111,1386.795,False,10,2026-08-18T15:55:08.124579+00:00,2026-08-18T15:56:40.243891+00:00,full
219,7511,7513,temporal,0.7085496187210083,temporal,ARM_A,0.0,0,0.0,24.372,False,10,2026-08-18T15:55:08.124579+00:00,2026-08-18T15:56:41.908294+00:00,full
219,7511,7513,temporal,0.7085496187210083,temporal,ARM_B,0.2,1,0.1111111111111111,127.635,False,10,2026-08-18T15:55:08.124579+00:00,2026-08-18T15:56:41.908294+00:00,full
220,3277,3280,temporal,0.708554709977478,temporal,ARM_A,0.0,0,0.0,12.686,False,1,2026-08-18T15:55:08.124579+00:00,2026-08-18T15:56:42.264917+00:00,full
220,3277,3280,temporal,0.708554709977478,temporal,ARM_B,0.2,0,0.0,5.694,False,1,2026-08-18T15:55:08.124579+00:00,2026-08-18T15:56:42.264917+00:00,full
221,3926,3928,temporal,0.7085547869536166,temporal,ARM_A,0.0,1,0.5,127.301,False,10,2026-08-18T15:55:08.124579+00:00,2026-08-18T15:56:42.487699+00:00,full
221,3926,3928,temporal,0.7085547869536166,temporal,ARM_B,0.2,1,0.5,161.69,False,10,2026-08-18T15:55:08.124579+00:00,2026-08-18T15:56:42.487699+00:00,full
222,4365,4367,temporal,0.7085927936015445,temporal,ARM_A,0.0,1,1.0,124.658,False,9,2026-08-18T15:55:08.124579+00:00,2026-08-18T15:56:42.979560+00:00,full
222,4365,4367,temporal,0.7085927936015445,temporal,ARM_B,0.2,1,1.0,32.973,False,9,2026-08-18T15:55:08.124579+00:00,2026-08-18T15:56:42.979560+00:00,full
223,3502,3507,temporal,0.708641332902989,temporal,ARM_A,0.0,0,0.0,19.634,False,4,2026-08-18T15:55:08.124579+00:00,2026-08-18T15:56:43.341629+00:00,full
223,3502,3507,temporal,0.708641332902989,temporal,ARM_B,0.2,0,0.0,3.402,False,4,2026-08-18T15:55:08.124579+00:00,2026-08-18T15:56:43.341629+00:00,full
224,3911,3914,temporal,0.7086915125022516,temporal,ARM_A,0.0,1,0.16666666666666666,125.262,False,10,2026-08-18T15:55:08.124579+00:00,2026-08-18T15:56:43.570852+00:00,full
224,3911,3914,temporal,0.7086915125022516,temporal,ARM_B,0.2,1,0.2,247.893,False,10,2026-08-18T15:55:08.124579+00:00,2026-08-18T15:56:43.570852+00:00,full
225,4477,4526,causal,0.7088443116267297,causal,ARM_A,0.0,1,0.16666666666666666,71.896,False,10,2026-08-18T15:55:08.124579+00:00,2026-08-18T15:56:44.146738+00:00,full
225,4477,4526,causal,0.7088443116267297,causal,ARM_B,0.2,1,0.3333333333333333,30.992,False,10,2026-08-18T15:55:08.124579+00:00,2026-08-18T15:56:44.146738+00:00,full
226,4477,4526,causal,0.7088443116267297,causal,ARM_A,0.0,1,0.16666666666666666,4.059,False,10,2026-08-18T15:55:08.124579+00:00,2026-08-18T15:56:44.451760+00:00,full
226,4477,4526,causal,0.7088443116267297,causal,ARM_B,0.2,1,0.3333333333333333,13.529,False,10,2026-08-18T15:55:08.124579+00:00,2026-08-18T15:56:44.451760+00:00,full
227,4477,4526,causal,0.7088443116267297,causal,ARM_A,0.0,1,0.16666666666666666,12.068,False,10,2026-08-18T15:55:08.124579+00:00,2026-08-18T15:56:44.672823+00:00,full
227,4477,4526,causal,0.7088443116267297,causal,ARM_B,0.2,1,0.3333333333333333,8.998,False,10,2026-08-18T15:55:08.124579+00:00,2026-08-18T15:56:44.672823+00:00,full
228,7576,7582,temporal,0.7088626276090894,temporal,ARM_A,0.0,0,0.0,22.455,False,10,2026-08-18T15:55:08.124579+00:00,2026-08-18T15:56:44.903483+00:00,full
228,7576,7582,temporal,0.7088626276090894,temporal,ARM_B,0.2,0,0.0,444.754,False,10,2026-08-18T15:55:08.124579+00:00,2026-08-18T15:56:44.903483+00:00,full
229,3765,3766,temporal,0.7088684341593836,temporal,ARM_A,0.0,1,0.2,85.518,False,10,2026-08-18T15:55:08.124579+00:00,2026-08-18T15:56:45.576259+00:00,full
229,3765,3766,temporal,0.7088684341593836,temporal,ARM_B,0.2,1,1.0,11.551,False,10,2026-08-18T15:55:08.124579+00:00,2026-08-18T15:56:45.576259+00:00,full
230,3765,3766,temporal,0.7088684341593836,temporal,ARM_A,0.0,1,0.2,462.708,False,10,2026-08-18T15:55:08.124579+00:00,2026-08-18T15:56:45.877527+00:00,full
230,3765,3766,temporal,0.7088684341593836,temporal,ARM_B,0.2,1,1.0,43.819,False,10,2026-08-18T15:55:08.124579+00:00,2026-08-18T15:56:45.877527+00:00,full
231,7603,7607,temporal,0.708877865273762,temporal,ARM_A,0.0,1,0.5,101.41,False,10,2026-08-18T15:55:08.124579+00:00,2026-08-18T15:56:46.590979+00:00,full
231,7603,7607,temporal,0.708877865273762,temporal,ARM_B,0.2,1,0.5,181.927,False,10,2026-08-18T15:55:08.124579+00:00,2026-08-18T15:56:46.590979+00:00,full
232,7603,7607,temporal,0.708877865273762,temporal,ARM_A,0.0,1,0.5,58.175,False,10,2026-08-18T15:55:08.124579+00:00,2026-08-18T15:56:47.078855+00:00,full
232,7603,7607,temporal,0.708877865273762,temporal,ARM_B,0.2,1,0.5,117.949,False,10,2026-08-18T15:55:08.124579+00:00,2026-08-18T15:56:47.078855+00:00,full
233,7401,7404,temporal,0.7089101498669488,temporal,ARM_A,0.0,1,0.125,136.9,False,10,2026-08-18T15:55:08.124579+00:00,2026-08-18T15:56:47.458908+00:00,full
233,7401,7404,temporal,0.7089101498669488,temporal,ARM_B,0.2,1,0.2,44.974,False,10,2026-08-18T15:55:08.124579+00:00,2026-08-18T15:56:47.458908+00:00,full
234,7506,7594,temporal,0.7089488581923589,temporal,ARM_A,0.0,1,0.14285714285714285,130.121,False,10,2026-08-18T15:55:08.124579+00:00,2026-08-18T15:56:47.845727+00:00,full
234,7506,7594,temporal,0.7089488581923589,temporal,ARM_B,0.2,1,0.2,414.51,False,10,2026-08-18T15:55:08.124579+00:00,2026-08-18T15:56:47.845727+00:00,full
235,4326,4331,temporal,0.7090379980493343,temporal,ARM_A,0.0,0,0.0,28.557,False,3,2026-08-18T15:55:08.124579+00:00,2026-08-18T15:56:48.595783+00:00,full
235,4326,4331,temporal,0.7090379980493343,temporal,ARM_B,0.2,0,0.0,5.362,False,3,2026-08-18T15:55:08.124579+00:00,2026-08-18T15:56:48.595783+00:00,full
236,7613,7616,temporal,0.709152340888982,temporal,ARM_A,0.0,1,0.25,54.071,False,10,2026-08-18T15:55:08.124579+00:00,2026-08-18T15:56:48.831800+00:00,full
236,7613,7616,temporal,0.709152340888982,temporal,ARM_B,0.2,1,0.3333333333333333,15.789,False,10,2026-08-18T15:55:08.124579+00:00,2026-08-18T15:56:48.831800+00:00,full
237,7613,7616,temporal,0.709152340888982,temporal,ARM_A,0.0,1,0.25,10.437,False,10,2026-08-18T15:55:08.124579+00:00,2026-08-18T15:56:49.104761+00:00,full
237,7613,7616,temporal,0.709152340888982,temporal,ARM_B,0.2,1,0.3333333333333333,113.823,False,10,2026-08-18T15:55:08.124579+00:00,2026-08-18T15:56:49.104761+00:00,full
238,7075,7141,temporal,0.7093724819830803,temporal,ARM_A,0.0,0,0.0,22.802,False,1,2026-08-18T15:55:08.124579+00:00,2026-08-18T15:56:49.459348+00:00,full
238,7075,7141,temporal,0.7093724819830803,temporal,ARM_B,0.2,0,0.0,4.164,False,1,2026-08-18T15:55:08.124579+00:00,2026-08-18T15:56:49.459348+00:00,full
239,3045,3051,temporal,0.7093822956085205,temporal,ARM_A,0.0,0,0.0,11.977,False,1,2026-08-18T15:55:08.124579+00:00,2026-08-18T15:56:49.690574+00:00,full
239,3045,3051,temporal,0.7093822956085205,temporal,ARM_B,0.2,0,0.0,3.465,False,1,2026-08-18T15:55:08.124579+00:00,2026-08-18T15:56:49.690574+00:00,full
240,3045,3051,temporal,0.7093822956085205,temporal,ARM_A,0.0,0,0.0,9.732,False,1,2026-08-18T15:55:08.124579+00:00,2026-08-18T15:56:49.908550+00:00,full
240,3045,3051,temporal,0.7093822956085205,temporal,ARM_B,0.2,0,0.0,5.651,False,1,2026-08-18T15:55:08.124579+00:00,2026-08-18T15:56:49.908550+00:00,full
241,7486,7489,temporal,0.7094102540084976,temporal,ARM_A,0.0,0,0.0,37.485,False,10,2026-08-18T15:55:08.124579+00:00,2026-08-18T15:56:50.126854+00:00,full
241,7486,7489,temporal,0.7094102540084976,temporal,ARM_B,0.2,0,0.0,94.458,False,10,2026-08-18T15:55:08.124579+00:00,2026-08-18T15:56:50.126854+00:00,full
242,7486,7489,temporal,0.7094102540084976,temporal,ARM_A,0.0,0,0.0,6.701,False,10,2026-08-18T15:55:08.124579+00:00,2026-08-18T15:56:50.460828+00:00,full
242,7486,7489,temporal,0.7094102540084976,temporal,ARM_B,0.2,0,0.0,81.775,False,10,2026-08-18T15:55:08.124579+00:00,2026-08-18T15:56:50.460828+00:00,full
243,7054,7140,temporal,0.709456945592998,temporal,ARM_A,0.0,0,0.0,27.938,False,0,2026-08-18T15:55:08.124579+00:00,2026-08-18T15:56:50.752123+00:00,full
243,7054,7140,temporal,0.709456945592998,temporal,ARM_B,0.2,0,0.0,11.702,False,0,2026-08-18T15:55:08.124579+00:00,2026-08-18T15:56:50.752123+00:00,full
244,7549,7560,temporal,0.7095567199455793,temporal,ARM_A,0.0,0,0.0,6.312,False,10,2026-08-18T15:55:08.124579+00:00,2026-08-18T15:56:50.994178+00:00,full
244,7549,7560,temporal,0.7095567199455793,temporal,ARM_B,0.2,0,0.0,40.761,False,10,2026-08-18T15:55:08.124579+00:00,2026-08-18T15:56:50.994178+00:00,full
245,3577,3602,temporal,0.709559952073103,temporal,ARM_A,0.0,0,0.0,11.684,False,0,2026-08-18T15:55:08.124579+00:00,2026-08-18T15:56:51.246643+00:00,full
245,3577,3602,temporal,0.709559952073103,temporal,ARM_B,0.2,0,0.0,11.248,False,0,2026-08-18T15:55:08.124579+00:00,2026-08-18T15:56:51.246643+00:00,full
246,2950,2951,temporal,0.7096214755805549,temporal,ARM_A,0.0,0,0.0,6.689,False,2,2026-08-18T15:55:08.124579+00:00,2026-08-18T15:56:51.472215+00:00,full
246,2950,2951,temporal,0.7096214755805549,temporal,ARM_B,0.2,0,0.0,4.047,False,2,2026-08-18T15:55:08.124579+00:00,2026-08-18T15:56:51.472215+00:00,full
247,7451,7538,temporal,0.709683127942656,temporal,ARM_A,0.0,1,0.1111111111111111,26.339,False,10,2026-08-18T15:55:08.124579+00:00,2026-08-18T15:56:51.685855+00:00,full
247,7451,7538,temporal,0.709683127942656,temporal,ARM_B,0.2,1,0.125,173.045,False,10,2026-08-18T15:55:08.124579+00:00,2026-08-18T15:56:51.685855+00:00,full
248,7576,7603,temporal,0.7098943629766434,temporal,ARM_A,0.0,0,0.0,509.142,False,10,2026-08-18T15:55:08.124579+00:00,2026-08-18T15:56:52.089505+00:00,full
248,7576,7603,temporal,0.7098943629766434,temporal,ARM_B,0.2,0,0.0,1402.576,False,10,2026-08-18T15:55:08.124579+00:00,2026-08-18T15:56:52.089505+00:00,full
249,5259,5264,temporal,0.7099843871574913,temporal,ARM_A,0.0,1,0.5,33.441,False,10,2026-08-18T15:55:08.124579+00:00,2026-08-18T15:56:54.207521+00:00,full
249,5259,5264,temporal,0.7099843871574913,temporal,ARM_B,0.2,1,0.5,6.053,False,10,2026-08-18T15:55:08.124579+00:00,2026-08-18T15:56:54.207521+00:00,full
250,3829,3831,temporal,0.7100250720977833,temporal,ARM_A,0.0,1,0.25,15.477,False,10,2026-08-18T15:55:08.124579+00:00,2026-08-18T15:56:54.451460+00:00,full
250,3829,3831,temporal,0.7100250720977833,temporal,ARM_B,0.2,1,0.5,133.987,False,10,2026-08-18T15:55:08.124579+00:00,2026-08-18T15:56:54.451460+00:00,full
251,3877,3878,temporal,0.7101198780393796,temporal,ARM_A,0.0,1,0.2,12.704,False,10,2026-08-18T15:55:08.124579+00:00,2026-08-18T15:56:54.802818+00:00,full
251,3877,3878,temporal,0.7101198780393796,temporal,ARM_B,0.2,1,0.5,59.741,False,10,2026-08-18T15:55:08.124579+00:00,2026-08-18T15:56:54.802818+00:00,full
252,3877,3878,temporal,0.7101198780393796,temporal,ARM_A,0.0,1,0.2,3.487,False,10,2026-08-18T15:55:08.124579+00:00,2026-08-18T15:56:55.077454+00:00,full
252,3877,3878,temporal,0.7101198780393796,temporal,ARM_B,0.2,1,0.5,64.33,False,10,2026-08-18T15:55:08.124579+00:00,2026-08-18T15:56:55.077454+00:00,full
253,7675,7677,temporal,0.7101740107199644,temporal,ARM_A,0.0,1,0.3333333333333333,13.598,False,10,2026-08-18T15:55:08.124579+00:00,2026-08-18T15:56:55.347481+00:00,full
253,7675,7677,temporal,0.7101740107199644,temporal,ARM_B,0.2,1,0.5,4.383,False,10,2026-08-18T15:55:08.124579+00:00,2026-08-18T15:56:55.347481+00:00,full
254,3111,3113,temporal,0.7101935917023777,temporal,ARM_A,0.0,0,0.0,5.425,False,3,2026-08-18T15:55:08.124579+00:00,2026-08-18T15:56:55.566944+00:00,full
254,3111,3113,temporal,0.7101935917023777,temporal,ARM_B,0.2,0,0.0,4.735,False,3,2026-08-18T15:55:08.124579+00:00,2026-08-18T15:56:55.566944+00:00,full
255,3924,3925,temporal,0.7102529657188663,temporal,ARM_A,0.0,1,0.16666666666666666,13.431,False,10,2026-08-18T15:55:08.124579+00:00,2026-08-18T15:56:55.780750+00:00,full
255,3924,3925,temporal,0.7102529657188663,temporal,ARM_B,0.2,1,0.3333333333333333,35.473,False,10,2026-08-18T15:55:08.124579+00:00,2026-08-18T15:56:55.780750+00:00,full
256,7584,7585,temporal,0.7102802223134186,temporal,ARM_A,0.0,1,0.5,7.791,False,10,2026-08-18T15:55:08.124579+00:00,2026-08-18T15:56:56.033615+00:00,full
256,7584,7585,temporal,0.7102802223134186,temporal,ARM_B,0.2,1,0.5,471.687,False,10,2026-08-18T15:55:08.124579+00:00,2026-08-18T15:56:56.033615+00:00,full
257,7584,7585,temporal,0.7102802223134186,temporal,ARM_A,0.0,1,0.5,35.437,False,10,2026-08-18T15:55:08.124579+00:00,2026-08-18T15:56:56.722218+00:00,full
257,7584,7585,temporal,0.7102802223134186,temporal,ARM_B,0.2,1,0.5,51.026,False,10,2026-08-18T15:55:08.124579+00:00,2026-08-18T15:56:56.722218+00:00,full
258,7453,7506,temporal,0.7104982427801999,temporal,ARM_A,0.0,1,0.2,65.801,False,10,2026-08-18T15:55:08.124579+00:00,2026-08-18T15:56:57.010661+00:00,full
258,7453,7506,temporal,0.7104982427801999,temporal,ARM_B,0.2,1,0.25,1052.36,False,10,2026-08-18T15:55:08.124579+00:00,2026-08-18T15:56:57.010661+00:00,full
259,6440,6555,temporal,0.7106850437758957,temporal,ARM_A,0.0,0,0.0,10.299,False,1,2026-08-18T15:55:08.124579+00:00,2026-08-18T15:56:58.329963+00:00,full
259,6440,6555,temporal,0.7106850437758957,temporal,ARM_B,0.2,0,0.0,6.015,False,1,2026-08-18T15:55:08.124579+00:00,2026-08-18T15:56:58.329963+00:00,full
260,4306,4325,temporal,0.7107035345258448,temporal,ARM_A,0.0,0,0.0,32.604,False,10,2026-08-18T15:55:08.124579+00:00,2026-08-18T15:56:58.551597+00:00,full
260,4306,4325,temporal,0.7107035345258448,temporal,ARM_B,0.2,0,0.0,4.937,False,10,2026-08-18T15:55:08.124579+00:00,2026-08-18T15:56:58.551597+00:00,full
261,3488,3515,temporal,0.7107071029296991,temporal,ARM_A,0.0,0,0.0,6.233,False,5,2026-08-18T15:55:08.124579+00:00,2026-08-18T15:56:58.791757+00:00,full
261,3488,3515,temporal,0.7107071029296991,temporal,ARM_B,0.2,0,0.0,4.004,False,5,2026-08-18T15:55:08.124579+00:00,2026-08-18T15:56:58.791757+00:00,full
262,6542,6826,temporal,0.7107335117240722,temporal,ARM_A,0.0,0,0.0,41.229,False,0,2026-08-18T15:55:08.124579+00:00,2026-08-18T15:56:59.005564+00:00,full
262,6542,6826,temporal,0.7107335117240722,temporal,ARM_B,0.2,0,0.0,7.067,False,0,2026-08-18T15:55:08.124579+00:00,2026-08-18T15:56:59.005564+00:00,full
263,4571,4574,temporal,0.7107867849811071,temporal,ARM_A,0.0,1,0.3333333333333333,7.921,False,10,2026-08-18T15:55:08.124579+00:00,2026-08-18T15:56:59.257257+00:00,full
263,4571,4574,temporal,0.7107867849811071,temporal,ARM_B,0.2,1,1.0,5.404,False,10,2026-08-18T15:55:08.124579+00:00,2026-08-18T15:56:59.257257+00:00,full
264,4571,4574,temporal,0.7107867849811071,temporal,ARM_A,0.0,1,0.3333333333333333,5.435,False,10,2026-08-18T15:55:08.124579+00:00,2026-08-18T15:56:59.472760+00:00,full
264,4571,4574,temporal,0.7107867849811071,temporal,ARM_B,0.2,1,1.0,5.512,False,10,2026-08-18T15:55:08.124579+00:00,2026-08-18T15:56:59.472760+00:00,full
265,7503,7504,temporal,0.7107879770741448,temporal,ARM_A,0.0,1,0.1,27.981,False,10,2026-08-18T15:55:08.124579+00:00,2026-08-18T15:56:59.686203+00:00,full
265,7503,7504,temporal,0.7107879770741448,temporal,ARM_B,0.2,1,0.14285714285714285,73.578,False,10,2026-08-18T15:55:08.124579+00:00,2026-08-18T15:56:59.686203+00:00,full
266,7503,7504,temporal,0.7107879770741448,temporal,ARM_A,0.0,1,0.1,6.079,False,10,2026-08-18T15:55:08.124579+00:00,2026-08-18T15:56:59.991673+00:00,full
266,7503,7504,temporal,0.7107879770741448,temporal,ARM_B,0.2,1,0.14285714285714285,78.368,False,10,2026-08-18T15:55:08.124579+00:00,2026-08-18T15:56:59.991673+00:00,full
267,5937,5983,temporal,0.710882650447287,temporal,ARM_A,0.0,0,0.0,391.09,False,0,2026-08-18T15:55:08.124579+00:00,2026-08-18T15:57:00.284397+00:00,full
267,5937,5983,temporal,0.710882650447287,temporal,ARM_B,0.2,0,0.0,16.346,False,0,2026-08-18T15:55:08.124579+00:00,2026-08-18T15:57:00.284397+00:00,full
268,3394,3399,temporal,0.7108883513079158,temporal,ARM_A,0.0,1,0.3333333333333333,103.858,False,10,2026-08-18T15:55:08.124579+00:00,2026-08-18T15:57:00.925893+00:00,full
268,3394,3399,temporal,0.7108883513079158,temporal,ARM_B,0.2,1,0.3333333333333333,32.266,False,10,2026-08-18T15:55:08.124579+00:00,2026-08-18T15:57:00.925893+00:00,full
269,7518,7519,temporal,0.7108895990517695,temporal,ARM_A,0.0,0,0.0,58.081,False,10,2026-08-18T15:55:08.124579+00:00,2026-08-18T15:57:01.263721+00:00,full
269,7518,7519,temporal,0.7108895990517695,temporal,ARM_B,0.2,1,0.1111111111111111,859.585,False,10,2026-08-18T15:55:08.124579+00:00,2026-08-18T15:57:01.263721+00:00,full
270,7518,7519,temporal,0.7108895990517695,temporal,ARM_A,0.0,0,0.0,6.658,False,10,2026-08-18T15:55:08.124579+00:00,2026-08-18T15:57:02.383821+00:00,full
270,7518,7519,temporal,0.7108895990517695,temporal,ARM_B,0.2,1,0.1111111111111111,89.483,False,10,2026-08-18T15:55:08.124579+00:00,2026-08-18T15:57:02.383821+00:00,full
271,7638,7641,temporal,0.7109348350206431,temporal,ARM_A,0.0,1,0.25,65.337,False,10,2026-08-18T15:55:08.124579+00:00,2026-08-18T15:57:02.682749+00:00,full
271,7638,7641,temporal,0.7109348350206431,temporal,ARM_B,0.2,1,0.3333333333333333,4.771,False,10,2026-08-18T15:55:08.124579+00:00,2026-08-18T15:57:02.682749+00:00,full
272,7450,7599,temporal,0.7110901726591805,temporal,ARM_A,0.0,0,0.0,8.471,False,10,2026-08-18T15:55:08.124579+00:00,2026-08-18T15:57:02.956978+00:00,full
272,7450,7599,temporal,0.7110901726591805,temporal,ARM_B,0.2,0,0.0,92.835,False,10,2026-08-18T15:55:08.124579+00:00,2026-08-18T15:57:02.956978+00:00,full
273,7507,7595,temporal,0.7111727423174836,temporal,ARM_A,0.0,1,0.16666666666666666,63.361,False,10,2026-08-18T15:55:08.124579+00:00,2026-08-18T15:57:03.261800+00:00,full
273,7507,7595,temporal,0.7111727423174836,temporal,ARM_B,0.2,1,0.3333333333333333,112.626,False,10,2026-08-18T15:55:08.124579+00:00,2026-08-18T15:57:03.261800+00:00,full
274,7430,7469,temporal,0.7112029155013417,temporal,ARM_A,0.0,1,0.2,58.202,False,10,2026-08-18T15:55:08.124579+00:00,2026-08-18T15:57:03.648126+00:00,full
274,7430,7469,temporal,0.7112029155013417,temporal,ARM_B,0.2,1,0.3333333333333333,133.437,False,10,2026-08-18T15:55:08.124579+00:00,2026-08-18T15:57:03.648126+00:00,full
275,4314,4315,temporal,0.7112159000658843,temporal,ARM_A,0.0,0,0.0,41.387,False,10,2026-08-18T15:55:08.124579+00:00,2026-08-18T15:57:04.044939+00:00,full
275,4314,4315,temporal,0.7112159000658843,temporal,ARM_B,0.2,0,0.0,13.568,False,10,2026-08-18T15:55:08.124579+00:00,2026-08-18T15:57:04.044939+00:00,full
276,7548,7554,temporal,0.7112737549869722,temporal,ARM_A,0.0,1,0.25,256.805,False,10,2026-08-18T15:55:08.124579+00:00,2026-08-18T15:57:04.304388+00:00,full
276,7548,7554,temporal,0.7112737549869722,temporal,ARM_B,0.2,1,0.3333333333333333,74.312,False,10,2026-08-18T15:55:08.124579+00:00,2026-08-18T15:57:04.304388+00:00,full
277,7433,7538,temporal,0.7113097853782072,temporal,ARM_A,0.0,1,0.14285714285714285,72.04,False,10,2026-08-18T15:55:08.124579+00:00,2026-08-18T15:57:04.841457+00:00,full
277,7433,7538,temporal,0.7113097853782072,temporal,ARM_B,0.2,1,0.16666666666666666,1380.593,False,10,2026-08-18T15:55:08.124579+00:00,2026-08-18T15:57:04.841457+00:00,full
278,4594,4597,temporal,0.7113298177719116,temporal,ARM_A,0.0,1,0.5,45.921,False,10,2026-08-18T15:55:08.124579+00:00,2026-08-18T15:57:06.499959+00:00,full
278,4594,4597,temporal,0.7113298177719116,temporal,ARM_B,0.2,1,1.0,12.994,False,10,2026-08-18T15:55:08.124579+00:00,2026-08-18T15:57:06.499959+00:00,full
279,4594,4597,temporal,0.7113298177719116,temporal,ARM_A,0.0,1,0.5,6.631,False,10,2026-08-18T15:55:08.124579+00:00,2026-08-18T15:57:06.763422+00:00,full
279,4594,4597,temporal,0.7113298177719116,temporal,ARM_B,0.2,1,1.0,6.226,False,10,2026-08-18T15:55:08.124579+00:00,2026-08-18T15:57:06.763422+00:00,full
280,7629,7636,temporal,0.7113680707466711,temporal,ARM_A,0.0,1,0.25,13.818,False,10,2026-08-18T15:55:08.124579+00:00,2026-08-18T15:57:06.978236+00:00,full
280,7629,7636,temporal,0.7113680707466711,temporal,ARM_B,0.2,1,0.3333333333333333,3.889,False,10,2026-08-18T15:55:08.124579+00:00,2026-08-18T15:57:06.978236+00:00,full
281,7507,7594,temporal,0.7114529477734789,temporal,ARM_A,0.0,1,0.2,7.767,False,10,2026-08-18T15:55:08.124579+00:00,2026-08-18T15:57:07.199581+00:00,full
281,7507,7594,temporal,0.7114529477734789,temporal,ARM_B,0.2,1,0.5,65.137,False,10,2026-08-18T15:55:08.124579+00:00,2026-08-18T15:57:07.199581+00:00,full
282,3395,3398,temporal,0.7114671680768484,temporal,ARM_A,0.0,1,0.125,23.743,False,10,2026-08-18T15:55:08.124579+00:00,2026-08-18T15:57:07.476712+00:00,full
282,3395,3398,temporal,0.7114671680768484,temporal,ARM_B,0.2,1,0.2,4.791,False,10,2026-08-18T15:55:08.124579+00:00,2026-08-18T15:57:07.476712+00:00,full
283,7609,7611,temporal,0.7115685343742371,temporal,ARM_A,0.0,1,0.2,20.937,False,10,2026-08-18T15:55:08.124579+00:00,2026-08-18T15:57:07.707956+00:00,full
283,7609,7611,temporal,0.7115685343742371,temporal,ARM_B,0.2,1,0.25,14.53,False,10,2026-08-18T15:55:08.124579+00:00,2026-08-18T15:57:07.707956+00:00,full
284,7609,7611,temporal,0.7115685343742371,temporal,ARM_A,0.0,1,0.2,6.272,False,10,2026-08-18T15:55:08.124579+00:00,2026-08-18T15:57:07.944678+00:00,full
284,7609,7611,temporal,0.7115685343742371,temporal,ARM_B,0.2,1,0.25,12.228,False,10,2026-08-18T15:55:08.124579+00:00,2026-08-18T15:57:07.944678+00:00,full
285,7476,7595,temporal,0.7115833335171156,temporal,ARM_A,0.0,1,0.16666666666666666,17.272,False,10,2026-08-18T15:55:08.124579+00:00,2026-08-18T15:57:08.169034+00:00,full
285,7476,7595,temporal,0.7115833335171156,temporal,ARM_B,0.2,1,0.2,1804.258,False,10,2026-08-18T15:55:08.124579+00:00,2026-08-18T15:57:08.169034+00:00,full
286,3799,3800,temporal,0.7116371817372562,temporal,ARM_A,0.0,1,0.3333333333333333,96.747,False,10,2026-08-18T15:55:08.124579+00:00,2026-08-18T15:57:10.198037+00:00,full
286,3799,3800,temporal,0.7116371817372562,temporal,ARM_B,0.2,1,0.5,167.578,False,10,2026-08-18T15:55:08.124579+00:00,2026-08-18T15:57:10.198037+00:00,full
287,7432,7437,temporal,0.7116473741321203,temporal,ARM_A,0.0,0,0.0,19.1,False,10,2026-08-18T15:55:08.124579+00:00,2026-08-18T15:57:10.666385+00:00,full
287,7432,7437,temporal,0.7116473741321203,temporal,ARM_B,0.2,0,0.0,128.56,False,10,2026-08-18T15:55:08.124579+00:00,2026-08-18T15:57:10.666385+00:00,full
288,7570,7571,temporal,0.7116982168971442,temporal,ARM_A,0.0,1,0.5,43.566,False,10,2026-08-18T15:55:08.124579+00:00,2026-08-18T15:57:11.017582+00:00,full
288,7570,7571,temporal,0.7116982168971442,temporal,ARM_B,0.2,1,0.5,31.127,False,10,2026-08-18T15:55:08.124579+00:00,2026-08-18T15:57:11.017582+00:00,full
289,7570,7571,temporal,0.7116982168971442,temporal,ARM_A,0.0,1,0.5,6.811,False,10,2026-08-18T15:55:08.124579+00:00,2026-08-18T15:57:11.293811+00:00,full
289,7570,7571,temporal,0.7116982168971442,temporal,ARM_B,0.2,1,0.5,11.057,False,10,2026-08-18T15:55:08.124579+00:00,2026-08-18T15:57:11.293811+00:00,full
290,7491,7492,temporal,0.711757110321094,temporal,ARM_A,0.0,1,0.25,6.634,False,10,2026-08-18T15:55:08.124579+00:00,2026-08-18T15:57:11.513655+00:00,full
290,7491,7492,temporal,0.711757110321094,temporal,ARM_B,0.2,1,0.3333333333333333,48.007,False,10,2026-08-18T15:55:08.124579+00:00,2026-08-18T15:57:11.513655+00:00,full
291,7491,7492,temporal,0.711757110321094,temporal,ARM_A,0.0,1,0.25,8.632,False,10,2026-08-18T15:55:08.124579+00:00,2026-08-18T15:57:11.770641+00:00,full
291,7491,7492,temporal,0.711757110321094,temporal,ARM_B,0.2,1,0.3333333333333333,63.973,False,10,2026-08-18T15:55:08.124579+00:00,2026-08-18T15:57:11.770641+00:00,full
292,7614,7619,temporal,0.7117729823386358,temporal,ARM_A,0.0,1,0.14285714285714285,18.227,False,10,2026-08-18T15:55:08.124579+00:00,2026-08-18T15:57:12.048935+00:00,full
292,7614,7619,temporal,0.7117729823386358,temporal,ARM_B,0.2,1,0.2,5.618,False,10,2026-08-18T15:55:08.124579+00:00,2026-08-18T15:57:12.048935+00:00,full
293,7614,7619,temporal,0.7117729823386358,temporal,ARM_A,0.0,1,0.14285714285714285,3.813,False,10,2026-08-18T15:55:08.124579+00:00,2026-08-18T15:57:12.275320+00:00,full
293,7614,7619,temporal,0.7117729823386358,temporal,ARM_B,0.2,1,0.2,6.284,False,10,2026-08-18T15:55:08.124579+00:00,2026-08-18T15:57:12.275320+00:00,full
294,3499,3501,temporal,0.7118494722798313,temporal,ARM_A,0.0,0,0.0,230.086,False,6,2026-08-18T15:55:08.124579+00:00,2026-08-18T15:57:12.487684+00:00,full
294,3499,3501,temporal,0.7118494722798313,temporal,ARM_B,0.2,0,0.0,15.996,False,6,2026-08-18T15:55:08.124579+00:00,2026-08-18T15:57:12.487684+00:00,full
295,3499,3501,temporal,0.7118494722798313,temporal,ARM_A,0.0,0,0.0,18.209,False,6,2026-08-18T15:55:08.124579+00:00,2026-08-18T15:57:12.935636+00:00,full
295,3499,3501,temporal,0.7118494722798313,temporal,ARM_B,0.2,0,0.0,20.853,False,6,2026-08-18T15:55:08.124579+00:00,2026-08-18T15:57:12.935636+00:00,full
296,3488,3507,temporal,0.7119096517562917,temporal,ARM_A,0.0,0,0.0,23.876,False,5,2026-08-18T15:55:08.124579+00:00,2026-08-18T15:57:13.177063+00:00,full
296,3488,3507,temporal,0.7119096517562917,temporal,ARM_B,0.2,0,0.0,33.583,False,5,2026-08-18T15:55:08.124579+00:00,2026-08-18T15:57:13.177063+00:00,full
297,7435,7456,temporal,0.7119538521629182,temporal,ARM_A,0.0,1,0.1,88.732,False,10,2026-08-18T15:55:08.124579+00:00,2026-08-18T15:57:13.438401+00:00,full
297,7435,7456,temporal,0.7119538521629182,temporal,ARM_B,0.2,1,0.25,963.245,False,10,2026-08-18T15:55:08.124579+00:00,2026-08-18T15:57:13.438401+00:00,full
298,7527,7529,temporal,0.7119950480458181,temporal,ARM_A,0.0,1,0.125,25.201,False,10,2026-08-18T15:55:08.124579+00:00,2026-08-18T15:57:14.696042+00:00,full
298,7527,7529,temporal,0.7119950480458181,temporal,ARM_B,0.2,1,0.2,40.527,False,10,2026-08-18T15:55:08.124579+00:00,2026-08-18T15:57:14.696042+00:00,full
299,7527,7529,temporal,0.7119950480458181,temporal,ARM_A,0.0,1,0.125,5.079,False,10,2026-08-18T15:55:08.124579+00:00,2026-08-18T15:57:14.964818+00:00,full
299,7527,7529,temporal,0.7119950480458181,temporal,ARM_B,0.2,1,0.2,44.695,False,10,2026-08-18T15:55:08.124579+00:00,2026-08-18T15:57:14.964818+00:00,full
300,4333,4337,temporal,0.7120011196135191,temporal,ARM_A,0.0,0,0.0,62.084,False,10,2026-08-18T15:55:08.124579+00:00,2026-08-18T15:57:15.221469+00:00,full
300,4333,4337,temporal,0.7120011196135191,temporal,ARM_B,0.2,0,0.0,9.29,False,10,2026-08-18T15:55:08.124579+00:00,2026-08-18T15:57:15.221469+00:00,full
301,4333,4337,temporal,0.7120011196135191,temporal,ARM_A,0.0,0,0.0,4.92,False,10,2026-08-18T15:55:08.124579+00:00,2026-08-18T15:57:15.496696+00:00,full
301,4333,4337,temporal,0.7120011196135191,temporal,ARM_B,0.2,0,0.0,5.32,False,10,2026-08-18T15:55:08.124579+00:00,2026-08-18T15:57:15.496696+00:00,full
302,2809,2814,temporal,0.7121280007286084,temporal,ARM_A,0.0,0,0.0,6.017,False,8,2026-08-18T15:55:08.124579+00:00,2026-08-18T15:57:15.709607+00:00,full
302,2809,2814,temporal,0.7121280007286084,temporal,ARM_B,0.2,0,0.0,5.28,False,8,2026-08-18T15:55:08.124579+00:00,2026-08-18T15:57:15.709607+00:00,full
303,4559,4565,temporal,0.7122089307495024,temporal,ARM_A,0.0,0,0.0,10.71,False,10,2026-08-18T15:55:08.124579+00:00,2026-08-18T15:57:15.924861+00:00,full
303,4559,4565,temporal,0.7122089307495024,temporal,ARM_B,0.2,1,0.1111111111111111,12.526,False,10,2026-08-18T15:55:08.124579+00:00,2026-08-18T15:57:15.924861+00:00,full
304,3560,3592,temporal,0.7122266374039611,temporal,ARM_A,0.0,0,0.0,10.913,False,3,2026-08-18T15:55:08.124579+00:00,2026-08-18T15:57:16.151071+00:00,full
304,3560,3592,temporal,0.7122266374039611,temporal,ARM_B,0.2,0,0.0,5.142,False,3,2026-08-18T15:55:08.124579+00:00,2026-08-18T15:57:16.151071+00:00,full
305,7450,7576,temporal,0.7122451107721133,temporal,ARM_A,0.0,0,0.0,17.313,False,10,2026-08-18T15:55:08.124579+00:00,2026-08-18T15:57:16.369644+00:00,full
305,7450,7576,temporal,0.7122451107721133,temporal,ARM_B,0.2,1,0.1,85.342,False,10,2026-08-18T15:55:08.124579+00:00,2026-08-18T15:57:16.369644+00:00,full
306,7413,7414,temporal,0.7122520673650606,temporal,ARM_A,0.0,1,0.3333333333333333,257.878,False,10,2026-08-18T15:55:08.124579+00:00,2026-08-18T15:57:16.677029+00:00,full
306,7413,7414,temporal,0.7122520673650606,temporal,ARM_B,0.2,1,0.3333333333333333,44.8,False,10,2026-08-18T15:55:08.124579+00:00,2026-08-18T15:57:16.677029+00:00,full
307,7413,7414,temporal,0.7122520673650606,temporal,ARM_A,0.0,1,0.3333333333333333,45.873,False,10,2026-08-18T15:55:08.124579+00:00,2026-08-18T15:57:17.187048+00:00,full
307,7413,7414,temporal,0.7122520673650606,temporal,ARM_B,0.2,1,0.3333333333333333,43.494,False,10,2026-08-18T15:55:08.124579+00:00,2026-08-18T15:57:17.187048+00:00,full
308,7438,7442,temporal,0.7122715580868142,temporal,ARM_A,0.0,1,0.125,61.58,False,10,2026-08-18T15:55:08.124579+00:00,2026-08-18T15:57:17.479381+00:00,full
308,7438,7442,temporal,0.7122715580868142,temporal,ARM_B,0.2,1,0.125,1127.356,False,10,2026-08-18T15:55:08.124579+00:00,2026-08-18T15:57:17.479381+00:00,full
309,7438,7442,temporal,0.7122715580868142,temporal,ARM_A,0.0,1,0.125,4.281,False,10,2026-08-18T15:55:08.124579+00:00,2026-08-18T15:57:18.871871+00:00,full
309,7438,7442,temporal,0.7122715580868142,temporal,ARM_B,0.2,1,0.125,159.751,False,10,2026-08-18T15:55:08.124579+00:00,2026-08-18T15:57:18.871871+00:00,full
310,4324,4325,temporal,0.7122795238828091,temporal,ARM_A,0.0,0,0.0,9.976,False,5,2026-08-18T15:55:08.124579+00:00,2026-08-18T15:57:19.238912+00:00,full
310,4324,4325,temporal,0.7122795238828091,temporal,ARM_B,0.2,0,0.0,4.852,False,5,2026-08-18T15:55:08.124579+00:00,2026-08-18T15:57:19.238912+00:00,full
311,4324,4325,temporal,0.7122795238828091,temporal,ARM_A,0.0,0,0.0,7.445,False,5,2026-08-18T15:55:08.124579+00:00,2026-08-18T15:57:19.455958+00:00,full
311,4324,4325,temporal,0.7122795238828091,temporal,ARM_B,0.2,0,0.0,5.632,False,5,2026-08-18T15:55:08.124579+00:00,2026-08-18T15:57:19.455958+00:00,full
312,3736,3737,temporal,0.712363439061438,temporal,ARM_A,0.0,0,0.0,14.456,False,10,2026-08-18T15:55:08.124579+00:00,2026-08-18T15:57:19.672570+00:00,full
312,3736,3737,temporal,0.712363439061438,temporal,ARM_B,0.2,0,0.0,8.13,False,10,2026-08-18T15:55:08.124579+00:00,2026-08-18T15:57:19.672570+00:00,full
313,3121,3125,temporal,0.7123842582244616,temporal,ARM_A,0.0,0,0.0,19.406,False,7,2026-08-18T15:55:08.124579+00:00,2026-08-18T15:57:19.897401+00:00,full
313,3121,3125,temporal,0.7123842582244616,temporal,ARM_B,0.2,0,0.0,5.229,False,7,2026-08-18T15:55:08.124579+00:00,2026-08-18T15:57:19.897401+00:00,full
314,7441,7458,temporal,0.7123985461951282,temporal,ARM_A,0.0,1,0.25,7.755,False,10,2026-08-18T15:55:08.124579+00:00,2026-08-18T15:57:20.124596+00:00,full
314,7441,7458,temporal,0.7123985461951282,temporal,ARM_B,0.2,1,0.25,213.902,False,10,2026-08-18T15:55:08.124579+00:00,2026-08-18T15:57:20.124596+00:00,full
315,6170,6473,temporal,0.7124902263272078,temporal,ARM_A,0.0,0,0.0,51.397,False,0,2026-08-18T15:55:08.124579+00:00,2026-08-18T15:57:20.550064+00:00,full
315,6170,6473,temporal,0.7124902263272078,temporal,ARM_B,0.2,0,0.0,11.587,False,0,2026-08-18T15:55:08.124579+00:00,2026-08-18T15:57:20.550064+00:00,full
316,7456,7479,temporal,0.7124979153273018,temporal,ARM_A,0.0,1,0.1111111111111111,253.545,False,10,2026-08-18T15:55:08.124579+00:00,2026-08-18T15:57:20.816927+00:00,full
316,7456,7479,temporal,0.7124979153273018,temporal,ARM_B,0.2,1,0.16666666666666666,1671.099,False,10,2026-08-18T15:55:08.124579+00:00,2026-08-18T15:57:20.816927+00:00,full
317,7450,7606,temporal,0.7125766147042265,temporal,ARM_A,0.0,0,0.0,29.175,False,10,2026-08-18T15:55:08.124579+00:00,2026-08-18T15:57:22.945250+00:00,full
317,7450,7606,temporal,0.7125766147042265,temporal,ARM_B,0.2,1,0.1111111111111111,82.768,False,10,2026-08-18T15:55:08.124579+00:00,2026-08-18T15:57:22.945250+00:00,full
318,4597,4619,temporal,0.712662935256958,temporal,ARM_A,0.0,1,0.3333333333333333,10.565,False,10,2026-08-18T15:55:08.124579+00:00,2026-08-18T15:57:23.260692+00:00,full
318,4597,4619,temporal,0.712662935256958,temporal,ARM_B,0.2,1,0.3333333333333333,6.836,False,10,2026-08-18T15:55:08.124579+00:00,2026-08-18T15:57:23.260692+00:00,full
319,7629,7632,temporal,0.7126699131134103,temporal,ARM_A,0.0,1,0.3333333333333333,10.394,False,10,2026-08-18T15:55:08.124579+00:00,2026-08-18T15:57:23.479635+00:00,full
319,7629,7632,temporal,0.7126699131134103,temporal,ARM_B,0.2,1,0.5,5.756,False,10,2026-08-18T15:55:08.124579+00:00,2026-08-18T15:57:23.479635+00:00,full
320,7629,7632,temporal,0.7126699131134103,temporal,ARM_A,0.0,1,0.3333333333333333,3.77,False,10,2026-08-18T15:55:08.124579+00:00,2026-08-18T15:57:23.697601+00:00,full
320,7629,7632,temporal,0.7126699131134103,temporal,ARM_B,0.2,1,0.5,4.3,False,10,2026-08-18T15:55:08.124579+00:00,2026-08-18T15:57:23.697601+00:00,full
321,7495,7561,temporal,0.7127574682235718,temporal,ARM_A,0.0,0,0.0,10.204,False,10,2026-08-18T15:55:08.124579+00:00,2026-08-18T15:57:23.910178+00:00,full
321,7495,7561,temporal,0.7127574682235718,temporal,ARM_B,0.2,0,0.0,71.351,False,10,2026-08-18T15:55:08.124579+00:00,2026-08-18T15:57:23.910178+00:00,full
322,3594,3597,temporal,0.7129516985132939,temporal,ARM_A,0.0,0,0.0,13.792,False,4,2026-08-18T15:55:08.124579+00:00,2026-08-18T15:57:24.194634+00:00,full
322,3594,3597,temporal,0.7129516985132939,temporal,ARM_B,0.2,0,0.0,8.851,False,4,2026-08-18T15:55:08.124579+00:00,2026-08-18T15:57:24.194634+00:00,full
323,2896,2898,temporal,0.712975510294828,temporal,ARM_A,0.0,1,0.25,33.402,False,5,2026-08-18T15:55:08.124579+00:00,2026-08-18T15:57:24.423382+00:00,full
323,2896,2898,temporal,0.712975510294828,temporal,ARM_B,0.2,1,0.5,7.271,False,5,2026-08-18T15:55:08.124579+00:00,2026-08-18T15:57:24.423382+00:00,full
324,3070,3072,temporal,0.7130247437402262,temporal,ARM_A,0.0,0,0.0,30.308,False,7,2026-08-18T15:55:08.124579+00:00,2026-08-18T15:57:24.670511+00:00,full
324,3070,3072,temporal,0.7130247437402262,temporal,ARM_B,0.2,0,0.0,14.259,False,7,2026-08-18T15:55:08.124579+00:00,2026-08-18T15:57:24.670511+00:00,full
325,4578,4583,causal,0.7131604977345776,causal,ARM_A,0.0,1,0.25,272.849,False,10,2026-08-18T15:55:08.124579+00:00,2026-08-18T15:57:24.920339+00:00,full
325,4578,4583,causal,0.7131604977345776,causal,ARM_B,0.2,1,0.5,42.925,False,10,2026-08-18T15:55:08.124579+00:00,2026-08-18T15:57:24.920339+00:00,full
326,4578,4583,causal,0.7131604977345776,causal,ARM_A,0.0,1,0.25,40.376,False,10,2026-08-18T15:55:08.124579+00:00,2026-08-18T15:57:25.440746+00:00,full
326,4578,4583,causal,0.7131604977345776,causal,ARM_B,0.2,1,0.5,44.469,False,10,2026-08-18T15:55:08.124579+00:00,2026-08-18T15:57:25.440746+00:00,full
327,4578,4583,temporal,0.7131604977345776,temporal,ARM_A,0.0,1,0.25,44.859,False,10,2026-08-18T15:55:08.124579+00:00,2026-08-18T15:57:25.728076+00:00,full
327,4578,4583,temporal,0.7131604977345776,temporal,ARM_B,0.2,1,0.5,41.339,False,10,2026-08-18T15:55:08.124579+00:00,2026-08-18T15:57:25.728076+00:00,full
328,7120,7140,temporal,0.713162205015487,temporal,ARM_A,0.0,0,0.0,65.286,False,0,2026-08-18T15:55:08.124579+00:00,2026-08-18T15:57:26.018051+00:00,full
328,7120,7140,temporal,0.713162205015487,temporal,ARM_B,0.2,0,0.0,18.29,False,0,2026-08-18T15:55:08.124579+00:00,2026-08-18T15:57:26.018051+00:00,full
329,7451,7495,temporal,0.7131961584091187,temporal,ARM_A,0.0,1,0.125,69.404,False,10,2026-08-18T15:55:08.124579+00:00,2026-08-18T15:57:26.303771+00:00,full
329,7451,7495,temporal,0.7131961584091187,temporal,ARM_B,0.2,1,0.14285714285714285,533.218,False,10,2026-08-18T15:55:08.124579+00:00,2026-08-18T15:57:26.303771+00:00,full
330,7503,7564,temporal,0.7132167515908935,temporal,ARM_A,0.0,1,0.125,15.21,False,10,2026-08-18T15:55:08.124579+00:00,2026-08-18T15:57:27.109553+00:00,full
330,7503,7564,temporal,0.7132167515908935,temporal,ARM_B,0.2,1,0.2,77.567,False,10,2026-08-18T15:55:08.124579+00:00,2026-08-18T15:57:27.109553+00:00,full
331,7478,7606,temporal,0.7133595814346672,temporal,ARM_A,0.0,0,0.0,10.196,False,10,2026-08-18T15:55:08.124579+00:00,2026-08-18T15:57:27.405255+00:00,full
331,7478,7606,temporal,0.7133595814346672,temporal,ARM_B,0.2,1,0.125,67.129,False,10,2026-08-18T15:55:08.124579+00:00,2026-08-18T15:57:27.405255+00:00,full
332,7446,7561,temporal,0.7133883237838745,temporal,ARM_A,0.0,0,0.0,7.403,False,10,2026-08-18T15:55:08.124579+00:00,2026-08-18T15:57:27.685384+00:00,full
332,7446,7561,temporal,0.7133883237838745,temporal,ARM_B,0.2,0,0.0,93.353,False,10,2026-08-18T15:55:08.124579+00:00,2026-08-18T15:57:27.685384+00:00,full
333,7442,7443,temporal,0.7135202884674072,temporal,ARM_A,0.0,0,0.0,8.425,False,10,2026-08-18T15:55:08.124579+00:00,2026-08-18T15:57:27.989280+00:00,full
333,7442,7443,temporal,0.7135202884674072,temporal,ARM_B,0.2,0,0.0,141.348,False,10,2026-08-18T15:55:08.124579+00:00,2026-08-18T15:57:27.989280+00:00,full
334,7442,7443,temporal,0.7135202884674072,temporal,ARM_A,0.0,0,0.0,5.094,False,10,2026-08-18T15:55:08.124579+00:00,2026-08-18T15:57:28.345367+00:00,full
334,7442,7443,temporal,0.7135202884674072,temporal,ARM_B,0.2,0,0.0,160.335,False,10,2026-08-18T15:55:08.124579+00:00,2026-08-18T15:57:28.345367+00:00,full
335,7430,7467,temporal,0.7135287310621676,temporal,ARM_A,0.0,1,0.25,7.876,False,10,2026-08-18T15:55:08.124579+00:00,2026-08-18T15:57:28.716106+00:00,full
335,7430,7467,temporal,0.7135287310621676,temporal,ARM_B,0.2,1,0.5,698.923,False,10,2026-08-18T15:55:08.124579+00:00,2026-08-18T15:57:28.716106+00:00,full
336,3001,3002,temporal,0.7135618880146999,temporal,ARM_A,0.0,1,0.2,37.677,False,10,2026-08-18T15:55:08.124579+00:00,2026-08-18T15:57:29.626961+00:00,full
336,3001,3002,temporal,0.7135618880146999,temporal,ARM_B,0.2,1,0.5,25.588,False,10,2026-08-18T15:55:08.124579+00:00,2026-08-18T15:57:29.626961+00:00,full
337,2927,2928,temporal,0.7137485997377208,temporal,ARM_A,0.0,1,0.2,32.215,False,6,2026-08-18T15:55:08.124579+00:00,2026-08-18T15:57:29.899389+00:00,full
337,2927,2928,temporal,0.7137485997377208,temporal,ARM_B,0.2,1,0.2,20.169,False,6,2026-08-18T15:55:08.124579+00:00,2026-08-18T15:57:29.899389+00:00,full
338,3577,3583,temporal,0.7139641259302018,temporal,ARM_A,0.0,0,0.0,44.269,False,0,2026-08-18T15:55:08.124579+00:00,2026-08-18T15:57:30.156286+00:00,full
338,3577,3583,temporal,0.7139641259302018,temporal,ARM_B,0.2,0,0.0,18.314,False,0,2026-08-18T15:55:08.124579+00:00,2026-08-18T15:57:30.156286+00:00,full
339,7484,7506,temporal,0.7139739436483957,temporal,ARM_A,0.0,1,0.16666666666666666,56.513,False,10,2026-08-18T15:55:08.124579+00:00,2026-08-18T15:57:30.425213+00:00,full
339,7484,7506,temporal,0.7139739436483957,temporal,ARM_B,0.2,1,0.25,480.257,False,10,2026-08-18T15:55:08.124579+00:00,2026-08-18T15:57:30.425213+00:00,full
340,3560,3605,temporal,0.7140210185101077,temporal,ARM_A,0.0,0,0.0,8.411,False,3,2026-08-18T15:55:08.124579+00:00,2026-08-18T15:57:31.164334+00:00,full
340,3560,3605,temporal,0.7140210185101077,temporal,ARM_B,0.2,0,0.0,3.359,False,3,2026-08-18T15:55:08.124579+00:00,2026-08-18T15:57:31.164334+00:00,full
341,2962,2964,temporal,0.7140492456018076,temporal,ARM_A,0.0,0,0.0,8.828,False,10,2026-08-18T15:55:08.124579+00:00,2026-08-18T15:57:31.379294+00:00,full
341,2962,2964,temporal,0.7140492456018076,temporal,ARM_B,0.2,0,0.0,6.56,False,10,2026-08-18T15:55:08.124579+00:00,2026-08-18T15:57:31.379294+00:00,full
342,2962,2964,temporal,0.7140492456018076,temporal,ARM_A,0.0,0,0.0,3.783,False,10,2026-08-18T15:55:08.124579+00:00,2026-08-18T15:57:31.599757+00:00,full
342,2962,2964,temporal,0.7140492456018076,temporal,ARM_B,0.2,0,0.0,4.653,False,10,2026-08-18T15:55:08.124579+00:00,2026-08-18T15:57:31.599757+00:00,full
343,3099,3110,temporal,0.7140949113255896,temporal,ARM_A,0.0,0,0.0,8.283,False,5,2026-08-18T15:55:08.124579+00:00,2026-08-18T15:57:31.811287+00:00,full
343,3099,3110,temporal,0.7140949113255896,temporal,ARM_B,0.2,0,0.0,4.634,False,5,2026-08-18T15:55:08.124579+00:00,2026-08-18T15:57:31.811287+00:00,full
344,7438,7593,temporal,0.7142302095774282,temporal,ARM_A,0.0,1,0.14285714285714285,7.464,False,10,2026-08-18T15:55:08.124579+00:00,2026-08-18T15:57:32.058082+00:00,full
344,7438,7593,temporal,0.7142302095774282,temporal,ARM_B,0.2,1,0.14285714285714285,140.6,False,10,2026-08-18T15:55:08.124579+00:00,2026-08-18T15:57:32.058082+00:00,full
345,7079,7140,temporal,0.714279294013977,temporal,ARM_A,0.0,0,0.0,8.702,False,1,2026-08-18T15:55:08.124579+00:00,2026-08-18T15:57:32.408405+00:00,full
345,7079,7140,temporal,0.714279294013977,temporal,ARM_B,0.2,0,0.0,4.887,False,1,2026-08-18T15:55:08.124579+00:00,2026-08-18T15:57:32.408405+00:00,full
346,4317,4331,temporal,0.7143651800425269,temporal,ARM_A,0.0,0,0.0,5.58,False,6,2026-08-18T15:55:08.124579+00:00,2026-08-18T15:57:32.626103+00:00,full
346,4317,4331,temporal,0.7143651800425269,temporal,ARM_B,0.2,0,0.0,6.453,False,6,2026-08-18T15:55:08.124579+00:00,2026-08-18T15:57:32.626103+00:00,full
347,5566,5766,temporal,0.7144583037818502,temporal,ARM_A,0.0,0,0.0,15.58,False,1,2026-08-18T15:55:08.124579+00:00,2026-08-18T15:57:32.843078+00:00,full
347,5566,5766,temporal,0.7144583037818502,temporal,ARM_B,0.2,0,0.0,26.039,False,1,2026-08-18T15:55:08.124579+00:00,2026-08-18T15:57:32.843078+00:00,full
348,7520,7539,temporal,0.7146000095963496,temporal,ARM_A,0.0,1,0.25,352.193,False,10,2026-08-18T15:55:08.124579+00:00,2026-08-18T15:57:33.089309+00:00,full
348,7520,7539,temporal,0.7146000095963496,temporal,ARM_B,0.2,1,0.25,1704.174,False,10,2026-08-18T15:55:08.124579+00:00,2026-08-18T15:57:33.089309+00:00,full
349,7110,7140,temporal,0.7146120923295182,temporal,ARM_A,0.0,0,0.0,34.73,False,0,2026-08-18T15:55:08.124579+00:00,2026-08-18T15:57:35.355271+00:00,full
349,7110,7140,temporal,0.7146120923295182,temporal,ARM_B,0.2,0,0.0,8.296,False,0,2026-08-18T15:55:08.124579+00:00,2026-08-18T15:57:35.355271+00:00,full
350,4091,4093,temporal,0.7146220420188324,temporal,ARM_A,0.0,1,0.5,140.464,False,10,2026-08-18T15:55:08.124579+00:00,2026-08-18T15:57:35.601262+00:00,full
350,4091,4093,temporal,0.7146220420188324,temporal,ARM_B,0.2,1,0.5,45.65,False,10,2026-08-18T15:55:08.124579+00:00,2026-08-18T15:57:35.601262+00:00,full
351,3610,3612,temporal,0.714651261013601,temporal,ARM_A,0.0,0,0.0,27.371,False,10,2026-08-18T15:55:08.124579+00:00,2026-08-18T15:57:35.988313+00:00,full
351,3610,3612,temporal,0.714651261013601,temporal,ARM_B,0.2,0,0.0,9.518,False,10,2026-08-18T15:55:08.124579+00:00,2026-08-18T15:57:35.988313+00:00,full
352,7442,7449,temporal,0.7146681547164917,temporal,ARM_A,0.0,0,0.0,5.579,False,10,2026-08-18T15:55:08.124579+00:00,2026-08-18T15:57:36.226499+00:00,full
352,7442,7449,temporal,0.7146681547164917,temporal,ARM_B,0.2,0,0.0,159.499,False,10,2026-08-18T15:55:08.124579+00:00,2026-08-18T15:57:36.226499+00:00,full
353,7400,7405,temporal,0.7146750135429244,temporal,ARM_A,0.0,1,0.125,107.311,False,10,2026-08-18T15:55:08.124579+00:00,2026-08-18T15:57:36.595108+00:00,full
353,7400,7405,temporal,0.7146750135429244,temporal,ARM_B,0.2,1,0.3333333333333333,5.005,False,10,2026-08-18T15:55:08.124579+00:00,2026-08-18T15:57:36.595108+00:00,full
354,3162,3163,temporal,0.7147215307668068,temporal,ARM_A,0.0,0,0.0,54.053,False,5,2026-08-18T15:55:08.124579+00:00,2026-08-18T15:57:36.913193+00:00,full
354,3162,3163,temporal,0.7147215307668068,temporal,ARM_B,0.2,0,0.0,11.362,False,5,2026-08-18T15:55:08.124579+00:00,2026-08-18T15:57:36.913193+00:00,full
355,7576,7580,temporal,0.7147325363276976,temporal,ARM_A,0.0,1,0.1,16.885,False,10,2026-08-18T15:55:08.124579+00:00,2026-08-18T15:57:37.186711+00:00,full
355,7576,7580,temporal,0.7147325363276976,temporal,ARM_B,0.2,1,0.125,2017.638,False,10,2026-08-18T15:55:08.124579+00:00,2026-08-18T15:57:37.186711+00:00,full
356,7576,7580,temporal,0.7147325363276976,temporal,ARM_A,0.0,1,0.1,11.3,False,10,2026-08-18T15:55:08.124579+00:00,2026-08-18T15:57:39.434760+00:00,full
356,7576,7580,temporal,0.7147325363276976,temporal,ARM_B,0.2,1,0.125,242.702,False,10,2026-08-18T15:55:08.124579+00:00,2026-08-18T15:57:39.434760+00:00,full
357,7550,7552,temporal,0.7147357250828853,temporal,ARM_A,0.0,1,0.25,14.988,False,10,2026-08-18T15:55:08.124579+00:00,2026-08-18T15:57:39.892083+00:00,full
357,7550,7552,temporal,0.7147357250828853,temporal,ARM_B,0.2,1,0.3333333333333333,27.587,False,10,2026-08-18T15:55:08.124579+00:00,2026-08-18T15:57:39.892083+00:00,full
358,7550,7552,temporal,0.7147357250828853,temporal,ARM_A,0.0,1,0.25,4.321,False,10,2026-08-18T15:55:08.124579+00:00,2026-08-18T15:57:40.146057+00:00,full
358,7550,7552,temporal,0.7147357250828853,temporal,ARM_B,0.2,1,0.3333333333333333,28.203,False,10,2026-08-18T15:55:08.124579+00:00,2026-08-18T15:57:40.146057+00:00,full
359,3160,3162,temporal,0.7149214660934129,temporal,ARM_A,0.0,1,0.3333333333333333,18.042,False,9,2026-08-18T15:55:08.124579+00:00,2026-08-18T15:57:40.386097+00:00,full
359,3160,3162,temporal,0.7149214660934129,temporal,ARM_B,0.2,1,0.5,4.186,False,9,2026-08-18T15:55:08.124579+00:00,2026-08-18T15:57:40.386097+00:00,full
360,6948,7140,temporal,0.7149513193935955,temporal,ARM_A,0.0,0,0.0,9.715,False,3,2026-08-18T15:55:08.124579+00:00,2026-08-18T15:57:40.615343+00:00,full
360,6948,7140,temporal,0.7149513193935955,temporal,ARM_B,0.2,0,0.0,3.811,False,3,2026-08-18T15:55:08.124579+00:00,2026-08-18T15:57:40.615343+00:00,full
361,4286,4287,temporal,0.7150028264529342,temporal,ARM_A,0.0,1,0.25,10.323,False,10,2026-08-18T15:55:08.124579+00:00,2026-08-18T15:57:40.833508+00:00,full
361,4286,4287,temporal,0.7150028264529342,temporal,ARM_B,0.2,1,0.5,3.536,False,10,2026-08-18T15:55:08.124579+00:00,2026-08-18T15:57:40.833508+00:00,full
362,7442,7478,temporal,0.7150635932404877,temporal,ARM_A,0.0,0,0.0,5.689,False,10,2026-08-18T15:55:08.124579+00:00,2026-08-18T15:57:41.051886+00:00,full
362,7442,7478,temporal,0.7150635932404877,temporal,ARM_B,0.2,1,0.1,121.138,False,10,2026-08-18T15:55:08.124579+00:00,2026-08-18T15:57:41.051886+00:00,full
363,7446,7449,temporal,0.7151446342468262,temporal,ARM_A,0.0,0,0.0,252.368,False,10,2026-08-18T15:55:08.124579+00:00,2026-08-18T15:57:41.381300+00:00,full
363,7446,7449,temporal,0.7151446342468262,temporal,ARM_B,0.2,1,0.1,1778.396,False,10,2026-08-18T15:55:08.124579+00:00,2026-08-18T15:57:41.381300+00:00,full
364,7446,7449,temporal,0.7151446342468262,temporal,ARM_A,0.0,0,0.0,9.421,False,10,2026-08-18T15:55:08.124579+00:00,2026-08-18T15:57:43.615463+00:00,full
364,7446,7449,temporal,0.7151446342468262,temporal,ARM_B,0.2,1,0.1,122.818,False,10,2026-08-18T15:55:08.124579+00:00,2026-08-18T15:57:43.615463+00:00,full
365,3690,3691,temporal,0.7152401252305648,temporal,ARM_A,0.0,0,0.0,9.973,False,8,2026-08-18T15:55:08.124579+00:00,2026-08-18T15:57:43.951698+00:00,full
365,3690,3691,temporal,0.7152401252305648,temporal,ARM_B,0.2,0,0.0,5.884,False,8,2026-08-18T15:55:08.124579+00:00,2026-08-18T15:57:43.951698+00:00,full
366,3122,3124,temporal,0.7152560609884538,temporal,ARM_A,0.0,0,0.0,6.517,False,2,2026-08-18T15:55:08.124579+00:00,2026-08-18T15:57:44.170398+00:00,full
366,3122,3124,temporal,0.7152560609884538,temporal,ARM_B,0.2,0,0.0,5.207,False,2,2026-08-18T15:55:08.124579+00:00,2026-08-18T15:57:44.170398+00:00,full
367,7632,7637,temporal,0.7152633114394554,temporal,ARM_A,0.0,1,0.125,11.939,False,10,2026-08-18T15:55:08.124579+00:00,2026-08-18T15:57:44.385818+00:00,full
367,7632,7637,temporal,0.7152633114394554,temporal,ARM_B,0.2,1,0.16666666666666666,4.104,False,10,2026-08-18T15:55:08.124579+00:00,2026-08-18T15:57:44.385818+00:00,full
368,2982,2983,temporal,0.715276381828685,temporal,ARM_A,0.0,1,0.14285714285714285,6.911,False,8,2026-08-18T15:55:08.124579+00:00,2026-08-18T15:57:44.603797+00:00,full
368,2982,2983,temporal,0.715276381828685,temporal,ARM_B,0.2,1,0.5,3.872,False,8,2026-08-18T15:55:08.124579+00:00,2026-08-18T15:57:44.603797+00:00,full
369,7491,7585,temporal,0.715333585321926,temporal,ARM_A,0.0,1,0.3333333333333333,12.445,False,10,2026-08-18T15:55:08.124579+00:00,2026-08-18T15:57:44.818326+00:00,full
369,7491,7585,temporal,0.715333585321926,temporal,ARM_B,0.2,1,0.5,67.566,False,10,2026-08-18T15:55:08.124579+00:00,2026-08-18T15:57:44.818326+00:00,full
370,7548,7555,temporal,0.7155421633174615,temporal,ARM_A,0.0,1,0.3333333333333333,9.813,False,10,2026-08-18T15:55:08.124579+00:00,2026-08-18T15:57:45.100654+00:00,full
370,7548,7555,temporal,0.7155421633174615,temporal,ARM_B,0.2,1,0.5,35.597,False,10,2026-08-18T15:55:08.124579+00:00,2026-08-18T15:57:45.100654+00:00,full
371,7478,7576,temporal,0.715566341480584,temporal,ARM_A,0.0,1,0.1111111111111111,7.919,False,10,2026-08-18T15:55:08.124579+00:00,2026-08-18T15:57:45.348345+00:00,full
371,7478,7576,temporal,0.715566341480584,temporal,ARM_B,0.2,1,0.14285714285714285,2065.378,False,10,2026-08-18T15:55:08.124579+00:00,2026-08-18T15:57:45.348345+00:00,full
372,3748,3754,temporal,0.7155946066621193,temporal,ARM_A,0.0,0,0.0,20.3,False,9,2026-08-18T15:55:08.124579+00:00,2026-08-18T15:57:47.625898+00:00,full
372,3748,3754,temporal,0.7155946066621193,temporal,ARM_B,0.2,0,0.0,9.044,False,9,2026-08-18T15:55:08.124579+00:00,2026-08-18T15:57:47.625898+00:00,full
373,3748,3754,temporal,0.7155946066621193,temporal,ARM_A,0.0,0,0.0,3.906,False,9,2026-08-18T15:55:08.124579+00:00,2026-08-18T15:57:47.857538+00:00,full
373,3748,3754,temporal,0.7155946066621193,temporal,ARM_B,0.2,0,0.0,5.707,False,9,2026-08-18T15:55:08.124579+00:00,2026-08-18T15:57:47.857538+00:00,full
374,7423,7424,temporal,0.7156570767062035,temporal,ARM_A,0.0,1,0.125,14.525,False,10,2026-08-18T15:55:08.124579+00:00,2026-08-18T15:57:48.069494+00:00,full
374,7423,7424,temporal,0.7156570767062035,temporal,ARM_B,0.2,1,0.25,4.289,False,10,2026-08-18T15:55:08.124579+00:00,2026-08-18T15:57:48.069494+00:00,full
375,7423,7424,temporal,0.7156570767062035,temporal,ARM_A,0.0,1,0.125,3.858,False,10,2026-08-18T15:55:08.124579+00:00,2026-08-18T15:57:48.291256+00:00,full
375,7423,7424,temporal,0.7156570767062035,temporal,ARM_B,0.2,1,0.25,4.729,False,10,2026-08-18T15:55:08.124579+00:00,2026-08-18T15:57:48.291256+00:00,full
376,3476,3481,temporal,0.7157070636749319,temporal,ARM_A,0.0,1,0.3333333333333333,17.526,False,10,2026-08-18T15:55:08.124579+00:00,2026-08-18T15:57:48.502999+00:00,full
376,3476,3481,temporal,0.7157070636749319,temporal,ARM_B,0.2,1,0.25,29.932,False,10,2026-08-18T15:55:08.124579+00:00,2026-08-18T15:57:48.502999+00:00,full
377,3476,3481,temporal,0.7157070636749319,temporal,ARM_A,0.0,1,0.3333333333333333,5.093,False,10,2026-08-18T15:55:08.124579+00:00,2026-08-18T15:57:48.753498+00:00,full
377,3476,3481,temporal,0.7157070636749319,temporal,ARM_B,0.2,1,0.25,33.7,False,10,2026-08-18T15:55:08.124579+00:00,2026-08-18T15:57:48.753498+00:00,full
378,2837,2839,temporal,0.7157209258412212,temporal,ARM_A,0.0,0,0.0,11.947,False,2,2026-08-18T15:55:08.124579+00:00,2026-08-18T15:57:49.000493+00:00,full
378,2837,2839,temporal,0.7157209258412212,temporal,ARM_B,0.2,0,0.0,3.992,False,2,2026-08-18T15:55:08.124579+00:00,2026-08-18T15:57:49.000493+00:00,full
379,4327,4331,temporal,0.7158179835243915,temporal,ARM_A,0.0,0,0.0,17.977,False,10,2026-08-18T15:55:08.124579+00:00,2026-08-18T15:57:49.220038+00:00,full
379,4327,4331,temporal,0.7158179835243915,temporal,ARM_B,0.2,0,0.0,3.481,False,10,2026-08-18T15:55:08.124579+00:00,2026-08-18T15:57:49.220038+00:00,full
380,4327,4331,temporal,0.7158179835243915,temporal,ARM_A,0.0,0,0.0,4.843,False,10,2026-08-18T15:55:08.124579+00:00,2026-08-18T15:57:49.445706+00:00,full
380,4327,4331,temporal,0.7158179835243915,temporal,ARM_B,0.2,0,0.0,346.047,False,10,2026-08-18T15:55:08.124579+00:00,2026-08-18T15:57:49.445706+00:00,full
381,7433,7495,temporal,0.7158228033517088,temporal,ARM_A,0.0,1,0.25,80.415,False,10,2026-08-18T15:55:08.124579+00:00,2026-08-18T15:57:49.998370+00:00,full
381,7433,7495,temporal,0.7158228033517088,temporal,ARM_B,0.2,1,0.25,1469.092,False,10,2026-08-18T15:55:08.124579+00:00,2026-08-18T15:57:49.998370+00:00,full
382,7435,7487,temporal,0.7158277975999756,temporal,ARM_A,0.0,1,0.125,35.259,False,10,2026-08-18T15:55:08.124579+00:00,2026-08-18T15:57:51.751590+00:00,full
382,7435,7487,temporal,0.7158277975999756,temporal,ARM_B,0.2,1,0.3333333333333333,125.709,False,10,2026-08-18T15:55:08.124579+00:00,2026-08-18T15:57:51.751590+00:00,full
383,4607,4618,temporal,0.7158770561218262,temporal,ARM_A,0.0,1,0.3333333333333333,54.813,False,10,2026-08-18T15:55:08.124579+00:00,2026-08-18T15:57:52.115387+00:00,full
383,4607,4618,temporal,0.7158770561218262,temporal,ARM_B,0.2,1,0.5,30.032,False,10,2026-08-18T15:55:08.124579+00:00,2026-08-18T15:57:52.115387+00:00,full
384,7112,7140,temporal,0.715910775417733,temporal,ARM_A,0.0,0,0.0,30.166,False,0,2026-08-18T15:55:08.124579+00:00,2026-08-18T15:57:52.403756+00:00,full
384,7112,7140,temporal,0.715910775417733,temporal,ARM_B,0.2,0,0.0,8.007,False,0,2026-08-18T15:55:08.124579+00:00,2026-08-18T15:57:52.403756+00:00,full
385,7428,7527,temporal,0.7159503742412096,temporal,ARM_A,0.0,1,0.5,7.272,False,10,2026-08-18T15:55:08.124579+00:00,2026-08-18T15:57:52.646414+00:00,full
385,7428,7527,temporal,0.7159503742412096,temporal,ARM_B,0.2,1,0.5,43.339,False,10,2026-08-18T15:55:08.124579+00:00,2026-08-18T15:57:52.646414+00:00,full
386,2992,2993,temporal,0.7160696858271517,temporal,ARM_A,0.0,1,0.5,36.198,False,10,2026-08-18T15:55:08.124579+00:00,2026-08-18T15:57:52.898156+00:00,full
386,2992,2993,temporal,0.7160696858271517,temporal,ARM_B,0.2,1,0.5,6.388,False,10,2026-08-18T15:55:08.124579+00:00,2026-08-18T15:57:52.898156+00:00,full
387,3194,3195,temporal,0.7160812189530612,temporal,ARM_A,0.0,0,0.0,7.681,False,1,2026-08-18T15:55:08.124579+00:00,2026-08-18T15:57:53.143151+00:00,full
387,3194,3195,temporal,0.7160812189530612,temporal,ARM_B,0.2,0,0.0,4.133,False,1,2026-08-18T15:55:08.124579+00:00,2026-08-18T15:57:53.143151+00:00,full
388,7496,7537,temporal,0.7161407684129709,temporal,ARM_A,0.0,1,0.3333333333333333,13.468,False,10,2026-08-18T15:55:08.124579+00:00,2026-08-18T15:57:53.357290+00:00,full
388,7496,7537,temporal,0.7161407684129709,temporal,ARM_B,0.2,1,0.3333333333333333,86.896,False,10,2026-08-18T15:55:08.124579+00:00,2026-08-18T15:57:53.357290+00:00,full
389,6431,6555,temporal,0.7162598842769692,temporal,ARM_A,0.0,0,0.0,268.275,False,10,2026-08-18T15:55:08.124579+00:00,2026-08-18T15:57:53.663709+00:00,full
389,6431,6555,temporal,0.7162598842769692,temporal,ARM_B,0.2,0,0.0,36.221,False,10,2026-08-18T15:55:08.124579+00:00,2026-08-18T15:57:53.663709+00:00,full
390,7489,7524,temporal,0.716438996261209,temporal,ARM_A,0.0,1,0.5,58.145,False,10,2026-08-18T15:55:08.124579+00:00,2026-08-18T15:57:54.172353+00:00,full
390,7489,7524,temporal,0.716438996261209,temporal,ARM_B,0.2,1,0.5,1389.179,False,10,2026-08-18T15:55:08.124579+00:00,2026-08-18T15:57:54.172353+00:00,full
391,7456,7627,temporal,0.7164826437666424,temporal,ARM_A,0.0,1,0.125,18.262,False,10,2026-08-18T15:55:08.124579+00:00,2026-08-18T15:57:55.822783+00:00,full
391,7456,7627,temporal,0.7164826437666424,temporal,ARM_B,0.2,1,0.2,86.417,False,10,2026-08-18T15:55:08.124579+00:00,2026-08-18T15:57:55.822783+00:00,full
392,7634,7637,temporal,0.7165158862644267,temporal,ARM_A,0.0,1,0.125,20.707,False,10,2026-08-18T15:55:08.124579+00:00,2026-08-18T15:57:56.129756+00:00,full
392,7634,7637,temporal,0.7165158862644267,temporal,ARM_B,0.2,1,0.2,3.715,False,10,2026-08-18T15:55:08.124579+00:00,2026-08-18T15:57:56.129756+00:00,full
393,7517,7563,temporal,0.7167051906444496,temporal,ARM_A,0.0,1,0.1111111111111111,12.001,False,10,2026-08-18T15:55:08.124579+00:00,2026-08-18T15:57:56.357312+00:00,full
393,7517,7563,temporal,0.7167051906444496,temporal,ARM_B,0.2,1,0.125,59.865,False,10,2026-08-18T15:55:08.124579+00:00,2026-08-18T15:57:56.357312+00:00,full
394,7093,7140,temporal,0.7167300581932068,temporal,ARM_A,0.0,0,0.0,31.609,False,0,2026-08-18T15:55:08.124579+00:00,2026-08-18T15:57:56.631500+00:00,full
394,7093,7140,temporal,0.7167300581932068,temporal,ARM_B,0.2,0,0.0,7.734,False,0,2026-08-18T15:55:08.124579+00:00,2026-08-18T15:57:56.631500+00:00,full
395,7555,7561,temporal,0.7168108056074873,temporal,ARM_A,0.0,0,0.0,13.268,False,10,2026-08-18T15:55:08.124579+00:00,2026-08-18T15:57:56.872933+00:00,full
395,7555,7561,temporal,0.7168108056074873,temporal,ARM_B,0.2,0,0.0,31.976,False,10,2026-08-18T15:55:08.124579+00:00,2026-08-18T15:57:56.872933+00:00,full
396,7555,7561,temporal,0.7168108056074873,temporal,ARM_A,0.0,0,0.0,3.767,False,10,2026-08-18T15:55:08.124579+00:00,2026-08-18T15:57:57.120119+00:00,full
396,7555,7561,temporal,0.7168108056074873,temporal,ARM_B,0.2,0,0.0,30.927,False,10,2026-08-18T15:55:08.124579+00:00,2026-08-18T15:57:57.120119+00:00,full
397,7099,7140,temporal,0.716821777347003,temporal,ARM_A,0.0,0,0.0,14.446,False,0,2026-08-18T15:55:08.124579+00:00,2026-08-18T15:57:57.358932+00:00,full
397,7099,7140,temporal,0.716821777347003,temporal,ARM_B,0.2,0,0.0,7.748,False,0,2026-08-18T15:55:08.124579+00:00,2026-08-18T15:57:57.358932+00:00,full
398,7508,7513,temporal,0.7169158796172337,temporal,ARM_A,0.0,1,0.1111111111111111,6.157,False,10,2026-08-18T15:55:08.124579+00:00,2026-08-18T15:57:57.583951+00:00,full
398,7508,7513,temporal,0.7169158796172337,temporal,ARM_B,0.2,1,0.16666666666666666,2141.326,False,10,2026-08-18T15:55:08.124579+00:00,2026-08-18T15:57:57.583951+00:00,full
399,7508,7513,temporal,0.7169158796172337,temporal,ARM_A,0.0,1,0.1111111111111111,31.881,False,10,2026-08-18T15:55:08.124579+00:00,2026-08-18T15:57:59.934558+00:00,full
399,7508,7513,temporal,0.7169158796172337,temporal,ARM_B,0.2,1,0.16666666666666666,92.15,False,10,2026-08-18T15:55:08.124579+00:00,2026-08-18T15:57:59.934558+00:00,full
400,7451,7490,temporal,0.7169195582318582,temporal,ARM_A,0.0,1,0.14285714285714285,21.108,False,10,2026-08-18T15:55:08.124579+00:00,2026-08-18T15:58:00.262151+00:00,full
400,7451,7490,temporal,0.7169195582318582,temporal,ARM_B,0.2,1,0.16666666666666666,126.704,False,10,2026-08-18T15:55:08.124579+00:00,2026-08-18T15:58:00.262151+00:00,full
401,7614,7621,temporal,0.7169381042645102,temporal,ARM_A,0.0,1,0.16666666666666666,12.183,False,10,2026-08-18T15:55:08.124579+00:00,2026-08-18T15:58:00.612316+00:00,full
401,7614,7621,temporal,0.7169381042645102,temporal,ARM_B,0.2,1,0.25,6.729,False,10,2026-08-18T15:55:08.124579+00:00,2026-08-18T15:58:00.612316+00:00,full
402,3487,3497,temporal,0.7169655988791954,temporal,ARM_A,0.0,0,0.0,9.214,False,6,2026-08-18T15:55:08.124579+00:00,2026-08-18T15:58:00.835396+00:00,full
402,3487,3497,temporal,0.7169655988791954,temporal,ARM_B,0.2,0,0.0,30.603,False,6,2026-08-18T15:55:08.124579+00:00,2026-08-18T15:58:00.835396+00:00,full
403,6593,6826,temporal,0.717014806448532,temporal,ARM_A,0.0,0,0.0,8.434,False,2,2026-08-18T15:55:08.124579+00:00,2026-08-18T15:58:01.078056+00:00,full
403,6593,6826,temporal,0.717014806448532,temporal,ARM_B,0.2,0,0.0,3.378,False,2,2026-08-18T15:55:08.124579+00:00,2026-08-18T15:58:01.078056+00:00,full
404,3487,3501,temporal,0.717164439986018,temporal,ARM_A,0.0,0,0.0,3.5,False,6,2026-08-18T15:55:08.124579+00:00,2026-08-18T15:58:01.292954+00:00,full
404,3487,3501,temporal,0.717164439986018,temporal,ARM_B,0.2,0,0.0,14.407,False,6,2026-08-18T15:55:08.124579+00:00,2026-08-18T15:58:01.292954+00:00,full
405,3163,3164,temporal,0.7172080323584137,temporal,ARM_A,0.0,0,0.0,9.858,False,7,2026-08-18T15:55:08.124579+00:00,2026-08-18T15:58:01.513907+00:00,full
405,3163,3164,temporal,0.7172080323584137,temporal,ARM_B,0.2,0,0.0,5.88,False,7,2026-08-18T15:55:08.124579+00:00,2026-08-18T15:58:01.513907+00:00,full
406,2980,2981,temporal,0.717290260872538,temporal,ARM_A,0.0,1,0.2,15.564,False,10,2026-08-18T15:55:08.124579+00:00,2026-08-18T15:58:01.735227+00:00,full
406,2980,2981,temporal,0.717290260872538,temporal,ARM_B,0.2,1,0.14285714285714285,236.753,False,10,2026-08-18T15:55:08.124579+00:00,2026-08-18T15:58:01.735227+00:00,full
407,2980,2981,temporal,0.717290260872538,temporal,ARM_A,0.0,1,0.2,23.897,False,10,2026-08-18T15:55:08.124579+00:00,2026-08-18T15:58:02.193185+00:00,full
407,2980,2981,temporal,0.717290260872538,temporal,ARM_B,0.2,1,0.14285714285714285,24.313,False,10,2026-08-18T15:55:08.124579+00:00,2026-08-18T15:58:02.193185+00:00,full
408,7451,7518,temporal,0.7173773691693605,temporal,ARM_A,0.0,1,0.16666666666666666,78.117,False,10,2026-08-18T15:55:08.124579+00:00,2026-08-18T15:58:02.443204+00:00,full
408,7451,7518,temporal,0.7173773691693605,temporal,ARM_B,0.2,1,0.2,1358.41,False,10,2026-08-18T15:55:08.124579+00:00,2026-08-18T15:58:02.443204+00:00,full
409,6253,6539,temporal,0.7175520107941641,temporal,ARM_A,0.0,0,0.0,50.109,False,0,2026-08-18T15:55:08.124579+00:00,2026-08-18T15:58:04.082054+00:00,full
409,6253,6539,temporal,0.7175520107941641,temporal,ARM_B,0.2,0,0.0,10.135,False,0,2026-08-18T15:55:08.124579+00:00,2026-08-18T15:58:04.082054+00:00,full
410,4598,4600,temporal,0.7177289387856661,temporal,ARM_A,0.0,1,0.14285714285714285,16.641,False,10,2026-08-18T15:55:08.124579+00:00,2026-08-18T15:58:04.349223+00:00,full
410,4598,4600,temporal,0.7177289387856661,temporal,ARM_B,0.2,1,0.2,8.643,False,10,2026-08-18T15:55:08.124579+00:00,2026-08-18T15:58:04.349223+00:00,full
411,4598,4600,temporal,0.7177289387856661,temporal,ARM_A,0.0,1,0.14285714285714285,4.284,False,10,2026-08-18T15:55:08.124579+00:00,2026-08-18T15:58:04.579888+00:00,full
411,4598,4600,temporal,0.7177289387856661,temporal,ARM_B,0.2,1,0.2,5.991,False,10,2026-08-18T15:55:08.124579+00:00,2026-08-18T15:58:04.579888+00:00,full
412,7089,7141,temporal,0.7177858566577991,temporal,ARM_A,0.0,0,0.0,11.242,False,0,2026-08-18T15:55:08.124579+00:00,2026-08-18T15:58:04.793767+00:00,full
412,7089,7141,temporal,0.7177858566577991,temporal,ARM_B,0.2,0,0.0,8.702,False,0,2026-08-18T15:55:08.124579+00:00,2026-08-18T15:58:04.793767+00:00,full
413,3351,3354,temporal,0.7181223202870906,temporal,ARM_A,0.0,1,0.14285714285714285,62.554,False,8,2026-08-18T15:55:08.124579+00:00,2026-08-18T15:58:05.023969+00:00,full
413,3351,3354,temporal,0.7181223202870906,temporal,ARM_B,0.2,1,1.0,9.206,False,8,2026-08-18T15:55:08.124579+00:00,2026-08-18T15:58:05.023969+00:00,full
414,3351,3354,temporal,0.7181223202870906,temporal,ARM_A,0.0,1,0.14285714285714285,3.579,False,8,2026-08-18T15:55:08.124579+00:00,2026-08-18T15:58:05.301513+00:00,full
414,3351,3354,temporal,0.7181223202870906,temporal,ARM_B,0.2,1,1.0,9.693,False,8,2026-08-18T15:55:08.124579+00:00,2026-08-18T15:58:05.301513+00:00,full
415,7558,7559,temporal,0.718155469674524,temporal,ARM_A,0.0,0,0.0,26.16,False,10,2026-08-18T15:55:08.124579+00:00,2026-08-18T15:58:05.517161+00:00,full
415,7558,7559,temporal,0.718155469674524,temporal,ARM_B,0.2,0,0.0,71.769,False,10,2026-08-18T15:55:08.124579+00:00,2026-08-18T15:58:05.517161+00:00,full
416,7399,7403,temporal,0.7182514071464743,temporal,ARM_A,0.0,1,0.2,47.196,False,10,2026-08-18T15:55:08.124579+00:00,2026-08-18T15:58:05.818105+00:00,full
416,7399,7403,temporal,0.7182514071464743,temporal,ARM_B,0.2,1,0.5,271.494,False,10,2026-08-18T15:55:08.124579+00:00,2026-08-18T15:58:05.818105+00:00,full
417,4561,4565,temporal,0.718252305828244,temporal,ARM_A,0.0,0,0.0,46.922,False,10,2026-08-18T15:55:08.124579+00:00,2026-08-18T15:58:06.344499+00:00,full
417,4561,4565,temporal,0.718252305828244,temporal,ARM_B,0.2,1,0.1111111111111111,35.084,False,10,2026-08-18T15:55:08.124579+00:00,2026-08-18T15:58:06.344499+00:00,full
418,4561,4565,temporal,0.718252305828244,temporal,ARM_A,0.0,0,0.0,30.748,False,10,2026-08-18T15:55:08.124579+00:00,2026-08-18T15:58:06.632577+00:00,full
418,4561,4565,temporal,0.718252305828244,temporal,ARM_B,0.2,1,0.1111111111111111,28.854,False,10,2026-08-18T15:55:08.124579+00:00,2026-08-18T15:58:06.632577+00:00,full
419,3139,3143,temporal,0.7183193732309727,temporal,ARM_A,0.0,0,0.0,25.282,False,3,2026-08-18T15:55:08.124579+00:00,2026-08-18T15:58:06.895155+00:00,full
419,3139,3143,temporal,0.7183193732309727,temporal,ARM_B,0.2,0,0.0,15.728,False,3,2026-08-18T15:55:08.124579+00:00,2026-08-18T15:58:06.895155+00:00,full
420,7442,7444,temporal,0.7183989026071,temporal,ARM_A,0.0,0,0.0,61.05,False,10,2026-08-18T15:55:08.124579+00:00,2026-08-18T15:58:07.138742+00:00,full
420,7442,7444,temporal,0.7183989026071,temporal,ARM_B,0.2,1,0.1111111111111111,854.876,False,10,2026-08-18T15:55:08.124579+00:00,2026-08-18T15:58:07.138742+00:00,full
421,7442,7444,temporal,0.7183989026071,temporal,ARM_A,0.0,0,0.0,9.053,False,10,2026-08-18T15:55:08.124579+00:00,2026-08-18T15:58:08.257798+00:00,full
421,7442,7444,temporal,0.7183989026071,temporal,ARM_B,0.2,1,0.1111111111111111,239.567,False,10,2026-08-18T15:55:08.124579+00:00,2026-08-18T15:58:08.257798+00:00,full
422,3639,3642,temporal,0.7184024285317927,temporal,ARM_A,0.0,0,0.0,39.737,False,7,2026-08-18T15:55:08.124579+00:00,2026-08-18T15:58:08.713967+00:00,full
422,3639,3642,temporal,0.7184024285317927,temporal,ARM_B,0.2,0,0.0,10.435,False,7,2026-08-18T15:55:08.124579+00:00,2026-08-18T15:58:08.713967+00:00,full
423,7599,7607,temporal,0.7184360501819927,temporal,ARM_A,0.0,1,0.5,29.657,False,10,2026-08-18T15:55:08.124579+00:00,2026-08-18T15:58:08.968560+00:00,full
423,7599,7607,temporal,0.7184360501819927,temporal,ARM_B,0.2,1,0.5,98.425,False,10,2026-08-18T15:55:08.124579+00:00,2026-08-18T15:58:08.968560+00:00,full
424,7435,7576,temporal,0.7184939523472141,temporal,ARM_A,0.0,1,0.14285714285714285,17.875,False,10,2026-08-18T15:55:08.124579+00:00,2026-08-18T15:58:09.302045+00:00,full
424,7435,7576,temporal,0.7184939523472141,temporal,ARM_B,0.2,1,0.5,164.307,False,10,2026-08-18T15:55:08.124579+00:00,2026-08-18T15:58:09.302045+00:00,full
425,7653,7655,temporal,0.7185658644775084,temporal,ARM_A,0.0,1,0.25,23.429,False,10,2026-08-18T15:55:08.124579+00:00,2026-08-18T15:58:09.688402+00:00,full
425,7653,7655,temporal,0.7185658644775084,temporal,ARM_B,0.2,1,0.25,42.589,False,10,2026-08-18T15:55:08.124579+00:00,2026-08-18T15:58:09.688402+00:00,full
426,7653,7655,temporal,0.7185658644775084,temporal,ARM_A,0.0,1,0.25,10.922,False,10,2026-08-18T15:55:08.124579+00:00,2026-08-18T15:58:09.961168+00:00,full
426,7653,7655,temporal,0.7185658644775084,temporal,ARM_B,0.2,1,0.25,293.821,False,10,2026-08-18T15:55:08.124579+00:00,2026-08-18T15:58:09.961168+00:00,full
427,3794,3796,temporal,0.7185707734737495,temporal,ARM_A,0.0,0,0.0,24.789,False,6,2026-08-18T15:55:08.124579+00:00,2026-08-18T15:58:10.469061+00:00,full
427,3794,3796,temporal,0.7185707734737495,temporal,ARM_B,0.2,0,0.0,69.76,False,6,2026-08-18T15:55:08.124579+00:00,2026-08-18T15:58:10.469061+00:00,full
428,3794,3796,temporal,0.7185707734737495,temporal,ARM_A,0.0,0,0.0,19.607,False,6,2026-08-18T15:55:08.124579+00:00,2026-08-18T15:58:10.765817+00:00,full
428,3794,3796,temporal,0.7185707734737495,temporal,ARM_B,0.2,0,0.0,135.026,False,6,2026-08-18T15:55:08.124579+00:00,2026-08-18T15:58:10.765817+00:00,full
429,7684,7687,temporal,0.71861913426151,temporal,ARM_A,0.0,1,0.3333333333333333,55.336,False,10,2026-08-18T15:55:08.124579+00:00,2026-08-18T15:58:11.127749+00:00,full
429,7684,7687,temporal,0.71861913426151,temporal,ARM_B,0.2,1,0.3333333333333333,34.955,False,10,2026-08-18T15:55:08.124579+00:00,2026-08-18T15:58:11.127749+00:00,full
430,7684,7687,temporal,0.71861913426151,temporal,ARM_A,0.0,1,0.3333333333333333,33.049,False,10,2026-08-18T15:55:08.124579+00:00,2026-08-18T15:58:11.420868+00:00,full
430,7684,7687,temporal,0.71861913426151,temporal,ARM_B,0.2,1,0.3333333333333333,33.411,False,10,2026-08-18T15:55:08.124579+00:00,2026-08-18T15:58:11.420868+00:00,full
431,3247,3248,temporal,0.71866414042262,temporal,ARM_A,0.0,1,0.16666666666666666,25.562,False,10,2026-08-18T15:55:08.124579+00:00,2026-08-18T15:58:11.689797+00:00,full
431,3247,3248,temporal,0.71866414042262,temporal,ARM_B,0.2,1,0.5,16.23,False,10,2026-08-18T15:55:08.124579+00:00,2026-08-18T15:58:11.689797+00:00,full
432,3943,3945,temporal,0.7187853930570774,temporal,ARM_A,0.0,1,0.3333333333333333,95.613,False,10,2026-08-18T15:55:08.124579+00:00,2026-08-18T15:58:11.935100+00:00,full
432,3943,3945,temporal,0.7187853930570774,temporal,ARM_B,0.2,1,0.3333333333333333,43.939,False,10,2026-08-18T15:55:08.124579+00:00,2026-08-18T15:58:11.935100+00:00,full
433,7075,7140,temporal,0.718807578086853,temporal,ARM_A,0.0,0,0.0,7.064,False,1,2026-08-18T15:55:08.124579+00:00,2026-08-18T15:58:12.278917+00:00,full
433,7075,7140,temporal,0.718807578086853,temporal,ARM_B,0.2,0,0.0,4.732,False,1,2026-08-18T15:55:08.124579+00:00,2026-08-18T15:58:12.278917+00:00,full
434,3525,3542,temporal,0.7189937615694504,temporal,ARM_A,0.0,0,0.0,13.942,False,8,2026-08-18T15:55:08.124579+00:00,2026-08-18T15:58:12.494283+00:00,full
434,3525,3542,temporal,0.7189937615694504,temporal,ARM_B,0.2,0,0.0,9.566,False,8,2026-08-18T15:55:08.124579+00:00,2026-08-18T15:58:12.494283+00:00,full
435,6483,6555,temporal,0.7190838503018513,temporal,ARM_A,0.0,0,0.0,15.302,False,7,2026-08-18T15:55:08.124579+00:00,2026-08-18T15:58:12.721977+00:00,full
435,6483,6555,temporal,0.7190838503018513,temporal,ARM_B,0.2,0,0.0,6.306,False,7,2026-08-18T15:55:08.124579+00:00,2026-08-18T15:58:12.721977+00:00,full
436,4264,4268,temporal,0.7191165565127967,temporal,ARM_A,0.0,1,1.0,18.975,False,6,2026-08-18T15:55:08.124579+00:00,2026-08-18T15:58:12.945968+00:00,full
436,4264,4268,temporal,0.7191165565127967,temporal,ARM_B,0.2,1,1.0,6.643,False,6,2026-08-18T15:55:08.124579+00:00,2026-08-18T15:58:12.945968+00:00,full
437,4264,4268,temporal,0.7191165565127967,temporal,ARM_A,0.0,1,1.0,4.653,False,6,2026-08-18T15:55:08.124579+00:00,2026-08-18T15:58:13.173868+00:00,full
437,4264,4268,temporal,0.7191165565127967,temporal,ARM_B,0.2,1,1.0,6.636,False,6,2026-08-18T15:55:08.124579+00:00,2026-08-18T15:58:13.173868+00:00,full
438,7518,7564,temporal,0.7191702864328824,temporal,ARM_A,0.0,1,0.1,13.171,False,10,2026-08-18T15:55:08.124579+00:00,2026-08-18T15:58:13.393307+00:00,full
438,7518,7564,temporal,0.7191702864328824,temporal,ARM_B,0.2,1,0.125,91.951,False,10,2026-08-18T15:55:08.124579+00:00,2026-08-18T15:58:13.393307+00:00,full
439,4595,4596,temporal,0.7193650007247925,temporal,ARM_A,0.0,1,0.5,17.459,False,10,2026-08-18T15:55:08.124579+00:00,2026-08-18T15:58:13.705105+00:00,full
439,4595,4596,temporal,0.7193650007247925,temporal,ARM_B,0.2,1,0.5,7.287,False,10,2026-08-18T15:55:08.124579+00:00,2026-08-18T15:58:13.705105+00:00,full
440,4595,4596,temporal,0.7193650007247925,temporal,ARM_A,0.0,1,0.5,6.969,False,10,2026-08-18T15:55:08.124579+00:00,2026-08-18T15:58:13.930778+00:00,full
440,4595,4596,temporal,0.7193650007247925,temporal,ARM_B,0.2,1,0.5,6.332,False,10,2026-08-18T15:55:08.124579+00:00,2026-08-18T15:58:13.930778+00:00,full
441,3487,3500,temporal,0.7194757127136842,temporal,ARM_A,0.0,0,0.0,461.52,False,6,2026-08-18T15:55:08.124579+00:00,2026-08-18T15:58:14.147728+00:00,full
441,3487,3500,temporal,0.7194757127136842,temporal,ARM_B,0.2,0,0.0,105.772,False,6,2026-08-18T15:55:08.124579+00:00,2026-08-18T15:58:14.147728+00:00,full
442,7435,7436,temporal,0.7195030759728568,temporal,ARM_A,0.0,0,0.0,38.427,False,10,2026-08-18T15:55:08.124579+00:00,2026-08-18T15:58:14.923285+00:00,full
442,7435,7436,temporal,0.7195030759728568,temporal,ARM_B,0.2,0,0.0,1186.878,False,10,2026-08-18T15:55:08.124579+00:00,2026-08-18T15:58:14.923285+00:00,full
443,7435,7436,temporal,0.7195030759728568,temporal,ARM_A,0.0,0,0.0,33.977,False,10,2026-08-18T15:55:08.124579+00:00,2026-08-18T15:58:16.351209+00:00,full
443,7435,7436,temporal,0.7195030759728568,temporal,ARM_B,0.2,0,0.0,202.4,False,10,2026-08-18T15:55:08.124579+00:00,2026-08-18T15:58:16.351209+00:00,full
444,7471,7473,temporal,0.7195242737873205,temporal,ARM_A,0.0,1,0.3333333333333333,24.354,False,10,2026-08-18T15:55:08.124579+00:00,2026-08-18T15:58:16.789803+00:00,full
444,7471,7473,temporal,0.7195242737873205,temporal,ARM_B,0.2,1,0.3333333333333333,222.488,False,10,2026-08-18T15:55:08.124579+00:00,2026-08-18T15:58:16.789803+00:00,full
445,7471,7473,temporal,0.7195242737873205,temporal,ARM_A,0.0,1,0.3333333333333333,38.509,False,10,2026-08-18T15:55:08.124579+00:00,2026-08-18T15:58:17.240011+00:00,full
445,7471,7473,temporal,0.7195242737873205,temporal,ARM_B,0.2,1,0.3333333333333333,213.505,False,10,2026-08-18T15:55:08.124579+00:00,2026-08-18T15:58:17.240011+00:00,full
446,6554,6826,temporal,0.7196251917108792,temporal,ARM_A,0.0,0,0.0,9.206,False,1,2026-08-18T15:55:08.124579+00:00,2026-08-18T15:58:17.696369+00:00,full
446,6554,6826,temporal,0.7196251917108792,temporal,ARM_B,0.2,0,0.0,5.394,False,1,2026-08-18T15:55:08.124579+00:00,2026-08-18T15:58:17.696369+00:00,full
447,2939,2943,temporal,0.7196285891754391,temporal,ARM_A,0.0,0,0.0,38.412,False,9,2026-08-18T15:55:08.124579+00:00,2026-08-18T15:58:17.913026+00:00,full
447,2939,2943,temporal,0.7196285891754391,temporal,ARM_B,0.2,0,0.0,8.577,False,9,2026-08-18T15:55:08.124579+00:00,2026-08-18T15:58:17.913026+00:00,full
448,7518,7522,temporal,0.7196290802181832,temporal,ARM_A,0.0,1,0.125,15.345,False,10,2026-08-18T15:55:08.124579+00:00,2026-08-18T15:58:18.162876+00:00,full
448,7518,7522,temporal,0.7196290802181832,temporal,ARM_B,0.2,1,0.16666666666666666,2037.901,False,10,2026-08-18T15:55:08.124579+00:00,2026-08-18T15:58:18.162876+00:00,full
449,7518,7522,temporal,0.7196290802181832,temporal,ARM_A,0.0,1,0.125,15.318,False,10,2026-08-18T15:55:08.124579+00:00,2026-08-18T15:58:20.418935+00:00,full
449,7518,7522,temporal,0.7196290802181832,temporal,ARM_B,0.2,1,0.16666666666666666,100.554,False,10,2026-08-18T15:55:08.124579+00:00,2026-08-18T15:58:20.418935+00:00,full
450,3289,3299,temporal,0.7197142839431967,temporal,ARM_A,0.0,0,0.0,27.733,False,10,2026-08-18T15:55:08.124579+00:00,2026-08-18T15:58:20.741161+00:00,full
450,3289,3299,temporal,0.7197142839431967,temporal,ARM_B,0.2,0,0.0,6.332,False,10,2026-08-18T15:55:08.124579+00:00,2026-08-18T15:58:20.741161+00:00,full
451,7502,7504,temporal,0.7197362493918465,temporal,ARM_A,0.0,1,0.1,19.68,False,10,2026-08-18T15:55:08.124579+00:00,2026-08-18T15:58:20.976763+00:00,full
451,7502,7504,temporal,0.7197362493918465,temporal,ARM_B,0.2,1,0.1111111111111111,40.861,False,10,2026-08-18T15:55:08.124579+00:00,2026-08-18T15:58:20.976763+00:00,full
452,7502,7504,temporal,0.7197362493918465,temporal,ARM_A,0.0,1,0.1,7.436,False,10,2026-08-18T15:55:08.124579+00:00,2026-08-18T15:58:21.239871+00:00,full
452,7502,7504,temporal,0.7197362493918465,temporal,ARM_B,0.2,1,0.1111111111111111,37.946,False,10,2026-08-18T15:55:08.124579+00:00,2026-08-18T15:58:21.239871+00:00,full
453,3497,3502,temporal,0.7198226451873779,temporal,ARM_A,0.0,0,0.0,9.354,False,1,2026-08-18T15:55:08.124579+00:00,2026-08-18T15:58:21.486974+00:00,full
453,3497,3502,temporal,0.7198226451873779,temporal,ARM_B,0.2,0,0.0,3.851,False,1,2026-08-18T15:55:08.124579+00:00,2026-08-18T15:58:21.486974+00:00,full
454,4234,4244,temporal,0.7198643517413362,temporal,ARM_A,0.0,1,0.16666666666666666,40.846,False,10,2026-08-18T15:55:08.124579+00:00,2026-08-18T15:58:21.702952+00:00,full
454,4234,4244,temporal,0.7198643517413362,temporal,ARM_B,0.2,1,0.2,10.57,False,10,2026-08-18T15:55:08.124579+00:00,2026-08-18T15:58:21.702952+00:00,full
455,3091,3092,temporal,0.7199616336891127,temporal,ARM_A,0.0,0,0.0,86.845,False,10,2026-08-18T15:55:08.124579+00:00,2026-08-18T15:58:21.956049+00:00,full
455,3091,3092,temporal,0.7199616336891127,temporal,ARM_B,0.2,0,0.0,48.476,False,10,2026-08-18T15:55:08.124579+00:00,2026-08-18T15:58:21.956049+00:00,full
456,3528,3530,temporal,0.7202732229558508,temporal,ARM_A,0.0,0,0.0,325.391,False,0,2026-08-18T15:55:08.124579+00:00,2026-08-18T15:58:22.335368+00:00,full
456,3528,3530,temporal,0.7202732229558508,temporal,ARM_B,0.2,0,0.0,19.929,False,0,2026-08-18T15:55:08.124579+00:00,2026-08-18T15:58:22.335368+00:00,full
457,7522,7591,temporal,0.7204694414698463,temporal,ARM_A,0.0,1,0.16666666666666666,78.125,False,10,2026-08-18T15:55:08.124579+00:00,2026-08-18T15:58:22.894312+00:00,full
457,7522,7591,temporal,0.7204694414698463,temporal,ARM_B,0.2,1,0.25,1326.107,False,10,2026-08-18T15:55:08.124579+00:00,2026-08-18T15:58:22.894312+00:00,full
458,3765,3774,temporal,0.7205732609379101,temporal,ARM_A,0.0,1,0.125,48.854,False,10,2026-08-18T15:55:08.124579+00:00,2026-08-18T15:58:24.501088+00:00,full
458,3765,3774,temporal,0.7205732609379101,temporal,ARM_B,0.2,1,0.3333333333333333,6.442,False,10,2026-08-18T15:55:08.124579+00:00,2026-08-18T15:58:24.501088+00:00,full
459,2824,2825,temporal,0.7206256604381106,temporal,ARM_A,0.0,0,0.0,17.032,False,1,2026-08-18T15:55:08.124579+00:00,2026-08-18T15:58:24.758969+00:00,full
459,2824,2825,temporal,0.7206256604381106,temporal,ARM_B,0.2,0,0.0,3.072,False,1,2026-08-18T15:55:08.124579+00:00,2026-08-18T15:58:24.758969+00:00,full
460,4544,4550,temporal,0.7206351805301175,temporal,ARM_A,0.0,1,0.3333333333333333,54.255,False,6,2026-08-18T15:55:08.124579+00:00,2026-08-18T15:58:24.983279+00:00,full
460,4544,4550,temporal,0.7206351805301175,temporal,ARM_B,0.2,1,0.5,12.295,False,6,2026-08-18T15:55:08.124579+00:00,2026-08-18T15:58:24.983279+00:00,full
461,7628,7629,temporal,0.7206871294770657,temporal,ARM_A,0.0,1,0.2,130.879,False,10,2026-08-18T15:55:08.124579+00:00,2026-08-18T15:58:25.254456+00:00,full
461,7628,7629,temporal,0.7206871294770657,temporal,ARM_B,0.2,1,0.25,10.471,False,10,2026-08-18T15:55:08.124579+00:00,2026-08-18T15:58:25.254456+00:00,full
462,7628,7629,temporal,0.7206871294770657,temporal,ARM_A,0.0,1,0.2,3.916,False,10,2026-08-18T15:55:08.124579+00:00,2026-08-18T15:58:25.602164+00:00,full
462,7628,7629,temporal,0.7206871294770657,temporal,ARM_B,0.2,1,0.25,7.699,False,10,2026-08-18T15:55:08.124579+00:00,2026-08-18T15:58:25.602164+00:00,full
463,7029,7140,temporal,0.7207355236130379,temporal,ARM_A,0.0,0,0.0,31.843,False,0,2026-08-18T15:55:08.124579+00:00,2026-08-18T15:58:25.819573+00:00,full
463,7029,7140,temporal,0.7207355236130379,temporal,ARM_B,0.2,0,0.0,10.568,False,0,2026-08-18T15:55:08.124579+00:00,2026-08-18T15:58:25.819573+00:00,full
464,5654,5771,temporal,0.7207773591014626,temporal,ARM_A,0.0,0,0.0,92.587,False,2,2026-08-18T15:55:08.124579+00:00,2026-08-18T15:58:26.072131+00:00,full
464,5654,5771,temporal,0.7207773591014626,temporal,ARM_B,0.2,0,0.0,7.165,False,2,2026-08-18T15:55:08.124579+00:00,2026-08-18T15:58:26.072131+00:00,full
465,3014,3019,temporal,0.7208323097477055,temporal,ARM_A,0.0,0,0.0,112.105,False,8,2026-08-18T15:55:08.124579+00:00,2026-08-18T15:58:26.375750+00:00,full
465,3014,3019,temporal,0.7208323097477055,temporal,ARM_B,0.2,0,0.0,46.919,False,8,2026-08-18T15:55:08.124579+00:00,2026-08-18T15:58:26.375750+00:00,full
466,3014,3019,temporal,0.7208323097477055,temporal,ARM_A,0.0,0,0.0,34.861,False,8,2026-08-18T15:55:08.124579+00:00,2026-08-18T15:58:26.736114+00:00,full
466,3014,3019,temporal,0.7208323097477055,temporal,ARM_B,0.2,0,0.0,23.342,False,8,2026-08-18T15:55:08.124579+00:00,2026-08-18T15:58:26.736114+00:00,full
467,7430,7466,temporal,0.7208497143045242,temporal,ARM_A,0.0,1,0.3333333333333333,67.189,False,10,2026-08-18T15:55:08.124579+00:00,2026-08-18T15:58:26.998861+00:00,full
467,7430,7466,temporal,0.7208497143045242,temporal,ARM_B,0.2,1,0.1111111111111111,1360.84,False,10,2026-08-18T15:55:08.124579+00:00,2026-08-18T15:58:26.998861+00:00,full
468,3854,3856,temporal,0.7208846952903972,temporal,ARM_A,0.0,1,0.2,59.752,False,10,2026-08-18T15:55:08.124579+00:00,2026-08-18T15:58:28.629132+00:00,full
468,3854,3856,temporal,0.7208846952903972,temporal,ARM_B,0.2,1,0.5,307.627,False,10,2026-08-18T15:55:08.124579+00:00,2026-08-18T15:58:28.629132+00:00,full
469,3588,3591,temporal,0.7209593584440609,temporal,ARM_A,0.0,0,0.0,32.993,False,0,2026-08-18T15:55:08.124579+00:00,2026-08-18T15:58:29.200735+00:00,full
469,3588,3591,temporal,0.7209593584440609,temporal,ARM_B,0.2,0,0.0,12.584,False,0,2026-08-18T15:55:08.124579+00:00,2026-08-18T15:58:29.200735+00:00,full
470,4559,4568,temporal,0.7213296939131373,temporal,ARM_A,0.0,1,0.2,31.003,False,10,2026-08-18T15:55:08.124579+00:00,2026-08-18T15:58:29.448899+00:00,full
470,4559,4568,temporal,0.7213296939131373,temporal,ARM_B,0.2,1,0.2,8.75,False,10,2026-08-18T15:55:08.124579+00:00,2026-08-18T15:58:29.448899+00:00,full
471,3395,3396,temporal,0.721335134546016,temporal,ARM_A,0.0,1,0.3333333333333333,64.307,False,10,2026-08-18T15:55:08.124579+00:00,2026-08-18T15:58:29.692579+00:00,full
471,3395,3396,temporal,0.721335134546016,temporal,ARM_B,0.2,1,0.3333333333333333,12.787,False,10,2026-08-18T15:55:08.124579+00:00,2026-08-18T15:58:29.692579+00:00,full
472,7427,7428,temporal,0.7214109565509519,temporal,ARM_A,0.0,0,0.0,9.28,False,10,2026-08-18T15:55:08.124579+00:00,2026-08-18T15:58:29.974651+00:00,full
472,7427,7428,temporal,0.7214109565509519,temporal,ARM_B,0.2,0,0.0,34.659,False,10,2026-08-18T15:55:08.124579+00:00,2026-08-18T15:58:29.974651+00:00,full
473,3977,3978,temporal,0.7215839409356164,temporal,ARM_A,0.0,1,0.5,138.538,False,10,2026-08-18T15:55:08.124579+00:00,2026-08-18T15:58:30.221932+00:00,full
473,3977,3978,temporal,0.7215839409356164,temporal,ARM_B,0.2,1,0.5,10.869,False,10,2026-08-18T15:55:08.124579+00:00,2026-08-18T15:58:30.221932+00:00,full
474,7412,7413,temporal,0.7220209555073589,temporal,ARM_A,0.0,1,0.1111111111111111,254.603,False,10,2026-08-18T15:55:08.124579+00:00,2026-08-18T15:58:30.577668+00:00,full
474,7412,7413,temporal,0.7220209555073589,temporal,ARM_B,0.2,1,0.16666666666666666,41.908,False,10,2026-08-18T15:55:08.124579+00:00,2026-08-18T15:58:30.577668+00:00,full
475,7412,7413,temporal,0.7220209555073589,temporal,ARM_A,0.0,1,0.1111111111111111,47.727,False,10,2026-08-18T15:55:08.124579+00:00,2026-08-18T15:58:31.083036+00:00,full
475,7412,7413,temporal,0.7220209555073589,temporal,ARM_B,0.2,1,0.16666666666666666,69.045,False,10,2026-08-18T15:55:08.124579+00:00,2026-08-18T15:58:31.083036+00:00,full
476,3241,3243,temporal,0.7220521635884849,temporal,ARM_A,0.0,0,0.0,79.527,False,9,2026-08-18T15:55:08.124579+00:00,2026-08-18T15:58:31.402112+00:00,full
476,3241,3243,temporal,0.7220521635884849,temporal,ARM_B,0.2,0,0.0,32.274,False,9,2026-08-18T15:55:08.124579+00:00,2026-08-18T15:58:31.402112+00:00,full
477,3241,3243,temporal,0.7220521635884849,temporal,ARM_A,0.0,0,0.0,31.193,False,9,2026-08-18T15:55:08.124579+00:00,2026-08-18T15:58:31.715687+00:00,full
477,3241,3243,temporal,0.7220521635884849,temporal,ARM_B,0.2,0,0.0,31.529,False,9,2026-08-18T15:55:08.124579+00:00,2026-08-18T15:58:31.715687+00:00,full
478,7402,7407,temporal,0.7221866465266543,temporal,ARM_A,0.0,0,0.0,130.947,False,10,2026-08-18T15:55:08.124579+00:00,2026-08-18T15:58:31.979960+00:00,full
478,7402,7407,temporal,0.7221866465266543,temporal,ARM_B,0.2,1,0.14285714285714285,54.736,False,10,2026-08-18T15:55:08.124579+00:00,2026-08-18T15:58:31.979960+00:00,full
479,7615,7621,temporal,0.7224117948062311,temporal,ARM_A,0.0,1,0.2,178.451,False,10,2026-08-18T15:55:08.124579+00:00,2026-08-18T15:58:32.372348+00:00,full
479,7615,7621,temporal,0.7224117948062311,temporal,ARM_B,0.2,1,0.2,5.23,False,10,2026-08-18T15:55:08.124579+00:00,2026-08-18T15:58:32.372348+00:00,full
480,3501,3515,temporal,0.7224302457314596,temporal,ARM_A,0.0,0,0.0,8.423,False,2,2026-08-18T15:55:08.124579+00:00,2026-08-18T15:58:32.758690+00:00,full
480,3501,3515,temporal,0.7224302457314596,temporal,ARM_B,0.2,0,0.0,3.46,False,2,2026-08-18T15:55:08.124579+00:00,2026-08-18T15:58:32.758690+00:00,full
481,7463,7527,temporal,0.722543554154424,temporal,ARM_A,0.0,1,0.5,20.468,False,10,2026-08-18T15:55:08.124579+00:00,2026-08-18T15:58:32.976776+00:00,full
481,7463,7527,temporal,0.722543554154424,temporal,ARM_B,0.2,1,0.5,127.597,False,10,2026-08-18T15:55:08.124579+00:00,2026-08-18T15:58:32.976776+00:00,full
482,7631,7635,temporal,0.7225925261002892,temporal,ARM_A,0.0,1,0.16666666666666666,32.598,False,10,2026-08-18T15:55:08.124579+00:00,2026-08-18T15:58:33.330061+00:00,full
482,7631,7635,temporal,0.7225925261002892,temporal,ARM_B,0.2,1,0.25,16.134,False,10,2026-08-18T15:55:08.124579+00:00,2026-08-18T15:58:33.330061+00:00,full
483,7631,7635,temporal,0.7225925261002892,temporal,ARM_A,0.0,1,0.16666666666666666,7.891,False,10,2026-08-18T15:55:08.124579+00:00,2026-08-18T15:58:33.580783+00:00,full
483,7631,7635,temporal,0.7225925261002892,temporal,ARM_B,0.2,1,0.25,5.036,False,10,2026-08-18T15:55:08.124579+00:00,2026-08-18T15:58:33.580783+00:00,full
484,7499,7607,temporal,0.7226802210832051,temporal,ARM_A,0.0,1,0.2,15.251,False,10,2026-08-18T15:55:08.124579+00:00,2026-08-18T15:58:33.795699+00:00,full
484,7499,7607,temporal,0.7226802210832051,temporal,ARM_B,0.2,1,0.25,100.87,False,10,2026-08-18T15:55:08.124579+00:00,2026-08-18T15:58:33.795699+00:00,full
485,7562,7603,temporal,0.7228608512025847,temporal,ARM_A,0.0,1,0.25,15.841,False,10,2026-08-18T15:55:08.124579+00:00,2026-08-18T15:58:34.117463+00:00,full
485,7562,7603,temporal,0.7228608512025847,temporal,ARM_B,0.2,1,0.3333333333333333,93.886,False,10,2026-08-18T15:55:08.124579+00:00,2026-08-18T15:58:34.117463+00:00,full
486,7531,7534,temporal,0.722912685697516,temporal,ARM_A,0.0,1,0.5,17.543,False,10,2026-08-18T15:55:08.124579+00:00,2026-08-18T15:58:34.431386+00:00,full
486,7531,7534,temporal,0.722912685697516,temporal,ARM_B,0.2,1,0.5,2111.99,False,10,2026-08-18T15:55:08.124579+00:00,2026-08-18T15:58:34.431386+00:00,full
487,7531,7534,temporal,0.722912685697516,temporal,ARM_A,0.0,1,0.5,12.696,False,10,2026-08-18T15:55:08.124579+00:00,2026-08-18T15:58:36.762861+00:00,full
487,7531,7534,temporal,0.722912685697516,temporal,ARM_B,0.2,1,0.5,113.734,False,10,2026-08-18T15:55:08.124579+00:00,2026-08-18T15:58:36.762861+00:00,full
488,7495,7562,temporal,0.7230435178849998,temporal,ARM_A,0.0,0,0.0,19.241,False,10,2026-08-18T15:55:08.124579+00:00,2026-08-18T15:58:37.091747+00:00,full
488,7495,7562,temporal,0.7230435178849998,temporal,ARM_B,0.2,0,0.0,99.067,False,10,2026-08-18T15:55:08.124579+00:00,2026-08-18T15:58:37.091747+00:00,full
489,7454,7533,temporal,0.723124103359943,temporal,ARM_A,0.0,1,0.3333333333333333,154.225,False,10,2026-08-18T15:55:08.124579+00:00,2026-08-18T15:58:37.415368+00:00,full
489,7454,7533,temporal,0.723124103359943,temporal,ARM_B,0.2,1,0.3333333333333333,144.069,False,10,2026-08-18T15:55:08.124579+00:00,2026-08-18T15:58:37.415368+00:00,full
490,3514,3515,temporal,0.7231250240281354,temporal,ARM_A,0.0,0,0.0,12.172,False,2,2026-08-18T15:55:08.124579+00:00,2026-08-18T15:58:37.920852+00:00,full
490,3514,3515,temporal,0.7231250240281354,temporal,ARM_B,0.2,0,0.0,5.112,False,2,2026-08-18T15:55:08.124579+00:00,2026-08-18T15:58:37.920852+00:00,full
491,3528,3531,temporal,0.7231480529738741,temporal,ARM_A,0.0,0,0.0,27.034,False,0,2026-08-18T15:55:08.124579+00:00,2026-08-18T15:58:38.140035+00:00,full
491,3528,3531,temporal,0.7231480529738741,temporal,ARM_B,0.2,0,0.0,8.732,False,0,2026-08-18T15:55:08.124579+00:00,2026-08-18T15:58:38.140035+00:00,full
492,3528,3531,temporal,0.7231480529738741,temporal,ARM_A,0.0,0,0.0,7.697,False,0,2026-08-18T15:55:08.124579+00:00,2026-08-18T15:58:38.377920+00:00,full
492,3528,3531,temporal,0.7231480529738741,temporal,ARM_B,0.2,0,0.0,7.527,False,0,2026-08-18T15:55:08.124579+00:00,2026-08-18T15:58:38.377920+00:00,full
493,6855,7112,temporal,0.7231552270835909,temporal,ARM_A,0.0,0,0.0,22.624,False,0,2026-08-18T15:55:08.124579+00:00,2026-08-18T15:58:38.597111+00:00,full
493,6855,7112,temporal,0.7231552270835909,temporal,ARM_B,0.2,0,0.0,223.348,False,0,2026-08-18T15:55:08.124579+00:00,2026-08-18T15:58:38.597111+00:00,full
494,7467,7468,temporal,0.7231641677813743,temporal,ARM_A,0.0,1,0.16666666666666666,119.824,False,10,2026-08-18T15:55:08.124579+00:00,2026-08-18T15:58:39.047983+00:00,full
494,7467,7468,temporal,0.7231641677813743,temporal,ARM_B,0.2,1,0.2,1562.167,False,10,2026-08-18T15:55:08.124579+00:00,2026-08-18T15:58:39.047983+00:00,full
495,7467,7468,temporal,0.7231641677813743,temporal,ARM_A,0.0,1,0.16666666666666666,18.739,False,10,2026-08-18T15:55:08.124579+00:00,2026-08-18T15:58:40.933119+00:00,full
495,7467,7468,temporal,0.7231641677813743,temporal,ARM_B,0.2,1,0.2,185.35,False,10,2026-08-18T15:55:08.124579+00:00,2026-08-18T15:58:40.933119+00:00,full
496,3624,3630,temporal,0.7232487417235599,temporal,ARM_A,0.0,0,0.0,44.007,False,10,2026-08-18T15:55:08.124579+00:00,2026-08-18T15:58:41.339766+00:00,full
496,3624,3630,temporal,0.7232487417235599,temporal,ARM_B,0.2,0,0.0,8.364,False,10,2026-08-18T15:55:08.124579+00:00,2026-08-18T15:58:41.339766+00:00,full
497,3624,3630,temporal,0.7232487417235599,temporal,ARM_A,0.0,0,0.0,5.144,False,10,2026-08-18T15:55:08.124579+00:00,2026-08-18T15:58:41.595098+00:00,full
497,3624,3630,temporal,0.7232487417235599,temporal,ARM_B,0.2,0,0.0,5.791,False,10,2026-08-18T15:55:08.124579+00:00,2026-08-18T15:58:41.595098+00:00,full
498,7678,7682,temporal,0.7233170055354563,temporal,ARM_A,0.0,1,0.3333333333333333,149.934,False,10,2026-08-18T15:55:08.124579+00:00,2026-08-18T15:58:41.810140+00:00,full
498,7678,7682,temporal,0.7233170055354563,temporal,ARM_B,0.2,1,0.3333333333333333,4.6,False,10,2026-08-18T15:55:08.124579+00:00,2026-08-18T15:58:41.810140+00:00,full
499,7511,7512,temporal,0.7233734562023567,temporal,ARM_A,0.0,0,0.0,45.989,False,10,2026-08-18T15:55:08.124579+00:00,2026-08-18T15:58:42.166940+00:00,full
499,7511,7512,temporal,0.7233734562023567,temporal,ARM_B,0.2,1,0.14285714285714285,85.5,False,10,2026-08-18T15:55:08.124579+00:00,2026-08-18T15:58:42.166940+00:00,full
ctrl_108,108,108,control,1.0,control,ARM_A,0.0,1,1.0,54.621,False,10,2026-08-18T15:55:08.124579+00:00,2026-08-18T15:58:42.516877+00:00,control
ctrl_108,108,108,control,1.0,control,ARM_B,0.2,1,1.0,4.841,False,10,2026-08-18T15:55:08.124579+00:00,2026-08-18T15:58:42.516877+00:00,control
ctrl_2128,2128,2128,control,1.0,control,ARM_A,0.0,0,0.0,382.822,False,0,2026-08-18T15:55:08.124579+00:00,2026-08-18T15:58:42.679986+00:00,control
ctrl_2128,2128,2128,control,1.0,control,ARM_B,0.2,0,0.0,11.25,False,0,2026-08-18T15:55:08.124579+00:00,2026-08-18T15:58:42.679986+00:00,control
ctrl_38,38,38,control,1.0,control,ARM_A,0.0,0,0.0,34.108,False,6,2026-08-18T15:55:08.124579+00:00,2026-08-18T15:58:43.175814+00:00,control
ctrl_38,38,38,control,1.0,control,ARM_B,0.2,0,0.0,32.071,False,6,2026-08-18T15:55:08.124579+00:00,2026-08-18T15:58:43.175814+00:00,control
ctrl_91,91,91,control,1.0,control,ARM_A,0.0,1,1.0,74.947,False,10,2026-08-18T15:55:08.124579+00:00,2026-08-18T15:58:43.344887+00:00,control
ctrl_91,91,91,control,1.0,control,ARM_B,0.2,1,1.0,44.037,False,10,2026-08-18T15:55:08.124579+00:00,2026-08-18T15:58:43.344887+00:00,control
ctrl_33,33,33,control,1.0,control,ARM_A,0.0,1,1.0,91.121,False,10,2026-08-18T15:55:08.124579+00:00,2026-08-18T15:58:43.565918+00:00,control
ctrl_33,33,33,control,1.0,control,ARM_B,0.2,1,1.0,61.955,False,10,2026-08-18T15:55:08.124579+00:00,2026-08-18T15:58:43.565918+00:00,control
ctrl_2195,2195,2195,control,1.0,control,ARM_A,0.0,0,0.0,44.828,False,1,2026-08-18T15:55:08.124579+00:00,2026-08-18T15:58:43.820957+00:00,control
ctrl_2195,2195,2195,control,1.0,control,ARM_B,0.2,0,0.0,15.823,False,1,2026-08-18T15:55:08.124579+00:00,2026-08-18T15:58:43.820957+00:00,control
ctrl_1923,1923,1923,control,1.0,control,ARM_A,0.0,0,0.0,44.264,False,0,2026-08-18T15:55:08.124579+00:00,2026-08-18T15:58:43.983816+00:00,control
ctrl_1923,1923,1923,control,1.0,control,ARM_B,0.2,0,0.0,17.647,False,0,2026-08-18T15:55:08.124579+00:00,2026-08-18T15:58:43.983816+00:00,control
ctrl_122,122,122,control,1.0,control,ARM_A,0.0,1,1.0,60.717,False,10,2026-08-18T15:55:08.124579+00:00,2026-08-18T15:58:44.149969+00:00,control
ctrl_122,122,122,control,1.0,control,ARM_B,0.2,1,1.0,53.607,False,10,2026-08-18T15:55:08.124579+00:00,2026-08-18T15:58:44.149969+00:00,control
ctrl_20,20,20,control,1.0,control,ARM_A,0.0,1,1.0,37.26,False,10,2026-08-18T15:55:08.124579+00:00,2026-08-18T15:58:44.367447+00:00,control
ctrl_20,20,20,control,1.0,control,ARM_B,0.2,1,1.0,33.204,False,10,2026-08-18T15:55:08.124579+00:00,2026-08-18T15:58:44.367447+00:00,control
ctrl_2009,2009,2009,control,1.0,control,ARM_A,0.0,0,0.0,43.753,False,0,2026-08-18T15:55:08.124579+00:00,2026-08-18T15:58:44.542143+00:00,control
ctrl_2009,2009,2009,control,1.0,control,ARM_B,0.2,0,0.0,15.784,False,0,2026-08-18T15:55:08.124579+00:00,2026-08-18T15:58:44.542143+00:00,control
ctrl_25,25,25,control,1.0,control,ARM_A,0.0,0,0.0,50.187,False,10,2026-08-18T15:55:08.124579+00:00,2026-08-18T15:58:44.705016+00:00,control
ctrl_25,25,25,control,1.0,control,ARM_B,0.2,0,0.0,24.501,False,10,2026-08-18T15:55:08.124579+00:00,2026-08-18T15:58:44.705016+00:00,control
ctrl_2528,2528,2528,control,1.0,control,ARM_A,0.0,0,0.0,26.684,False,0,2026-08-18T15:55:08.124579+00:00,2026-08-18T15:58:44.881773+00:00,control
ctrl_2528,2528,2528,control,1.0,control,ARM_B,0.2,0,0.0,11.01,False,0,2026-08-18T15:55:08.124579+00:00,2026-08-18T15:58:44.881773+00:00,control
ctrl_105,105,105,control,1.0,control,ARM_A,0.0,1,1.0,29.452,False,10,2026-08-18T15:55:08.124579+00:00,2026-08-18T15:58:45.021932+00:00,control
ctrl_105,105,105,control,1.0,control,ARM_B,0.2,1,1.0,3.932,False,10,2026-08-18T15:55:08.124579+00:00,2026-08-18T15:58:45.021932+00:00,control
ctrl_2000,2000,2000,control,1.0,control,ARM_A,0.0,0,0.0,15.225,False,0,2026-08-18T15:55:08.124579+00:00,2026-08-18T15:58:45.159909+00:00,control
ctrl_2000,2000,2000,control,1.0,control,ARM_B,0.2,0,0.0,7.442,False,0,2026-08-18T15:55:08.124579+00:00,2026-08-18T15:58:45.159909+00:00,control
ctrl_1951,1951,1951,control,1.0,control,ARM_A,0.0,0,0.0,25.015,False,0,2026-08-18T15:55:08.124579+00:00,2026-08-18T15:58:45.284045+00:00,control
ctrl_1951,1951,1951,control,1.0,control,ARM_B,0.2,0,0.0,8.602,False,0,2026-08-18T15:55:08.124579+00:00,2026-08-18T15:58:45.284045+00:00,control
ctrl_2531,2531,2531,control,1.0,control,ARM_A,0.0,0,0.0,81.797,False,0,2026-08-18T15:55:08.124579+00:00,2026-08-18T15:58:45.420036+00:00,control
ctrl_2531,2531,2531,control,1.0,control,ARM_B,0.2,0,0.0,9.283,False,0,2026-08-18T15:55:08.124579+00:00,2026-08-18T15:58:45.420036+00:00,control
ctrl_2501,2501,2501,control,1.0,control,ARM_A,0.0,0,0.0,12.61,False,0,2026-08-18T15:55:08.124579+00:00,2026-08-18T15:58:45.613934+00:00,control
ctrl_2501,2501,2501,control,1.0,control,ARM_B,0.2,0,0.0,7.123,False,0,2026-08-18T15:55:08.124579+00:00,2026-08-18T15:58:45.613934+00:00,control
ctrl_39,39,39,control,1.0,control,ARM_A,0.0,0,0.0,37.583,False,9,2026-08-18T15:55:08.124579+00:00,2026-08-18T15:58:45.735699+00:00,control
ctrl_39,39,39,control,1.0,control,ARM_B,0.2,0,0.0,7.813,False,9,2026-08-18T15:55:08.124579+00:00,2026-08-18T15:58:45.735699+00:00,control
ctrl_1827,1827,1827,control,1.0,control,ARM_A,0.0,0,0.0,31.516,False,0,2026-08-18T15:55:08.124579+00:00,2026-08-18T15:58:45.887996+00:00,control
ctrl_1827,1827,1827,control,1.0,control,ARM_B,0.2,0,0.0,8.948,False,0,2026-08-18T15:55:08.124579+00:00,2026-08-18T15:58:45.887996+00:00,control
ctrl_1861,1861,1861,control,1.0,control,ARM_A,0.0,0,0.0,13.87,False,0,2026-08-18T15:55:08.124579+00:00,2026-08-18T15:58:46.034640+00:00,control
ctrl_1861,1861,1861,control,1.0,control,ARM_B,0.2,0,0.0,9.436,False,0,2026-08-18T15:55:08.124579+00:00,2026-08-18T15:58:46.034640+00:00,control
ctrl_2143,2143,2143,control,1.0,control,ARM_A,0.0,0,0.0,11.336,False,4,2026-08-18T15:55:08.124579+00:00,2026-08-18T15:58:46.163377+00:00,control
ctrl_2143,2143,2143,control,1.0,control,ARM_B,0.2,0,0.0,4.371,False,4,2026-08-18T15:55:08.124579+00:00,2026-08-18T15:58:46.163377+00:00,control
ctrl_2,2,2,control,1.0,control,ARM_A,0.0,0,0.0,5.205,False,10,2026-08-18T15:55:08.124579+00:00,2026-08-18T15:58:46.283753+00:00,control
ctrl_2,2,2,control,1.0,control,ARM_B,0.2,0,0.0,6.033,False,10,2026-08-18T15:55:08.124579+00:00,2026-08-18T15:58:46.283753+00:00,control
ctrl_2006,2006,2006,control,1.0,control,ARM_A,0.0,0,0.0,9.367,False,0,2026-08-18T15:55:08.124579+00:00,2026-08-18T15:58:46.398191+00:00,control
ctrl_2006,2006,2006,control,1.0,control,ARM_B,0.2,0,0.0,8.752,False,0,2026-08-18T15:55:08.124579+00:00,2026-08-18T15:58:46.398191+00:00,control
ctrl_2198,2198,2198,control,1.0,control,ARM_A,0.0,0,0.0,10.973,False,0,2026-08-18T15:55:08.124579+00:00,2026-08-18T15:58:46.520424+00:00,control
ctrl_2198,2198,2198,control,1.0,control,ARM_B,0.2,0,0.0,9.337,False,0,2026-08-18T15:55:08.124579+00:00,2026-08-18T15:58:46.520424+00:00,control
ctrl_146,146,146,control,1.0,control,ARM_A,0.0,1,1.0,12.465,False,10,2026-08-18T15:55:08.124579+00:00,2026-08-18T15:58:46.642685+00:00,control
ctrl_146,146,146,control,1.0,control,ARM_B,0.2,1,1.0,4.38,False,10,2026-08-18T15:55:08.124579+00:00,2026-08-18T15:58:46.642685+00:00,control
ctrl_135,135,135,control,1.0,control,ARM_A,0.0,1,1.0,6.074,False,10,2026-08-18T15:55:08.124579+00:00,2026-08-18T15:58:46.760676+00:00,control
ctrl_135,135,135,control,1.0,control,ARM_B,0.2,1,1.0,5.548,False,10,2026-08-18T15:55:08.124579+00:00,2026-08-18T15:58:46.760676+00:00,control
ctrl_2144,2144,2144,control,1.0,control,ARM_A,0.0,0,0.0,252.209,False,0,2026-08-18T15:55:08.124579+00:00,2026-08-18T15:58:46.873825+00:00,control
ctrl_2144,2144,2144,control,1.0,control,ARM_B,0.2,0,0.0,19.312,False,0,2026-08-18T15:55:08.124579+00:00,2026-08-18T15:58:46.873825+00:00,control
ctrl_1957,1957,1957,control,1.0,control,ARM_A,0.0,0,0.0,31.737,False,0,2026-08-18T15:55:08.124579+00:00,2026-08-18T15:58:47.246868+00:00,control
ctrl_1957,1957,1957,control,1.0,control,ARM_B,0.2,0,0.0,17.819,False,0,2026-08-18T15:55:08.124579+00:00,2026-08-18T15:58:47.246868+00:00,control
ctrl_88,88,88,control,1.0,control,ARM_A,0.0,1,1.0,38.892,False,10,2026-08-18T15:55:08.124579+00:00,2026-08-18T15:58:47.400174+00:00,control
ctrl_88,88,88,control,1.0,control,ARM_B,0.2,1,1.0,35.229,False,10,2026-08-18T15:55:08.124579+00:00,2026-08-18T15:58:47.400174+00:00,control
ctrl_6,6,6,control,1.0,control,ARM_A,0.0,1,0.5,34.365,False,10,2026-08-18T15:55:08.124579+00:00,2026-08-18T15:58:47.577748+00:00,control
ctrl_6,6,6,control,1.0,control,ARM_B,0.2,1,0.3333333333333333,32.653,False,10,2026-08-18T15:55:08.124579+00:00,2026-08-18T15:58:47.577748+00:00,control
ctrl_2469,2469,2469,control,1.0,control,ARM_A,0.0,0,0.0,23.844,False,0,2026-08-18T15:55:08.124579+00:00,2026-08-18T15:58:47.747586+00:00,control
ctrl_2469,2469,2469,control,1.0,control,ARM_B,0.2,0,0.0,15.365,False,0,2026-08-18T15:55:08.124579+00:00,2026-08-18T15:58:47.747586+00:00,control
ctrl_125,125,125,control,1.0,control,ARM_A,0.0,1,1.0,53.972,False,10,2026-08-18T15:55:08.124579+00:00,2026-08-18T15:58:47.888863+00:00,control
ctrl_125,125,125,control,1.0,control,ARM_B,0.2,1,1.0,49.138,False,10,2026-08-18T15:55:08.124579+00:00,2026-08-18T15:58:47.888863+00:00,control
ctrl_1917,1917,1917,control,1.0,control,ARM_A,0.0,0,0.0,19.366,False,2,2026-08-18T15:55:08.124579+00:00,2026-08-18T15:58:48.093823+00:00,control
ctrl_1917,1917,1917,control,1.0,control,ARM_B,0.2,0,0.0,15.436,False,2,2026-08-18T15:55:08.124579+00:00,2026-08-18T15:58:48.093823+00:00,control
ctrl_35,35,35,control,1.0,control,ARM_A,0.0,1,1.0,54.227,False,10,2026-08-18T15:55:08.124579+00:00,2026-08-18T15:58:48.229812+00:00,control
ctrl_35,35,35,control,1.0,control,ARM_B,0.2,1,1.0,52.795,False,10,2026-08-18T15:55:08.124579+00:00,2026-08-18T15:58:48.229812+00:00,control
ctrl_2053,2053,2053,control,1.0,control,ARM_A,0.0,0,0.0,23.343,False,6,2026-08-18T15:55:08.124579+00:00,2026-08-18T15:58:48.439137+00:00,control
ctrl_2053,2053,2053,control,1.0,control,ARM_B,0.2,0,0.0,27.363,False,6,2026-08-18T15:55:08.124579+00:00,2026-08-18T15:58:48.439137+00:00,control
ctrl_1898,1898,1898,control,1.0,control,ARM_A,0.0,0,0.0,19.791,False,0,2026-08-18T15:55:08.124579+00:00,2026-08-18T15:58:48.596643+00:00,control
ctrl_1898,1898,1898,control,1.0,control,ARM_B,0.2,0,0.0,20.432,False,0,2026-08-18T15:55:08.124579+00:00,2026-08-18T15:58:48.596643+00:00,control
ctrl_2209,2209,2209,control,1.0,control,ARM_A,0.0,0,0.0,25.341,False,0,2026-08-18T15:55:08.124579+00:00,2026-08-18T15:58:48.740517+00:00,control
ctrl_2209,2209,2209,control,1.0,control,ARM_B,0.2,0,0.0,16.208,False,0,2026-08-18T15:55:08.124579+00:00,2026-08-18T15:58:48.740517+00:00,control
ctrl_109,109,109,control,1.0,control,ARM_A,0.0,1,1.0,35.837,False,10,2026-08-18T15:55:08.124579+00:00,2026-08-18T15:58:48.884085+00:00,control
ctrl_109,109,109,control,1.0,control,ARM_B,0.2,1,1.0,4.985,False,10,2026-08-18T15:55:08.124579+00:00,2026-08-18T15:58:48.884085+00:00,control
ctrl_117,117,117,control,1.0,control,ARM_A,0.0,1,1.0,11.278,False,10,2026-08-18T15:55:08.124579+00:00,2026-08-18T15:58:49.028419+00:00,control
ctrl_117,117,117,control,1.0,control,ARM_B,0.2,1,1.0,8.352,False,10,2026-08-18T15:55:08.124579+00:00,2026-08-18T15:58:49.028419+00:00,control
ctrl_50,50,50,control,1.0,control,ARM_A,0.0,1,1.0,6.037,False,10,2026-08-18T15:55:08.124579+00:00,2026-08-18T15:58:49.150423+00:00,control
ctrl_50,50,50,control,1.0,control,ARM_B,0.2,1,1.0,6.323,False,10,2026-08-18T15:55:08.124579+00:00,2026-08-18T15:58:49.150423+00:00,control
ctrl_2211,2211,2211,control,1.0,control,ARM_A,0.0,0,0.0,7.85,False,0,2026-08-18T15:55:08.124579+00:00,2026-08-18T15:58:49.264160+00:00,control
ctrl_2211,2211,2211,control,1.0,control,ARM_B,0.2,0,0.0,7.863,False,0,2026-08-18T15:55:08.124579+00:00,2026-08-18T15:58:49.264160+00:00,control
ctrl_2135,2135,2135,control,1.0,control,ARM_A,0.0,0,0.0,10.632,False,0,2026-08-18T15:55:08.124579+00:00,2026-08-18T15:58:49.382222+00:00,control
ctrl_2135,2135,2135,control,1.0,control,ARM_B,0.2,0,0.0,12.936,False,0,2026-08-18T15:55:08.124579+00:00,2026-08-18T15:58:49.382222+00:00,control
ctrl_2439,2439,2439,control,1.0,control,ARM_A,0.0,0,0.0,9.856,False,0,2026-08-18T15:55:08.124579+00:00,2026-08-18T15:58:49.508575+00:00,control
ctrl_2439,2439,2439,control,1.0,control,ARM_B,0.2,0,0.0,8.35,False,0,2026-08-18T15:55:08.124579+00:00,2026-08-18T15:58:49.508575+00:00,control
ctrl_75,75,75,control,1.0,control,ARM_A,0.0,1,1.0,58.838,False,10,2026-08-18T15:55:08.124579+00:00,2026-08-18T15:58:49.628149+00:00,control
ctrl_75,75,75,control,1.0,control,ARM_B,0.2,1,1.0,4.819,False,10,2026-08-18T15:55:08.124579+00:00,2026-08-18T15:58:49.628149+00:00,control
ctrl_2373,2373,2373,control,1.0,control,ARM_A,0.0,0,0.0,4.965,False,2,2026-08-18T15:55:08.124579+00:00,2026-08-18T15:58:49.793089+00:00,control
ctrl_2373,2373,2373,control,1.0,control,ARM_B,0.2,0,0.0,3.609,False,2,2026-08-18T15:55:08.124579+00:00,2026-08-18T15:58:49.793089+00:00,control
ctrl_102,102,102,control,1.0,control,ARM_A,0.0,1,1.0,8.117,False,10,2026-08-18T15:55:08.124579+00:00,2026-08-18T15:58:49.906032+00:00,control
ctrl_102,102,102,control,1.0,control,ARM_B,0.2,1,1.0,5.992,False,10,2026-08-18T15:55:08.124579+00:00,2026-08-18T15:58:49.906032+00:00,control
ctrl_2305,2305,2305,control,1.0,control,ARM_A,0.0,0,0.0,16.407,False,0,2026-08-18T15:55:08.124579+00:00,2026-08-18T15:58:50.023133+00:00,control
ctrl_2305,2305,2305,control,1.0,control,ARM_B,0.2,0,0.0,7.339,False,0,2026-08-18T15:55:08.124579+00:00,2026-08-18T15:58:50.023133+00:00,control
ctrl_1829,1829,1829,control,1.0,control,ARM_A,0.0,0,0.0,22.828,False,0,2026-08-18T15:55:08.124579+00:00,2026-08-18T15:58:50.149820+00:00,control
ctrl_1829,1829,1829,control,1.0,control,ARM_B,0.2,0,0.0,8.061,False,0,2026-08-18T15:55:08.124579+00:00,2026-08-18T15:58:50.149820+00:00,control
ctrl_1960,1960,1960,control,1.0,control,ARM_A,0.0,0,0.0,10.493,False,0,2026-08-18T15:55:08.124579+00:00,2026-08-18T15:58:50.283626+00:00,control
ctrl_1960,1960,1960,control,1.0,control,ARM_B,0.2,0,0.0,9.528,False,0,2026-08-18T15:55:08.124579+00:00,2026-08-18T15:58:50.283626+00:00,control
ctrl_57,57,57,control,1.0,control,ARM_A,0.0,1,1.0,10.605,False,10,2026-08-18T15:55:08.124579+00:00,2026-08-18T15:58:50.404836+00:00,control
ctrl_57,57,57,control,1.0,control,ARM_B,0.2,1,1.0,5.861,False,10,2026-08-18T15:55:08.124579+00:00,2026-08-18T15:58:50.404836+00:00,control
ctrl_7,7,7,control,1.0,control,ARM_A,0.0,0,0.0,12.995,False,10,2026-08-18T15:55:08.124579+00:00,2026-08-18T15:58:50.524168+00:00,control
ctrl_7,7,7,control,1.0,control,ARM_B,0.2,0,0.0,6.584,False,10,2026-08-18T15:55:08.124579+00:00,2026-08-18T15:58:50.524168+00:00,control
ctrl_2391,2391,2391,control,1.0,control,ARM_A,0.0,0,0.0,22.346,False,0,2026-08-18T15:55:08.124579+00:00,2026-08-18T15:58:50.646266+00:00,control
ctrl_2391,2391,2391,control,1.0,control,ARM_B,0.2,0,0.0,9.211,False,0,2026-08-18T15:55:08.124579+00:00,2026-08-18T15:58:50.646266+00:00,control
ctrl_27,27,27,control,1.0,control,ARM_A,0.0,0,0.0,10.54,False,10,2026-08-18T15:55:08.124579+00:00,2026-08-18T15:58:50.780797+00:00,control
ctrl_27,27,27,control,1.0,control,ARM_B,0.2,0,0.0,5.764,False,10,2026-08-18T15:55:08.124579+00:00,2026-08-18T15:58:50.780797+00:00,control
ctrl_2070,2070,2070,control,1.0,control,ARM_A,0.0,0,0.0,8.168,False,0,2026-08-18T15:55:08.124579+00:00,2026-08-18T15:58:50.900833+00:00,control
ctrl_2070,2070,2070,control,1.0,control,ARM_B,0.2,0,0.0,7.212,False,0,2026-08-18T15:55:08.124579+00:00,2026-08-18T15:58:50.900833+00:00,control
ctrl_115,115,115,control,1.0,control,ARM_A,0.0,1,1.0,266.498,False,10,2026-08-18T15:55:08.124579+00:00,2026-08-18T15:58:51.018750+00:00,control
ctrl_115,115,115,control,1.0,control,ARM_B,0.2,1,1.0,86.183,False,10,2026-08-18T15:55:08.124579+00:00,2026-08-18T15:58:51.018750+00:00,control
ctrl_141,141,141,control,1.0,control,ARM_A,0.0,0,0.0,45.272,False,10,2026-08-18T15:55:08.124579+00:00,2026-08-18T15:58:51.474797+00:00,control
ctrl_141,141,141,control,1.0,control,ARM_B,0.2,0,0.0,25.941,False,10,2026-08-18T15:55:08.124579+00:00,2026-08-18T15:58:51.474797+00:00,control
ctrl_155,155,155,control,1.0,control,ARM_A,0.0,1,1.0,45.294,False,10,2026-08-18T15:55:08.124579+00:00,2026-08-18T15:58:51.649487+00:00,control
ctrl_155,155,155,control,1.0,control,ARM_B,0.2,1,1.0,32.781,False,10,2026-08-18T15:55:08.124579+00:00,2026-08-18T15:58:51.649487+00:00,control
ctrl_107,107,107,control,1.0,control,ARM_A,0.0,1,1.0,44.587,False,10,2026-08-18T15:55:08.124579+00:00,2026-08-18T15:58:51.830820+00:00,control
ctrl_107,107,107,control,1.0,control,ARM_B,0.2,1,1.0,35.234,False,10,2026-08-18T15:55:08.124579+00:00,2026-08-18T15:58:51.830820+00:00,control
ctrl_2476,2476,2476,control,1.0,control,ARM_A,0.0,0,0.0,33.18,False,0,2026-08-18T15:55:08.124579+00:00,2026-08-18T15:58:52.012740+00:00,control
ctrl_2476,2476,2476,control,1.0,control,ARM_B,0.2,0,0.0,16.958,False,0,2026-08-18T15:55:08.124579+00:00,2026-08-18T15:58:52.012740+00:00,control
ctrl_1915,1915,1915,control,1.0,control,ARM_A,0.0,0,0.0,34.077,False,0,2026-08-18T15:55:08.124579+00:00,2026-08-18T15:58:52.164781+00:00,control
ctrl_1915,1915,1915,control,1.0,control,ARM_B,0.2,0,0.0,15.136,False,0,2026-08-18T15:55:08.124579+00:00,2026-08-18T15:58:52.164781+00:00,control
ctrl_2056,2056,2056,control,1.0,control,ARM_A,0.0,0,0.0,24.719,False,3,2026-08-18T15:55:08.124579+00:00,2026-08-18T15:58:52.315833+00:00,control
ctrl_2056,2056,2056,control,1.0,control,ARM_B,0.2,0,0.0,15.174,False,3,2026-08-18T15:55:08.124579+00:00,2026-08-18T15:58:52.315833+00:00,control
ctrl_2136,2136,2136,control,1.0,control,ARM_A,0.0,0,0.0,21.331,False,0,2026-08-18T15:55:08.124579+00:00,2026-08-18T15:58:52.459836+00:00,control
ctrl_2136,2136,2136,control,1.0,control,ARM_B,0.2,0,0.0,17.659,False,0,2026-08-18T15:55:08.124579+00:00,2026-08-18T15:58:52.459836+00:00,control
ctrl_48,48,48,control,1.0,control,ARM_A,0.0,0,0.0,49.693,False,10,2026-08-18T15:55:08.124579+00:00,2026-08-18T15:58:52.600880+00:00,control
ctrl_48,48,48,control,1.0,control,ARM_B,0.2,0,0.0,36.507,False,10,2026-08-18T15:55:08.124579+00:00,2026-08-18T15:58:52.600880+00:00,control
ctrl_2263,2263,2263,control,1.0,control,ARM_A,0.0,0,0.0,26.177,False,0,2026-08-18T15:55:08.124579+00:00,2026-08-18T15:58:52.788785+00:00,control
ctrl_2263,2263,2263,control,1.0,control,ARM_B,0.2,0,0.0,15.919,False,0,2026-08-18T15:55:08.124579+00:00,2026-08-18T15:58:52.788785+00:00,control
ctrl_2020,2020,2020,control,1.0,control,ARM_A,0.0,0,0.0,14.775,False,3,2026-08-18T15:55:08.124579+00:00,2026-08-18T15:58:52.932854+00:00,control
ctrl_2020,2020,2020,control,1.0,control,ARM_B,0.2,0,0.0,15.443,False,3,2026-08-18T15:55:08.124579+00:00,2026-08-18T15:58:52.932854+00:00,control
ctrl_1985,1985,1985,control,1.0,control,ARM_A,0.0,0,0.0,8.844,False,0,2026-08-18T15:55:08.124579+00:00,2026-08-18T15:58:53.063691+00:00,control
ctrl_1985,1985,1985,control,1.0,control,ARM_B,0.2,0,0.0,10.915,False,0,2026-08-18T15:55:08.124579+00:00,2026-08-18T15:58:53.063691+00:00,control
ctrl_2122,2122,2122,control,1.0,control,ARM_A,0.0,0,0.0,4.327,False,3,2026-08-18T15:55:08.124579+00:00,2026-08-18T15:58:53.188268+00:00,control
ctrl_2122,2122,2122,control,1.0,control,ARM_B,0.2,0,0.0,7.93,False,3,2026-08-18T15:55:08.124579+00:00,2026-08-18T15:58:53.188268+00:00,control
ctrl_134,134,134,control,1.0,control,ARM_A,0.0,1,1.0,27.358,False,10,2026-08-18T15:55:08.124579+00:00,2026-08-18T15:58:53.302818+00:00,control
ctrl_134,134,134,control,1.0,control,ARM_B,0.2,1,1.0,4.633,False,10,2026-08-18T15:55:08.124579+00:00,2026-08-18T15:58:53.302818+00:00,control
ctrl_67,67,67,control,1.0,control,ARM_A,0.0,1,1.0,12.021,False,10,2026-08-18T15:55:08.124579+00:00,2026-08-18T15:58:53.437358+00:00,control
ctrl_67,67,67,control,1.0,control,ARM_B,0.2,1,1.0,7.178,False,10,2026-08-18T15:55:08.124579+00:00,2026-08-18T15:58:53.437358+00:00,control
ctrl_1959,1959,1959,control,1.0,control,ARM_A,0.0,0,0.0,71.713,False,0,2026-08-18T15:55:08.124579+00:00,2026-08-18T15:58:53.557950+00:00,control
ctrl_1959,1959,1959,control,1.0,control,ARM_B,0.2,0,0.0,8.31,False,0,2026-08-18T15:55:08.124579+00:00,2026-08-18T15:58:53.557950+00:00,control
ctrl_43,43,43,control,1.0,control,ARM_A,0.0,0,0.0,32.204,False,10,2026-08-18T15:55:08.124579+00:00,2026-08-18T15:58:53.740214+00:00,control
ctrl_43,43,43,control,1.0,control,ARM_B,0.2,0,0.0,9.491,False,10,2026-08-18T15:55:08.124579+00:00,2026-08-18T15:58:53.740214+00:00,control
ctrl_133,133,133,control,1.0,control,ARM_A,0.0,1,1.0,27.051,False,10,2026-08-18T15:55:08.124579+00:00,2026-08-18T15:58:53.887732+00:00,control
ctrl_133,133,133,control,1.0,control,ARM_B,0.2,1,1.0,5.816,False,10,2026-08-18T15:55:08.124579+00:00,2026-08-18T15:58:53.887732+00:00,control
ctrl_2397,2397,2397,control,1.0,control,ARM_A,0.0,0,0.0,16.382,False,0,2026-08-18T15:55:08.124579+00:00,2026-08-18T15:58:54.024169+00:00,control
ctrl_2397,2397,2397,control,1.0,control,ARM_B,0.2,0,0.0,7.731,False,0,2026-08-18T15:55:08.124579+00:00,2026-08-18T15:58:54.024169+00:00,control
ctrl_2398,2398,2398,control,1.0,control,ARM_A,0.0,0,0.0,35.274,False,0,2026-08-18T15:55:08.124579+00:00,2026-08-18T15:58:54.152146+00:00,control
ctrl_2398,2398,2398,control,1.0,control,ARM_B,0.2,0,0.0,9.367,False,0,2026-08-18T15:55:08.124579+00:00,2026-08-18T15:58:54.152146+00:00,control
ctrl_2019,2019,2019,control,1.0,control,ARM_A,0.0,0,0.0,10.816,False,0,2026-08-18T15:55:08.124579+00:00,2026-08-18T15:58:54.300624+00:00,control
ctrl_2019,2019,2019,control,1.0,control,ARM_B,0.2,0,0.0,8.862,False,0,2026-08-18T15:55:08.124579+00:00,2026-08-18T15:58:54.300624+00:00,control
ctrl_10,10,10,control,1.0,control,ARM_A,0.0,1,1.0,9.297,False,10,2026-08-18T15:55:08.124579+00:00,2026-08-18T15:58:54.422885+00:00,control
ctrl_10,10,10,control,1.0,control,ARM_B,0.2,1,1.0,4.691,False,10,2026-08-18T15:55:08.124579+00:00,2026-08-18T15:58:54.422885+00:00,control
ctrl_136,136,136,control,1.0,control,ARM_A,0.0,1,1.0,36.758,False,10,2026-08-18T15:55:08.124579+00:00,2026-08-18T15:58:54.539811+00:00,control
ctrl_136,136,136,control,1.0,control,ARM_B,0.2,1,1.0,4.438,False,10,2026-08-18T15:55:08.124579+00:00,2026-08-18T15:58:54.539811+00:00,control
ctrl_101,101,101,control,1.0,control,ARM_A,0.0,1,1.0,12.308,False,10,2026-08-18T15:55:08.124579+00:00,2026-08-18T15:58:54.683992+00:00,control
ctrl_101,101,101,control,1.0,control,ARM_B,0.2,1,1.0,4.986,False,10,2026-08-18T15:55:08.124579+00:00,2026-08-18T15:58:54.683992+00:00,control
ctrl_2434,2434,2434,control,1.0,control,ARM_A,0.0,0,0.0,14.145,False,0,2026-08-18T15:55:08.124579+00:00,2026-08-18T15:58:54.807412+00:00,control
ctrl_2434,2434,2434,control,1.0,control,ARM_B,0.2,0,0.0,10.368,False,0,2026-08-18T15:55:08.124579+00:00,2026-08-18T15:58:54.807412+00:00,control
ctrl_158,158,158,control,1.0,control,ARM_A,0.0,1,1.0,10.888,False,10,2026-08-18T15:55:08.124579+00:00,2026-08-18T15:58:54.939671+00:00,control
ctrl_158,158,158,control,1.0,control,ARM_B,0.2,1,1.0,6.954,False,10,2026-08-18T15:55:08.124579+00:00,2026-08-18T15:58:54.939671+00:00,control
ctrl_2359,2359,2359,control,1.0,control,ARM_A,0.0,0,0.0,288.227,False,0,2026-08-18T15:55:08.124579+00:00,2026-08-18T15:58:55.063702+00:00,control
ctrl_2359,2359,2359,control,1.0,control,ARM_B,0.2,0,0.0,14.307,False,0,2026-08-18T15:55:08.124579+00:00,2026-08-18T15:58:55.063702+00:00,control
ctrl_153,153,153,control,1.0,control,ARM_A,0.0,1,1.0,50.86,False,10,2026-08-18T15:55:08.124579+00:00,2026-08-18T15:58:55.467788+00:00,control
ctrl_153,153,153,control,1.0,control,ARM_B,0.2,1,1.0,46.462,False,10,2026-08-18T15:55:08.124579+00:00,2026-08-18T15:58:55.467788+00:00,control
ctrl_159,159,159,control,1.0,control,ARM_A,0.0,1,1.0,44.658,False,10,2026-08-18T15:55:08.124579+00:00,2026-08-18T15:58:55.666692+00:00,control
ctrl_159,159,159,control,1.0,control,ARM_B,0.2,1,1.0,41.046,False,10,2026-08-18T15:55:08.124579+00:00,2026-08-18T15:58:55.666692+00:00,control
ctrl_2004,2004,2004,control,1.0,control,ARM_A,0.0,0,0.0,28.134,False,0,2026-08-18T15:55:08.124579+00:00,2026-08-18T15:58:55.854090+00:00,control
ctrl_2004,2004,2004,control,1.0,control,ARM_B,0.2,0,0.0,18.513,False,0,2026-08-18T15:55:08.124579+00:00,2026-08-18T15:58:55.854090+00:00,control
ctrl_150,150,150,control,1.0,control,ARM_A,0.0,1,1.0,52.85,False,10,2026-08-18T15:55:08.124579+00:00,2026-08-18T15:58:56.005061+00:00,control
ctrl_150,150,150,control,1.0,control,ARM_B,0.2,1,1.0,39.993,False,10,2026-08-18T15:55:08.124579+00:00,2026-08-18T15:58:56.005061+00:00,control
ctrl_1965,1965,1965,control,1.0,control,ARM_A,0.0,0,0.0,31.091,False,0,2026-08-18T15:55:08.124579+00:00,2026-08-18T15:58:56.200143+00:00,control
ctrl_1965,1965,1965,control,1.0,control,ARM_B,0.2,0,0.0,21.699,False,0,2026-08-18T15:55:08.124579+00:00,2026-08-18T15:58:56.200143+00:00,control
ctrl_32,32,32,control,1.0,control,ARM_A,0.0,0,0.0,64.24,False,10,2026-08-18T15:55:08.124579+00:00,2026-08-18T15:58:56.354831+00:00,control
ctrl_32,32,32,control,1.0,control,ARM_B,0.2,0,0.0,35.58,False,10,2026-08-18T15:55:08.124579+00:00,2026-08-18T15:58:56.354831+00:00,control
ctrl_2491,2491,2491,control,1.0,control,ARM_A,0.0,0,0.0,39.278,False,0,2026-08-18T15:55:08.124579+00:00,2026-08-18T15:58:56.557738+00:00,control
ctrl_2491,2491,2491,control,1.0,control,ARM_B,0.2,0,0.0,20.198,False,0,2026-08-18T15:55:08.124579+00:00,2026-08-18T15:58:56.557738+00:00,control
ctrl_2543,2543,2543,control,1.0,control,ARM_A,0.0,0,0.0,16.179,False,2,2026-08-18T15:55:08.124579+00:00,2026-08-18T15:58:56.719179+00:00,control
ctrl_2543,2543,2543,control,1.0,control,ARM_B,0.2,0,0.0,65.553,False,2,2026-08-18T15:55:08.124579+00:00,2026-08-18T15:58:56.719179+00:00,control
ctrl_68,68,68,control,1.0,control,ARM_A,0.0,0,0.0,59.533,False,10,2026-08-18T15:55:08.124579+00:00,2026-08-18T15:58:56.903700+00:00,control
ctrl_68,68,68,control,1.0,control,ARM_B,0.2,0,0.0,46.608,False,10,2026-08-18T15:55:08.124579+00:00,2026-08-18T15:58:56.903700+00:00,control
ctrl_1872,1872,1872,control,1.0,control,ARM_A,0.0,0,0.0,19.304,False,0,2026-08-18T15:55:08.124579+00:00,2026-08-18T15:58:57.114681+00:00,control
ctrl_1872,1872,1872,control,1.0,control,ARM_B,0.2,0,0.0,22.462,False,0,2026-08-18T15:55:08.124579+00:00,2026-08-18T15:58:57.114681+00:00,control
ctrl_2367,2367,2367,control,1.0,control,ARM_A,0.0,0,0.0,43.234,False,0,2026-08-18T15:55:08.124579+00:00,2026-08-18T15:58:57.258952+00:00,control
ctrl_2367,2367,2367,control,1.0,control,ARM_B,0.2,0,0.0,77.904,False,0,2026-08-18T15:55:08.124579+00:00,2026-08-18T15:58:57.258952+00:00,control
ctrl_1962,1962,1962,control,1.0,control,ARM_A,0.0,0,0.0,18.352,False,2,2026-08-18T15:55:08.124579+00:00,2026-08-18T15:58:57.484116+00:00,control
ctrl_1962,1962,1962,control,1.0,control,ARM_B,0.2,0,0.0,47.993,False,2,2026-08-18T15:55:08.124579+00:00,2026-08-18T15:58:57.484116+00:00,control
ctrl_87,87,87,control,1.0,control,ARM_A,0.0,1,1.0,38.631,False,10,2026-08-18T15:55:08.124579+00:00,2026-08-18T15:58:57.654896+00:00,control
ctrl_87,87,87,control,1.0,control,ARM_B,0.2,1,1.0,9.281,False,10,2026-08-18T15:55:08.124579+00:00,2026-08-18T15:58:57.654896+00:00,control
ctrl_53,53,53,control,1.0,control,ARM_A,0.0,1,1.0,60.413,False,10,2026-08-18T15:55:08.124579+00:00,2026-08-18T15:58:57.827901+00:00,control
ctrl_53,53,53,control,1.0,control,ARM_B,0.2,1,1.0,5.852,False,10,2026-08-18T15:55:08.124579+00:00,2026-08-18T15:58:57.827901+00:00,control
ctrl_140,140,140,control,1.0,control,ARM_A,0.0,0,0.0,28.487,False,10,2026-08-18T15:55:08.124579+00:00,2026-08-18T15:58:57.997031+00:00,control
ctrl_140,140,140,control,1.0,control,ARM_B,0.2,0,0.0,4.552,False,10,2026-08-18T15:55:08.124579+00:00,2026-08-18T15:58:57.997031+00:00,control
ctrl_93,93,93,control,1.0,control,ARM_A,0.0,1,1.0,27.279,False,10,2026-08-18T15:55:08.124579+00:00,2026-08-18T15:58:58.132614+00:00,control
ctrl_93,93,93,control,1.0,control,ARM_B,0.2,1,1.0,5.727,False,10,2026-08-18T15:55:08.124579+00:00,2026-08-18T15:58:58.132614+00:00,control
ctrl_2134,2134,2134,control,1.0,control,ARM_A,0.0,0,0.0,62.71,False,0,2026-08-18T15:55:08.124579+00:00,2026-08-18T15:58:58.268658+00:00,control
ctrl_2134,2134,2134,control,1.0,control,ARM_B,0.2,0,0.0,14.418,False,0,2026-08-18T15:55:08.124579+00:00,2026-08-18T15:58:58.268658+00:00,control
ctrl_90,90,90,control,1.0,control,ARM_A,0.0,1,1.0,6.5,False,10,2026-08-18T15:55:08.124579+00:00,2026-08-18T15:58:58.449043+00:00,control
ctrl_90,90,90,control,1.0,control,ARM_B,0.2,1,1.0,5.002,False,10,2026-08-18T15:55:08.124579+00:00,2026-08-18T15:58:58.449043+00:00,control
ctrl_1833,1833,1833,control,1.0,control,ARM_A,0.0,0,0.0,57.836,False,2,2026-08-18T15:55:08.124579+00:00,2026-08-18T15:58:58.562731+00:00,control
ctrl_1833,1833,1833,control,1.0,control,ARM_B,0.2,0,0.0,10.18,False,2,2026-08-18T15:55:08.124579+00:00,2026-08-18T15:58:58.562731+00:00,control
ctrl_98,98,98,control,1.0,control,ARM_A,0.0,1,1.0,22.285,False,10,2026-08-18T15:55:08.124579+00:00,2026-08-18T15:58:58.732746+00:00,control
ctrl_98,98,98,control,1.0,control,ARM_B,0.2,1,1.0,15.736,False,10,2026-08-18T15:55:08.124579+00:00,2026-08-18T15:58:58.732746+00:00,control
ctrl_1971,1971,1971,control,1.0,control,ARM_A,0.0,0,0.0,27.514,False,0,2026-08-18T15:55:08.124579+00:00,2026-08-18T15:58:58.873675+00:00,control
ctrl_1971,1971,1971,control,1.0,control,ARM_B,0.2,0,0.0,18.188,False,0,2026-08-18T15:55:08.124579+00:00,2026-08-18T15:58:58.873675+00:00,control
ctrl_1968,1968,1968,control,1.0,control,ARM_A,0.0,0,0.0,30.362,False,3,2026-08-18T15:55:08.124579+00:00,2026-08-18T15:58:59.022619+00:00,control
ctrl_1968,1968,1968,control,1.0,control,ARM_B,0.2,0,0.0,79.185,False,3,2026-08-18T15:55:08.124579+00:00,2026-08-18T15:58:59.022619+00:00,control
ctrl_1931,1931,1931,control,1.0,control,ARM_A,0.0,0,0.0,42.734,False,0,2026-08-18T15:55:08.124579+00:00,2026-08-18T15:58:59.233896+00:00,control
ctrl_1931,1931,1931,control,1.0,control,ARM_B,0.2,0,0.0,9.96,False,0,2026-08-18T15:55:08.124579+00:00,2026-08-18T15:58:59.233896+00:00,control
ctrl_79,79,79,control,1.0,control,ARM_A,0.0,1,1.0,5.473,False,10,2026-08-18T15:55:08.124579+00:00,2026-08-18T15:58:59.388760+00:00,control
ctrl_79,79,79,control,1.0,control,ARM_B,0.2,1,1.0,5.184,False,10,2026-08-18T15:55:08.124579+00:00,2026-08-18T15:58:59.388760+00:00,control
ctrl_148,148,148,control,1.0,control,ARM_A,0.0,1,1.0,10.483,False,10,2026-08-18T15:55:08.124579+00:00,2026-08-18T15:58:59.501685+00:00,control
ctrl_148,148,148,control,1.0,control,ARM_B,0.2,1,1.0,5.179,False,10,2026-08-18T15:55:08.124579+00:00,2026-08-18T15:58:59.501685+00:00,control
ctrl_34,34,34,control,1.0,control,ARM_A,0.0,0,0.0,5.59,False,10,2026-08-18T15:55:08.124579+00:00,2026-08-18T15:58:59.621338+00:00,control
ctrl_34,34,34,control,1.0,control,ARM_B,0.2,0,0.0,4.359,False,10,2026-08-18T15:55:08.124579+00:00,2026-08-18T15:58:59.621338+00:00,control
ctrl_22,22,22,control,1.0,control,ARM_A,0.0,0,0.0,12.846,False,10,2026-08-18T15:55:08.124579+00:00,2026-08-18T15:58:59.733958+00:00,control
ctrl_22,22,22,control,1.0,control,ARM_B,0.2,0,0.0,43.602,False,10,2026-08-18T15:55:08.124579+00:00,2026-08-18T15:58:59.733958+00:00,control
ctrl_72,72,72,control,1.0,control,ARM_A,0.0,1,1.0,12.186,False,10,2026-08-18T15:55:08.124579+00:00,2026-08-18T15:58:59.892213+00:00,control
ctrl_72,72,72,control,1.0,control,ARM_B,0.2,1,1.0,4.825,False,10,2026-08-18T15:55:08.124579+00:00,2026-08-18T15:58:59.892213+00:00,control
ctrl_62,62,62,control,1.0,control,ARM_A,0.0,1,1.0,8.655,False,10,2026-08-18T15:55:08.124579+00:00,2026-08-18T15:59:00.012037+00:00,control
ctrl_62,62,62,control,1.0,control,ARM_B,0.2,1,1.0,3.975,False,10,2026-08-18T15:55:08.124579+00:00,2026-08-18T15:59:00.012037+00:00,control
ctrl_86,86,86,control,1.0,control,ARM_A,0.0,1,1.0,20.297,False,10,2026-08-18T15:55:08.124579+00:00,2026-08-18T15:59:00.126552+00:00,control
ctrl_86,86,86,control,1.0,control,ARM_B,0.2,1,0.3333333333333333,135.01,False,10,2026-08-18T15:55:08.124579+00:00,2026-08-18T15:59:00.126552+00:00,control
ctrl_126,126,126,control,1.0,control,ARM_A,0.0,1,1.0,37.871,False,10,2026-08-18T15:55:08.124579+00:00,2026-08-18T15:59:00.385270+00:00,control
ctrl_126,126,126,control,1.0,control,ARM_B,0.2,1,1.0,6.678,False,10,2026-08-18T15:55:08.124579+00:00,2026-08-18T15:59:00.385270+00:00,control
ctrl_2016,2016,2016,control,1.0,control,ARM_A,0.0,0,0.0,34.216,False,0,2026-08-18T15:55:08.124579+00:00,2026-08-18T15:59:00.533398+00:00,control
ctrl_2016,2016,2016,control,1.0,control,ARM_B,0.2,0,0.0,13.434,False,0,2026-08-18T15:55:08.124579+00:00,2026-08-18T15:59:00.533398+00:00,control
ctrl_1921,1921,1921,control,1.0,control,ARM_A,0.0,0,0.0,7.376,False,0,2026-08-18T15:55:08.124579+00:00,2026-08-18T15:59:00.683719+00:00,control
ctrl_1921,1921,1921,control,1.0,control,ARM_B,0.2,0,0.0,8.233,False,0,2026-08-18T15:55:08.124579+00:00,2026-08-18T15:59:00.683719+00:00,control
ctrl_156,156,156,control,1.0,control,ARM_A,0.0,1,1.0,7.631,False,10,2026-08-18T15:55:08.124579+00:00,2026-08-18T15:59:00.800738+00:00,control
ctrl_156,156,156,control,1.0,control,ARM_B,0.2,1,1.0,4.973,False,10,2026-08-18T15:55:08.124579+00:00,2026-08-18T15:59:00.800738+00:00,control
ctrl_2452,2452,2452,control,1.0,control,ARM_A,0.0,0,0.0,30.264,False,0,2026-08-18T15:55:08.124579+00:00,2026-08-18T15:59:00.916988+00:00,control
ctrl_2452,2452,2452,control,1.0,control,ARM_B,0.2,0,0.0,8.718,False,0,2026-08-18T15:55:08.124579+00:00,2026-08-18T15:59:00.916988+00:00,control
ctrl_1950,1950,1950,control,1.0,control,ARM_A,0.0,0,0.0,25.043,False,0,2026-08-18T15:55:08.124579+00:00,2026-08-18T15:59:01.059293+00:00,control
ctrl_1950,1950,1950,control,1.0,control,ARM_B,0.2,0,0.0,17.036,False,0,2026-08-18T15:55:08.124579+00:00,2026-08-18T15:59:01.059293+00:00,control
ctrl_106,106,106,control,1.0,control,ARM_A,0.0,1,1.0,10.886,False,10,2026-08-18T15:55:08.124579+00:00,2026-08-18T15:59:01.206086+00:00,control
ctrl_106,106,106,control,1.0,control,ARM_B,0.2,1,1.0,7.115,False,10,2026-08-18T15:55:08.124579+00:00,2026-08-18T15:59:01.206086+00:00,control
ctrl_1998,1998,1998,control,1.0,control,ARM_A,0.0,0,0.0,12.05,False,0,2026-08-18T15:55:08.124579+00:00,2026-08-18T15:59:01.327509+00:00,control
ctrl_1998,1998,1998,control,1.0,control,ARM_B,0.2,0,0.0,10.54,False,0,2026-08-18T15:55:08.124579+00:00,2026-08-18T15:59:01.327509+00:00,control
ctrl_2298,2298,2298,control,1.0,control,ARM_A,0.0,0,0.0,17.822,False,10,2026-08-18T15:55:08.124579+00:00,2026-08-18T15:59:01.451623+00:00,control
ctrl_2298,2298,2298,control,1.0,control,ARM_B,0.2,0,0.0,10.413,False,10,2026-08-18T15:55:08.124579+00:00,2026-08-18T15:59:01.451623+00:00,control
ctrl_124,124,124,control,1.0,control,ARM_A,0.0,1,1.0,16.683,False,10,2026-08-18T15:55:08.124579+00:00,2026-08-18T15:59:01.581740+00:00,control
ctrl_124,124,124,control,1.0,control,ARM_B,0.2,1,1.0,6.52,False,10,2026-08-18T15:55:08.124579+00:00,2026-08-18T15:59:01.581740+00:00,control
ctrl_11,11,11,control,1.0,control,ARM_A,0.0,0,0.0,11.7,False,10,2026-08-18T15:55:08.124579+00:00,2026-08-18T15:59:01.707688+00:00,control
ctrl_11,11,11,control,1.0,control,ARM_B,0.2,0,0.0,8.181,False,10,2026-08-18T15:55:08.124579+00:00,2026-08-18T15:59:01.707688+00:00,control
ctrl_123,123,123,control,1.0,control,ARM_A,0.0,1,1.0,7.687,False,10,2026-08-18T15:55:08.124579+00:00,2026-08-18T15:59:01.829820+00:00,control
ctrl_123,123,123,control,1.0,control,ARM_B,0.2,1,1.0,4.176,False,10,2026-08-18T15:55:08.124579+00:00,2026-08-18T15:59:01.829820+00:00,control
ctrl_74,74,74,control,1.0,control,ARM_A,0.0,1,0.5,6.446,False,10,2026-08-18T15:55:08.124579+00:00,2026-08-18T15:59:01.943963+00:00,control
ctrl_74,74,74,control,1.0,control,ARM_B,0.2,1,0.5,10.196,False,10,2026-08-18T15:55:08.124579+00:00,2026-08-18T15:59:01.943963+00:00,control
ctrl_2455,2455,2455,control,1.0,control,ARM_A,0.0,0,0.0,62.434,False,0,2026-08-18T15:55:08.124579+00:00,2026-08-18T15:59:02.062554+00:00,control
ctrl_2455,2455,2455,control,1.0,control,ARM_B,0.2,0,0.0,9.944,False,0,2026-08-18T15:55:08.124579+00:00,2026-08-18T15:59:02.062554+00:00,control
ctrl_31,31,31,control,1.0,control,ARM_A,0.0,1,1.0,9.87,False,10,2026-08-18T15:55:08.124579+00:00,2026-08-18T15:59:02.237796+00:00,control
ctrl_31,31,31,control,1.0,control,ARM_B,0.2,1,1.0,5.975,False,10,2026-08-18T15:55:08.124579+00:00,2026-08-18T15:59:02.237796+00:00,control
ctrl_8,8,8,control,1.0,control,ARM_A,0.0,1,1.0,7.535,False,10,2026-08-18T15:55:08.124579+00:00,2026-08-18T15:59:02.355707+00:00,control
ctrl_8,8,8,control,1.0,control,ARM_B,0.2,1,1.0,5.702,False,10,2026-08-18T15:55:08.124579+00:00,2026-08-18T15:59:02.355707+00:00,control
ctrl_63,63,63,control,1.0,control,ARM_A,0.0,1,1.0,7.123,False,10,2026-08-18T15:55:08.124579+00:00,2026-08-18T15:59:02.472806+00:00,control
ctrl_63,63,63,control,1.0,control,ARM_B,0.2,1,1.0,5.242,False,10,2026-08-18T15:55:08.124579+00:00,2026-08-18T15:59:02.472806+00:00,control
ctrl_80,80,80,control,1.0,control,ARM_A,0.0,0,0.0,32.323,False,10,2026-08-18T15:55:08.124579+00:00,2026-08-18T15:59:02.586674+00:00,control
ctrl_80,80,80,control,1.0,control,ARM_B,0.2,0,0.0,22.963,False,10,2026-08-18T15:55:08.124579+00:00,2026-08-18T15:59:02.586674+00:00,control
ctrl_1876,1876,1876,control,1.0,control,ARM_A,0.0,0,0.0,20.329,False,0,2026-08-18T15:55:08.124579+00:00,2026-08-18T15:59:02.743650+00:00,control
ctrl_1876,1876,1876,control,1.0,control,ARM_B,0.2,0,0.0,11.782,False,0,2026-08-18T15:55:08.124579+00:00,2026-08-18T15:59:02.743650+00:00,control
ctrl_2005,2005,2005,control,1.0,control,ARM_A,0.0,0,0.0,21.463,False,0,2026-08-18T15:55:08.124579+00:00,2026-08-18T15:59:02.878909+00:00,control
ctrl_2005,2005,2005,control,1.0,control,ARM_B,0.2,0,0.0,10.143,False,0,2026-08-18T15:55:08.124579+00:00,2026-08-18T15:59:02.878909+00:00,control
ctrl_5,5,5,control,1.0,control,ARM_A,0.0,1,0.5,18.219,False,10,2026-08-18T15:55:08.124579+00:00,2026-08-18T15:59:03.012548+00:00,control
ctrl_5,5,5,control,1.0,control,ARM_B,0.2,1,0.3333333333333333,15.97,False,10,2026-08-18T15:55:08.124579+00:00,2026-08-18T15:59:03.012548+00:00,control
ctrl_2529,2529,2529,control,1.0,control,ARM_A,0.0,0,0.0,23.697,False,0,2026-08-18T15:55:08.124579+00:00,2026-08-18T15:59:03.148533+00:00,control
ctrl_2529,2529,2529,control,1.0,control,ARM_B,0.2,0,0.0,10.121,False,0,2026-08-18T15:55:08.124579+00:00,2026-08-18T15:59:03.148533+00:00,control
ctrl_84,84,84,control,1.0,control,ARM_A,0.0,1,0.5,260.843,False,10,2026-08-18T15:55:08.124579+00:00,2026-08-18T15:59:03.285094+00:00,control
ctrl_84,84,84,control,1.0,control,ARM_B,0.2,1,0.5,44.132,False,10,2026-08-18T15:55:08.124579+00:00,2026-08-18T15:59:03.285094+00:00,control
ctrl_2224,2224,2224,control,1.0,control,ARM_A,0.0,0,0.0,24.266,False,6,2026-08-18T15:55:08.124579+00:00,2026-08-18T15:59:03.692639+00:00,control
ctrl_2224,2224,2224,control,1.0,control,ARM_B,0.2,0,0.0,86.478,False,6,2026-08-18T15:55:08.124579+00:00,2026-08-18T15:59:03.692639+00:00,control
ctrl_2194,2194,2194,control,1.0,control,ARM_A,0.0,0,0.0,27.657,False,0,2026-08-18T15:55:08.124579+00:00,2026-08-18T15:59:03.906280+00:00,control
ctrl_2194,2194,2194,control,1.0,control,ARM_B,0.2,0,0.0,17.14,False,0,2026-08-18T15:55:08.124579+00:00,2026-08-18T15:59:03.906280+00:00,control
ctrl_2137,2137,2137,control,1.0,control,ARM_A,0.0,0,0.0,29.771,False,0,2026-08-18T15:55:08.124579+00:00,2026-08-18T15:59:04.052935+00:00,control
ctrl_2137,2137,2137,control,1.0,control,ARM_B,0.2,0,0.0,29.048,False,0,2026-08-18T15:55:08.124579+00:00,2026-08-18T15:59:04.052935+00:00,control
ctrl_97,97,97,control,1.0,control,ARM_A,0.0,1,1.0,74.245,False,10,2026-08-18T15:55:08.124579+00:00,2026-08-18T15:59:04.218784+00:00,control
ctrl_97,97,97,control,1.0,control,ARM_B,0.2,1,1.0,51.37,False,10,2026-08-18T15:55:08.124579+00:00,2026-08-18T15:59:04.218784+00:00,control
ctrl_1854,1854,1854,control,1.0,control,ARM_A,0.0,0,0.0,46.385,False,1,2026-08-18T15:55:08.124579+00:00,2026-08-18T15:59:04.448163+00:00,control
ctrl_1854,1854,1854,control,1.0,control,ARM_B,0.2,0,0.0,27.325,False,1,2026-08-18T15:55:08.124579+00:00,2026-08-18T15:59:04.448163+00:00,control
ctrl_52,52,52,control,1.0,control,ARM_A,0.0,1,1.0,61.608,False,10,2026-08-18T15:55:08.124579+00:00,2026-08-18T15:59:04.624050+00:00,control
ctrl_52,52,52,control,1.0,control,ARM_B,0.2,1,1.0,58.941,False,10,2026-08-18T15:55:08.124579+00:00,2026-08-18T15:59:04.624050+00:00,control
ctrl_2236,2236,2236,control,1.0,control,ARM_A,0.0,0,0.0,47.797,False,0,2026-08-18T15:55:08.124579+00:00,2026-08-18T15:59:04.846649+00:00,control
ctrl_2236,2236,2236,control,1.0,control,ARM_B,0.2,0,0.0,34.484,False,0,2026-08-18T15:55:08.124579+00:00,2026-08-18T15:59:04.846649+00:00,control
ctrl_78,78,78,control,1.0,control,ARM_A,0.0,1,1.0,48.166,False,10,2026-08-18T15:55:08.124579+00:00,2026-08-18T15:59:05.032357+00:00,control
ctrl_78,78,78,control,1.0,control,ARM_B,0.2,1,1.0,37.946,False,10,2026-08-18T15:55:08.124579+00:00,2026-08-18T15:59:05.032357+00:00,control
ctrl_28,28,28,control,1.0,control,ARM_A,0.0,1,1.0,47.722,False,10,2026-08-18T15:55:08.124579+00:00,2026-08-18T15:59:05.222795+00:00,control
ctrl_28,28,28,control,1.0,control,ARM_B,0.2,1,1.0,203.035,False,10,2026-08-18T15:55:08.124579+00:00,2026-08-18T15:59:05.222795+00:00,control
ctrl_131,131,131,control,1.0,control,ARM_A,0.0,1,1.0,15.394,False,10,2026-08-18T15:55:08.124579+00:00,2026-08-18T15:59:05.575594+00:00,control
ctrl_131,131,131,control,1.0,control,ARM_B,0.2,1,1.0,13.048,False,10,2026-08-18T15:55:08.124579+00:00,2026-08-18T15:59:05.575594+00:00,control
ctrl_47,47,47,control,1.0,control,ARM_A,0.0,0,0.0,27.8,False,10,2026-08-18T15:55:08.124579+00:00,2026-08-18T15:59:05.705562+00:00,control
ctrl_47,47,47,control,1.0,control,ARM_B,0.2,0,0.0,9.775,False,10,2026-08-18T15:55:08.124579+00:00,2026-08-18T15:59:05.705562+00:00,control
ctrl_130,130,130,control,1.0,control,ARM_A,0.0,1,1.0,21.787,False,6,2026-08-18T15:55:08.124579+00:00,2026-08-18T15:59:05.846181+00:00,control
ctrl_130,130,130,control,1.0,control,ARM_B,0.2,1,1.0,7.749,False,6,2026-08-18T15:55:08.124579+00:00,2026-08-18T15:59:05.846181+00:00,control
ctrl_2145,2145,2145,control,1.0,control,ARM_A,0.0,0,0.0,21.039,False,0,2026-08-18T15:55:08.124579+00:00,2026-08-18T15:59:05.977561+00:00,control
ctrl_2145,2145,2145,control,1.0,control,ARM_B,0.2,0,0.0,8.532,False,0,2026-08-18T15:55:08.124579+00:00,2026-08-18T15:59:05.977561+00:00,control
ctrl_1,1,1,control,1.0,control,ARM_A,0.0,1,1.0,133.06,False,6,2026-08-18T15:55:08.124579+00:00,2026-08-18T15:59:06.108706+00:00,control
ctrl_1,1,1,control,1.0,control,ARM_B,0.2,1,1.0,20.451,False,6,2026-08-18T15:55:08.124579+00:00,2026-08-18T15:59:06.108706+00:00,control
ctrl_2124,2124,2124,control,1.0,control,ARM_A,0.0,0,0.0,14.146,False,0,2026-08-18T15:55:08.124579+00:00,2026-08-18T15:59:06.364029+00:00,control
ctrl_2124,2124,2124,control,1.0,control,ARM_B,0.2,0,0.0,10.593,False,0,2026-08-18T15:55:08.124579+00:00,2026-08-18T15:59:06.364029+00:00,control
ctrl_1851,1851,1851,control,1.0,control,ARM_A,0.0,0,0.0,36.442,False,2,2026-08-18T15:55:08.124579+00:00,2026-08-18T15:59:06.492679+00:00,control
ctrl_1851,1851,1851,control,1.0,control,ARM_B,0.2,0,0.0,30.677,False,2,2026-08-18T15:55:08.124579+00:00,2026-08-18T15:59:06.492679+00:00,control
ctrl_2483,2483,2483,control,1.0,control,ARM_A,0.0,0,0.0,9.117,False,2,2026-08-18T15:55:08.124579+00:00,2026-08-18T15:59:06.660954+00:00,control
ctrl_2483,2483,2483,control,1.0,control,ARM_B,0.2,0,0.0,6.698,False,2,2026-08-18T15:55:08.124579+00:00,2026-08-18T15:59:06.660954+00:00,control
ctrl_77,77,77,control,1.0,control,ARM_A,0.0,1,1.0,6.585,False,10,2026-08-18T15:55:08.124579+00:00,2026-08-18T15:59:06.778603+00:00,control
ctrl_77,77,77,control,1.0,control,ARM_B,0.2,1,1.0,4.102,False,10,2026-08-18T15:55:08.124579+00:00,2026-08-18T15:59:06.778603+00:00,control
ctrl_2041,2041,2041,control,1.0,control,ARM_A,0.0,0,0.0,9.572,False,0,2026-08-18T15:55:08.124579+00:00,2026-08-18T15:59:06.892672+00:00,control
ctrl_2041,2041,2041,control,1.0,control,ARM_B,0.2,0,0.0,7.939,False,0,2026-08-18T15:55:08.124579+00:00,2026-08-18T15:59:06.892672+00:00,control
ctrl_89,89,89,control,1.0,control,ARM_A,0.0,1,1.0,18.32,False,10,2026-08-18T15:55:08.124579+00:00,2026-08-18T15:59:07.013540+00:00,control
ctrl_89,89,89,control,1.0,control,ARM_B,0.2,1,1.0,7.028,False,10,2026-08-18T15:55:08.124579+00:00,2026-08-18T15:59:07.013540+00:00,control
ctrl_1945,1945,1945,control,1.0,control,ARM_A,0.0,0,0.0,10.525,False,0,2026-08-18T15:55:08.124579+00:00,2026-08-18T15:59:07.140670+00:00,control
ctrl_1945,1945,1945,control,1.0,control,ARM_B,0.2,0,0.0,12.297,False,0,2026-08-18T15:55:08.124579+00:00,2026-08-18T15:59:07.140670+00:00,control
ctrl_1910,1910,1910,control,1.0,control,ARM_A,0.0,0,0.0,13.134,False,0,2026-08-18T15:55:08.124579+00:00,2026-08-18T15:59:07.265632+00:00,control
ctrl_1910,1910,1910,control,1.0,control,ARM_B,0.2,0,0.0,7.515,False,0,2026-08-18T15:55:08.124579+00:00,2026-08-18T15:59:07.265632+00:00,control
ctrl_30,30,30,control,1.0,control,ARM_A,0.0,0,0.0,31.577,False,6,2026-08-18T15:55:08.124579+00:00,2026-08-18T15:59:07.389164+00:00,control
ctrl_30,30,30,control,1.0,control,ARM_B,0.2,0,0.0,7.111,False,6,2026-08-18T15:55:08.124579+00:00,2026-08-18T15:59:07.389164+00:00,control
ctrl_3,3,3,control,1.0,control,ARM_A,0.0,1,1.0,11.416,False,10,2026-08-18T15:55:08.124579+00:00,2026-08-18T15:59:07.530035+00:00,control
ctrl_3,3,3,control,1.0,control,ARM_B,0.2,1,1.0,12.773,False,10,2026-08-18T15:55:08.124579+00:00,2026-08-18T15:59:07.530035+00:00,control
ctrl_143,143,143,control,1.0,control,ARM_A,0.0,1,1.0,12.514,False,10,2026-08-18T15:55:08.124579+00:00,2026-08-18T15:59:07.656644+00:00,control
ctrl_143,143,143,control,1.0,control,ARM_B,0.2,1,1.0,7.7,False,10,2026-08-18T15:55:08.124579+00:00,2026-08-18T15:59:07.656644+00:00,control
ctrl_66,66,66,control,1.0,control,ARM_A,0.0,1,1.0,11.159,False,10,2026-08-18T15:55:08.124579+00:00,2026-08-18T15:59:07.780631+00:00,control
ctrl_66,66,66,control,1.0,control,ARM_B,0.2,1,1.0,5.452,False,10,2026-08-18T15:55:08.124579+00:00,2026-08-18T15:59:07.780631+00:00,control
ctrl_2311,2311,2311,control,1.0,control,ARM_A,0.0,0,0.0,17.817,False,0,2026-08-18T15:55:08.124579+00:00,2026-08-18T15:59:07.900986+00:00,control
ctrl_2311,2311,2311,control,1.0,control,ARM_B,0.2,0,0.0,8.351,False,0,2026-08-18T15:55:08.124579+00:00,2026-08-18T15:59:07.900986+00:00,control
ctrl_2481,2481,2481,control,1.0,control,ARM_A,0.0,0,0.0,10.263,False,0,2026-08-18T15:55:08.124579+00:00,2026-08-18T15:59:08.028543+00:00,control
ctrl_2481,2481,2481,control,1.0,control,ARM_B,0.2,0,0.0,9.074,False,0,2026-08-18T15:55:08.124579+00:00,2026-08-18T15:59:08.028543+00:00,control
ctrl_1849,1849,1849,control,1.0,control,ARM_A,0.0,0,0.0,22.64,False,0,2026-08-18T15:55:08.124579+00:00,2026-08-18T15:59:08.149749+00:00,control
ctrl_1849,1849,1849,control,1.0,control,ARM_B,0.2,0,0.0,7.661,False,0,2026-08-18T15:55:08.124579+00:00,2026-08-18T15:59:08.149749+00:00,control
ctrl_2433,2433,2433,control,1.0,control,ARM_A,0.0,0,0.0,45.042,False,0,2026-08-18T15:55:08.124579+00:00,2026-08-18T15:59:08.282762+00:00,control
ctrl_2433,2433,2433,control,1.0,control,ARM_B,0.2,0,0.0,7.531,False,0,2026-08-18T15:55:08.124579+00:00,2026-08-18T15:59:08.282762+00:00,control
ctrl_100,100,100,control,1.0,control,ARM_A,0.0,1,1.0,26.628,False,10,2026-08-18T15:55:08.124579+00:00,2026-08-18T15:59:08.437531+00:00,control
ctrl_100,100,100,control,1.0,control,ARM_B,0.2,1,1.0,5.379,False,10,2026-08-18T15:55:08.124579+00:00,2026-08-18T15:59:08.437531+00:00,control
ctrl_1943,1943,1943,control,1.0,control,ARM_A,0.0,0,0.0,15.663,False,0,2026-08-18T15:55:08.124579+00:00,2026-08-18T15:59:08.571631+00:00,control
ctrl_1943,1943,1943,control,1.0,control,ARM_B,0.2,0,0.0,10.972,False,0,2026-08-18T15:55:08.124579+00:00,2026-08-18T15:59:08.571631+00:00,control
ctrl_154,154,154,control,1.0,control,ARM_A,0.0,0,0.0,8.874,False,10,2026-08-18T15:55:08.124579+00:00,2026-08-18T15:59:08.700987+00:00,control
ctrl_154,154,154,control,1.0,control,ARM_B,0.2,0,0.0,6.155,False,10,2026-08-18T15:55:08.124579+00:00,2026-08-18T15:59:08.700987+00:00,control
ctrl_110,110,110,control,1.0,control,ARM_A,0.0,1,1.0,6.125,False,10,2026-08-18T15:55:08.124579+00:00,2026-08-18T15:59:08.818639+00:00,control
ctrl_110,110,110,control,1.0,control,ARM_B,0.2,1,1.0,3.595,False,10,2026-08-18T15:55:08.124579+00:00,2026-08-18T15:59:08.818639+00:00,control
ctrl_2278,2278,2278,control,1.0,control,ARM_A,0.0,0,0.0,5.002,False,2,2026-08-18T15:55:08.124579+00:00,2026-08-18T15:59:08.930314+00:00,control
ctrl_2278,2278,2278,control,1.0,control,ARM_B,0.2,0,0.0,3.877,False,2,2026-08-18T15:55:08.124579+00:00,2026-08-18T15:59:08.930314+00:00,control
ctrl_1832,1832,1832,control,1.0,control,ARM_A,0.0,0,0.0,14.301,False,0,2026-08-18T15:55:08.124579+00:00,2026-08-18T15:59:09.046816+00:00,control
ctrl_1832,1832,1832,control,1.0,control,ARM_B,0.2,0,0.0,7.425,False,0,2026-08-18T15:55:08.124579+00:00,2026-08-18T15:59:09.046816+00:00,control
ctrl_40,40,40,control,1.0,control,ARM_A,0.0,1,1.0,9.582,False,9,2026-08-18T15:55:08.124579+00:00,2026-08-18T15:59:09.169839+00:00,control
ctrl_40,40,40,control,1.0,control,ARM_B,0.2,1,1.0,3.588,False,9,2026-08-18T15:55:08.124579+00:00,2026-08-18T15:59:09.169839+00:00,control
ctrl_29,29,29,control,1.0,control,ARM_A,0.0,0,0.0,8.184,False,10,2026-08-18T15:55:08.124579+00:00,2026-08-18T15:59:09.287559+00:00,control
ctrl_29,29,29,control,1.0,control,ARM_B,0.2,0,0.0,5.194,False,10,2026-08-18T15:55:08.124579+00:00,2026-08-18T15:59:09.287559+00:00,control
ctrl_2540,2540,2540,control,1.0,control,ARM_A,0.0,0,0.0,10.118,False,0,2026-08-18T15:55:08.124579+00:00,2026-08-18T15:59:09.402756+00:00,control
ctrl_2540,2540,2540,control,1.0,control,ARM_B,0.2,0,0.0,10.083,False,0,2026-08-18T15:55:08.124579+00:00,2026-08-18T15:59:09.402756+00:00,control
ctrl_24,24,24,control,1.0,control,ARM_A,0.0,0,0.0,5.429,False,10,2026-08-18T15:55:08.124579+00:00,2026-08-18T15:59:09.526688+00:00,control
ctrl_24,24,24,control,1.0,control,ARM_B,0.2,0,0.0,4.88,False,10,2026-08-18T15:55:08.124579+00:00,2026-08-18T15:59:09.526688+00:00,control
ctrl_128,128,128,control,1.0,control,ARM_A,0.0,1,1.0,5.035,False,10,2026-08-18T15:55:08.124579+00:00,2026-08-18T15:59:09.639983+00:00,control
ctrl_128,128,128,control,1.0,control,ARM_B,0.2,1,1.0,3.836,False,10,2026-08-18T15:55:08.124579+00:00,2026-08-18T15:59:09.639983+00:00,control
ctrl_132,132,132,control,1.0,control,ARM_A,0.0,1,1.0,8.841,False,10,2026-08-18T15:55:08.124579+00:00,2026-08-18T15:59:09.753462+00:00,control
ctrl_132,132,132,control,1.0,control,ARM_B,0.2,1,1.0,3.787,False,10,2026-08-18T15:55:08.124579+00:00,2026-08-18T15:59:09.753462+00:00,control
ctrl_1913,1913,1913,control,1.0,control,ARM_A,0.0,0,0.0,9.231,False,0,2026-08-18T15:55:08.124579+00:00,2026-08-18T15:59:09.870458+00:00,control
ctrl_1913,1913,1913,control,1.0,control,ARM_B,0.2,0,0.0,7.747,False,0,2026-08-18T15:55:08.124579+00:00,2026-08-18T15:59:09.870458+00:00,control
ctrl_1967,1967,1967,control,1.0,control,ARM_A,0.0,0,0.0,7.917,False,0,2026-08-18T15:55:08.124579+00:00,2026-08-18T15:59:09.990486+00:00,control
ctrl_1967,1967,1967,control,1.0,control,ARM_B,0.2,0,0.0,7.434,False,0,2026-08-18T15:55:08.124579+00:00,2026-08-18T15:59:09.990486+00:00,control
ctrl_94,94,94,control,1.0,control,ARM_A,0.0,1,1.0,12.128,False,10,2026-08-18T15:55:08.124579+00:00,2026-08-18T15:59:10.108561+00:00,control
ctrl_94,94,94,control,1.0,control,ARM_B,0.2,1,1.0,4.835,False,10,2026-08-18T15:55:08.124579+00:00,2026-08-18T15:59:10.108561+00:00,control
ctrl_1948,1948,1948,control,1.0,control,ARM_A,0.0,0,0.0,7.182,False,10,2026-08-18T15:55:08.124579+00:00,2026-08-18T15:59:10.229340+00:00,control
ctrl_1948,1948,1948,control,1.0,control,ARM_B,0.2,0,0.0,13.657,False,10,2026-08-18T15:55:08.124579+00:00,2026-08-18T15:59:10.229340+00:00,control
ctrl_1899,1899,1899,control,1.0,control,ARM_A,0.0,0,0.0,17.212,False,0,2026-08-18T15:55:08.124579+00:00,2026-08-18T15:59:10.355991+00:00,control
ctrl_1899,1899,1899,control,1.0,control,ARM_B,0.2,0,0.0,7.972,False,0,2026-08-18T15:55:08.124579+00:00,2026-08-18T15:59:10.355991+00:00,control
ctrl_111,111,111,control,1.0,control,ARM_A,0.0,1,1.0,12.527,False,10,2026-08-18T15:55:08.124579+00:00,2026-08-18T15:59:10.483598+00:00,control
ctrl_111,111,111,control,1.0,control,ARM_B,0.2,1,1.0,4.658,False,10,2026-08-18T15:55:08.124579+00:00,2026-08-18T15:59:10.483598+00:00,control
ctrl_151,151,151,control,1.0,control,ARM_A,0.0,1,1.0,18.517,False,10,2026-08-18T15:55:08.124579+00:00,2026-08-18T15:59:10.603752+00:00,control
ctrl_151,151,151,control,1.0,control,ARM_B,0.2,1,1.0,5.898,False,10,2026-08-18T15:55:08.124579+00:00,2026-08-18T15:59:10.603752+00:00,control
ctrl_1914,1914,1914,control,1.0,control,ARM_A,0.0,0,0.0,13.852,False,0,2026-08-18T15:55:08.124579+00:00,2026-08-18T15:59:10.731886+00:00,control
ctrl_1914,1914,1914,control,1.0,control,ARM_B,0.2,0,0.0,8.086,False,0,2026-08-18T15:55:08.124579+00:00,2026-08-18T15:59:10.731886+00:00,control
ctrl_139,139,139,control,1.0,control,ARM_A,0.0,1,1.0,11.089,False,10,2026-08-18T15:55:08.124579+00:00,2026-08-18T15:59:10.858657+00:00,control
ctrl_139,139,139,control,1.0,control,ARM_B,0.2,1,1.0,4.681,False,10,2026-08-18T15:55:08.124579+00:00,2026-08-18T15:59:10.858657+00:00,control
ctrl_145,145,145,control,1.0,control,ARM_A,0.0,1,1.0,6.39,False,10,2026-08-18T15:55:08.124579+00:00,2026-08-18T15:59:10.977133+00:00,control
ctrl_145,145,145,control,1.0,control,ARM_B,0.2,1,1.0,8.767,False,10,2026-08-18T15:55:08.124579+00:00,2026-08-18T15:59:10.977133+00:00,control
ctrl_2297,2297,2297,control,1.0,control,ARM_A,0.0,0,0.0,23.935,False,0,2026-08-18T15:55:08.124579+00:00,2026-08-18T15:59:11.095042+00:00,control
ctrl_2297,2297,2297,control,1.0,control,ARM_B,0.2,0,0.0,13.765,False,0,2026-08-18T15:55:08.124579+00:00,2026-08-18T15:59:11.095042+00:00,control
ctrl_36,36,36,control,1.0,control,ARM_A,0.0,0,0.0,8.097,False,10,2026-08-18T15:55:08.124579+00:00,2026-08-18T15:59:11.235608+00:00,control
ctrl_36,36,36,control,1.0,control,ARM_B,0.2,0,0.0,8.61,False,10,2026-08-18T15:55:08.124579+00:00,2026-08-18T15:59:11.235608+00:00,control
ctrl_69,69,69,control,1.0,control,ARM_A,0.0,1,1.0,5.89,False,10,2026-08-18T15:55:08.124579+00:00,2026-08-18T15:59:11.356020+00:00,control
ctrl_69,69,69,control,1.0,control,ARM_B,0.2,1,1.0,4.073,False,10,2026-08-18T15:55:08.124579+00:00,2026-08-18T15:59:11.356020+00:00,control
ctrl_37,37,37,control,1.0,control,ARM_A,0.0,0,0.0,4.361,False,5,2026-08-18T15:55:08.124579+00:00,2026-08-18T15:59:11.468009+00:00,control
ctrl_37,37,37,control,1.0,control,ARM_B,0.2,0,0.0,218.382,False,5,2026-08-18T15:55:08.124579+00:00,2026-08-18T15:59:11.468009+00:00,control
ctrl_119,119,119,control,1.0,control,ARM_A,0.0,1,1.0,65.282,False,10,2026-08-18T15:55:08.124579+00:00,2026-08-18T15:59:11.793597+00:00,control
ctrl_119,119,119,control,1.0,control,ARM_B,0.2,1,1.0,1686.145,False,10,2026-08-18T15:55:08.124579+00:00,2026-08-18T15:59:11.793597+00:00,control
ctrl_1841,1841,1841,control,1.0,control,ARM_A,0.0,0,0.0,61.234,False,0,2026-08-18T15:55:08.124579+00:00,2026-08-18T15:59:13.648308+00:00,control
ctrl_1841,1841,1841,control,1.0,control,ARM_B,0.2,0,0.0,7.936,False,0,2026-08-18T15:55:08.124579+00:00,2026-08-18T15:59:13.648308+00:00,control
ctrl_2461,2461,2461,control,1.0,control,ARM_A,0.0,0,0.0,22.743,False,0,2026-08-18T15:55:08.124579+00:00,2026-08-18T15:59:13.822176+00:00,control
ctrl_2461,2461,2461,control,1.0,control,ARM_B,0.2,0,0.0,8.24,False,0,2026-08-18T15:55:08.124579+00:00,2026-08-18T15:59:13.822176+00:00,control
ctrl_129,129,129,control,1.0,control,ARM_A,0.0,1,1.0,13.81,False,10,2026-08-18T15:55:08.124579+00:00,2026-08-18T15:59:13.954514+00:00,control
ctrl_129,129,129,control,1.0,control,ARM_B,0.2,1,1.0,3.316,False,10,2026-08-18T15:55:08.124579+00:00,2026-08-18T15:59:13.954514+00:00,control
ctrl_1850,1850,1850,control,1.0,control,ARM_A,0.0,0,0.0,6.466,False,1,2026-08-18T15:55:08.124579+00:00,2026-08-18T15:59:14.077124+00:00,control
ctrl_1850,1850,1850,control,1.0,control,ARM_B,0.2,0,0.0,3.372,False,1,2026-08-18T15:55:08.124579+00:00,2026-08-18T15:59:14.077124+00:00,control
ctrl_1942,1942,1942,control,1.0,control,ARM_A,0.0,0,0.0,15.72,False,2,2026-08-18T15:55:08.124579+00:00,2026-08-18T15:59:14.189720+00:00,control
ctrl_1942,1942,1942,control,1.0,control,ARM_B,0.2,0,0.0,4.652,False,2,2026-08-18T15:55:08.124579+00:00,2026-08-18T15:59:14.189720+00:00,control
ctrl_1949,1949,1949,control,1.0,control,ARM_A,0.0,0,0.0,6.364,False,1,2026-08-18T15:55:08.124579+00:00,2026-08-18T15:59:14.314736+00:00,control
ctrl_1949,1949,1949,control,1.0,control,ARM_B,0.2,0,0.0,3.181,False,1,2026-08-18T15:55:08.124579+00:00,2026-08-18T15:59:14.314736+00:00,control
ctrl_2337,2337,2337,control,1.0,control,ARM_A,0.0,0,0.0,7.648,False,0,2026-08-18T15:55:08.124579+00:00,2026-08-18T15:59:14.425789+00:00,control
ctrl_2337,2337,2337,control,1.0,control,ARM_B,0.2,0,0.0,9.956,False,0,2026-08-18T15:55:08.124579+00:00,2026-08-18T15:59:14.425789+00:00,control
ctrl_147,147,147,control,1.0,control,ARM_A,0.0,1,1.0,7.163,False,10,2026-08-18T15:55:08.124579+00:00,2026-08-18T15:59:14.545627+00:00,control
ctrl_147,147,147,control,1.0,control,ARM_B,0.2,1,1.0,4.531,False,10,2026-08-18T15:55:08.124579+00:00,2026-08-18T15:59:14.545627+00:00,control
ctrl_56,56,56,control,1.0,control,ARM_A,0.0,1,1.0,7.66,False,10,2026-08-18T15:55:08.124579+00:00,2026-08-18T15:59:14.660947+00:00,control
ctrl_56,56,56,control,1.0,control,ARM_B,0.2,1,1.0,3.964,False,10,2026-08-18T15:55:08.124579+00:00,2026-08-18T15:59:14.660947+00:00,control
