probe_id,seed_id,target_id,edge_kind,seed_target_cosine,query_class,arm,delta,hit_at_10,rr,t_query_ms,timed_out,result_count,corpus_snapshot_ts,run_ts
0,3868,3952,temporal,0.22525373101234436,probe,ARM_A,0.0,0,0.0,515.98,False,10,2026-08-18T15:17:41.355569+00:00,2026-08-18T15:30:06.575670+00:00
0,3868,3952,temporal,0.22525373101234436,probe,ARM_B,0.2,0,0.0,79.74,False,10,2026-08-18T15:17:41.355569+00:00,2026-08-18T15:30:06.575670+00:00
1,3905,4045,temporal,0.23102322796194896,probe,ARM_A,0.0,0,0.0,46.03,False,10,2026-08-18T15:17:41.355569+00:00,2026-08-18T15:30:06.575670+00:00
1,3905,4045,temporal,0.23102322796194896,probe,ARM_B,0.2,0,0.0,39.08,False,10,2026-08-18T15:17:41.355569+00:00,2026-08-18T15:30:06.575670+00:00
2,3868,3955,temporal,0.2517516019048234,probe,ARM_A,0.0,0,0.0,68.27,False,10,2026-08-18T15:17:41.355569+00:00,2026-08-18T15:30:06.575670+00:00
2,3868,3955,temporal,0.2517516019048234,probe,ARM_B,0.2,0,0.0,67.3,False,10,2026-08-18T15:17:41.355569+00:00,2026-08-18T15:30:06.575670+00:00
3,5795,5854,temporal,0.25589294004121255,probe,ARM_A,0.0,0,0.0,62.98,False,10,2026-08-18T15:17:41.355569+00:00,2026-08-18T15:30:06.575670+00:00
3,5795,5854,temporal,0.25589294004121255,probe,ARM_B,0.2,0,0.0,72.62,False,10,2026-08-18T15:17:41.355569+00:00,2026-08-18T15:30:06.575670+00:00
4,3846,4004,temporal,0.25879707161196963,probe,ARM_A,0.0,0,0.0,69.2,False,10,2026-08-18T15:17:41.355569+00:00,2026-08-18T15:30:06.575670+00:00
4,3846,4004,temporal,0.25879707161196963,probe,ARM_B,0.2,0,0.0,61.45,False,10,2026-08-18T15:17:41.355569+00:00,2026-08-18T15:30:06.575670+00:00
5,4045,4070,temporal,0.25991249084472656,probe,ARM_A,0.0,0,0.0,56.75,False,10,2026-08-18T15:17:41.355569+00:00,2026-08-18T15:30:06.575670+00:00
5,4045,4070,temporal,0.25991249084472656,probe,ARM_B,0.2,0,0.0,36.48,False,10,2026-08-18T15:17:41.355569+00:00,2026-08-18T15:30:06.575670+00:00
6,3822,3952,temporal,0.26073963227092134,probe,ARM_A,0.0,0,0.0,79.59,False,10,2026-08-18T15:17:41.355569+00:00,2026-08-18T15:30:06.575670+00:00
6,3822,3952,temporal,0.26073963227092134,probe,ARM_B,0.2,0,0.0,2025.48,False,10,2026-08-18T15:17:41.355569+00:00,2026-08-18T15:30:06.575670+00:00
7,4092,4172,temporal,0.26131221786883096,probe,ARM_A,0.0,0,0.0,75.23,False,10,2026-08-18T15:17:41.355569+00:00,2026-08-18T15:30:06.575670+00:00
7,4092,4172,temporal,0.26131221786883096,probe,ARM_B,0.2,0,0.0,37.78,False,10,2026-08-18T15:17:41.355569+00:00,2026-08-18T15:30:06.575670+00:00
8,4006,4045,temporal,0.2614210247993469,probe,ARM_A,0.0,0,0.0,65.76,False,10,2026-08-18T15:17:41.355569+00:00,2026-08-18T15:30:06.575670+00:00
8,4006,4045,temporal,0.2614210247993469,probe,ARM_B,0.2,0,0.0,57.12,False,10,2026-08-18T15:17:41.355569+00:00,2026-08-18T15:30:06.575670+00:00
9,3867,4045,temporal,0.2616012926341269,probe,ARM_A,0.0,0,0.0,74.54,False,10,2026-08-18T15:17:41.355569+00:00,2026-08-18T15:30:06.575670+00:00
9,3867,4045,temporal,0.2616012926341269,probe,ARM_B,0.2,0,0.0,77.96,False,10,2026-08-18T15:17:41.355569+00:00,2026-08-18T15:30:06.575670+00:00
10,3868,4121,temporal,0.26201607501794666,probe,ARM_A,0.0,0,0.0,161.32,False,10,2026-08-18T15:17:41.355569+00:00,2026-08-18T15:30:06.575670+00:00
10,3868,4121,temporal,0.26201607501794666,probe,ARM_B,0.2,0,0.0,126.1,False,10,2026-08-18T15:17:41.355569+00:00,2026-08-18T15:30:06.575670+00:00
11,3952,4025,temporal,0.2651556730270386,probe,ARM_A,0.0,0,0.0,78.27,False,10,2026-08-18T15:17:41.355569+00:00,2026-08-18T15:30:06.575670+00:00
11,3952,4025,temporal,0.2651556730270386,probe,ARM_B,0.2,0,0.0,72.12,False,10,2026-08-18T15:17:41.355569+00:00,2026-08-18T15:30:06.575670+00:00
12,3868,4134,temporal,0.26531043466205373,probe,ARM_A,0.0,0,0.0,2264.94,False,10,2026-08-18T15:17:41.355569+00:00,2026-08-18T15:30:06.575670+00:00
12,3868,4134,temporal,0.26531043466205373,probe,ARM_B,0.2,0,0.0,145.91,False,10,2026-08-18T15:17:41.355569+00:00,2026-08-18T15:30:06.575670+00:00
13,3955,4025,temporal,0.2658614833189844,probe,ARM_A,0.0,0,0.0,182.53,False,10,2026-08-18T15:17:41.355569+00:00,2026-08-18T15:30:06.575670+00:00
13,3955,4025,temporal,0.2658614833189844,probe,ARM_B,0.2,0,0.0,65.04,False,10,2026-08-18T15:17:41.355569+00:00,2026-08-18T15:30:06.575670+00:00
14,4050,4172,temporal,0.26667736570104206,probe,ARM_A,0.0,0,0.0,61.05,False,10,2026-08-18T15:17:41.355569+00:00,2026-08-18T15:30:06.575670+00:00
14,4050,4172,temporal,0.26667736570104206,probe,ARM_B,0.2,0,0.0,99.77,False,10,2026-08-18T15:17:41.355569+00:00,2026-08-18T15:30:06.575670+00:00
15,4045,4092,temporal,0.26730205221784475,probe,ARM_A,0.0,0,0.0,150.07,False,10,2026-08-18T15:17:41.355569+00:00,2026-08-18T15:30:06.575670+00:00
15,4045,4092,temporal,0.26730205221784475,probe,ARM_B,0.2,0,0.0,68.0,False,10,2026-08-18T15:17:41.355569+00:00,2026-08-18T15:30:06.575670+00:00
16,3846,4161,temporal,0.2673964600855808,probe,ARM_A,0.0,0,0.0,154.67,False,10,2026-08-18T15:17:41.355569+00:00,2026-08-18T15:30:06.575670+00:00
16,3846,4161,temporal,0.2673964600855808,probe,ARM_B,0.2,0,0.0,2135.57,False,10,2026-08-18T15:17:41.355569+00:00,2026-08-18T15:30:06.575670+00:00
17,3822,4060,temporal,0.26843809281474185,probe,ARM_A,0.0,0,0.0,256.55,False,10,2026-08-18T15:17:41.355569+00:00,2026-08-18T15:30:06.575670+00:00
17,3822,4060,temporal,0.26843809281474185,probe,ARM_B,0.2,0,0.0,133.39,False,10,2026-08-18T15:17:41.355569+00:00,2026-08-18T15:30:06.575670+00:00
18,4045,4121,temporal,0.268949854782202,probe,ARM_A,0.0,0,0.0,71.64,False,10,2026-08-18T15:17:41.355569+00:00,2026-08-18T15:30:06.575670+00:00
18,4045,4121,temporal,0.268949854782202,probe,ARM_B,0.2,0,0.0,59.54,False,10,2026-08-18T15:17:41.355569+00:00,2026-08-18T15:30:06.575670+00:00
19,4127,4177,temporal,0.26898516827733376,probe,ARM_A,0.0,0,0.0,58.5,False,10,2026-08-18T15:17:41.355569+00:00,2026-08-18T15:30:06.575670+00:00
19,4127,4177,temporal,0.26898516827733376,probe,ARM_B,0.2,0,0.0,35.02,False,10,2026-08-18T15:17:41.355569+00:00,2026-08-18T15:30:06.575670+00:00
20,3906,4134,temporal,0.26963207125664523,probe,ARM_A,0.0,0,0.0,88.04,False,10,2026-08-18T15:17:41.355569+00:00,2026-08-18T15:30:06.575670+00:00
20,3906,4134,temporal,0.26963207125664523,probe,ARM_B,0.2,0,0.0,100.53,False,10,2026-08-18T15:17:41.355569+00:00,2026-08-18T15:30:06.575670+00:00
21,4002,4127,temporal,0.2698992216466949,probe,ARM_A,0.0,0,0.0,68.9,False,10,2026-08-18T15:17:41.355569+00:00,2026-08-18T15:30:06.575670+00:00
21,4002,4127,temporal,0.2698992216466949,probe,ARM_B,0.2,0,0.0,41.45,False,10,2026-08-18T15:17:41.355569+00:00,2026-08-18T15:30:06.575670+00:00
22,4003,4127,temporal,0.27046241794190673,probe,ARM_A,0.0,0,0.0,468.13,False,10,2026-08-18T15:17:41.355569+00:00,2026-08-18T15:30:06.575670+00:00
22,4003,4127,temporal,0.27046241794190673,probe,ARM_B,0.2,0,0.0,139.04,False,10,2026-08-18T15:17:41.355569+00:00,2026-08-18T15:30:06.575670+00:00
23,3810,4045,temporal,0.2714577342817486,probe,ARM_A,0.0,0,0.0,1329.01,False,10,2026-08-18T15:17:41.355569+00:00,2026-08-18T15:30:06.575670+00:00
23,3810,4045,temporal,0.2714577342817486,probe,ARM_B,0.2,0,0.0,241.16,False,10,2026-08-18T15:17:41.355569+00:00,2026-08-18T15:30:06.575670+00:00
24,7004,7144,temporal,0.27184252021350375,probe,ARM_A,0.0,0,0.0,28.49,False,10,2026-08-18T15:17:41.355569+00:00,2026-08-18T15:30:06.575670+00:00
24,7004,7144,temporal,0.27184252021350375,probe,ARM_B,0.2,0,0.0,22.72,False,10,2026-08-18T15:17:41.355569+00:00,2026-08-18T15:30:06.575670+00:00
25,4019,4092,temporal,0.2728427621692232,probe,ARM_A,0.0,0,0.0,112.92,False,10,2026-08-18T15:17:41.355569+00:00,2026-08-18T15:30:06.575670+00:00
25,4019,4092,temporal,0.2728427621692232,probe,ARM_B,0.2,0,0.0,122.34,False,10,2026-08-18T15:17:41.355569+00:00,2026-08-18T15:30:06.575670+00:00
26,4045,4071,temporal,0.2730648924507071,probe,ARM_A,0.0,0,0.0,63.8,False,10,2026-08-18T15:17:41.355569+00:00,2026-08-18T15:30:06.575670+00:00
26,4045,4071,temporal,0.2730648924507071,probe,ARM_B,0.2,0,0.0,69.02,False,10,2026-08-18T15:17:41.355569+00:00,2026-08-18T15:30:06.575670+00:00
27,4127,4172,temporal,0.2732302709359097,probe,ARM_A,0.0,0,0.0,38.97,False,10,2026-08-18T15:17:41.355569+00:00,2026-08-18T15:30:06.575670+00:00
27,4127,4172,temporal,0.2732302709359097,probe,ARM_B,0.2,0,0.0,25.64,False,10,2026-08-18T15:17:41.355569+00:00,2026-08-18T15:30:06.575670+00:00
28,4117,4172,temporal,0.27342549245661407,probe,ARM_A,0.0,0,0.0,47.7,False,10,2026-08-18T15:17:41.355569+00:00,2026-08-18T15:30:06.575670+00:00
28,4117,4172,temporal,0.27342549245661407,probe,ARM_B,0.2,0,0.0,458.55,False,10,2026-08-18T15:17:41.355569+00:00,2026-08-18T15:30:06.575670+00:00
29,3950,4045,temporal,0.2736372784592348,probe,ARM_A,0.0,0,0.0,1502.64,False,10,2026-08-18T15:17:41.355569+00:00,2026-08-18T15:30:06.575670+00:00
29,3950,4045,temporal,0.2736372784592348,probe,ARM_B,0.2,0,0.0,176.24,False,10,2026-08-18T15:17:41.355569+00:00,2026-08-18T15:30:06.575670+00:00
30,3851,3940,temporal,0.2739257759385516,probe,ARM_A,0.0,0,0.0,74.75,False,10,2026-08-18T15:17:41.355569+00:00,2026-08-18T15:30:06.575670+00:00
30,3851,3940,temporal,0.2739257759385516,probe,ARM_B,0.2,0,0.0,49.91,False,10,2026-08-18T15:17:41.355569+00:00,2026-08-18T15:30:06.575670+00:00
31,3860,4134,temporal,0.27397830110724664,probe,ARM_A,0.0,0,0.0,83.35,False,10,2026-08-18T15:17:41.355569+00:00,2026-08-18T15:30:06.575670+00:00
31,3860,4134,temporal,0.27397830110724664,probe,ARM_B,0.2,0,0.0,136.87,False,10,2026-08-18T15:17:41.355569+00:00,2026-08-18T15:30:06.575670+00:00
32,3868,3908,temporal,0.27479031682014465,probe,ARM_A,0.0,0,0.0,292.41,False,10,2026-08-18T15:17:41.355569+00:00,2026-08-18T15:30:06.575670+00:00
32,3868,3908,temporal,0.27479031682014465,probe,ARM_B,0.2,0,0.0,121.82,False,10,2026-08-18T15:17:41.355569+00:00,2026-08-18T15:30:06.575670+00:00
33,3893,4127,temporal,0.2750227749347687,probe,ARM_A,0.0,0,0.0,74.98,False,10,2026-08-18T15:17:41.355569+00:00,2026-08-18T15:30:06.575670+00:00
33,3893,4127,temporal,0.2750227749347687,probe,ARM_B,0.2,0,0.0,482.65,False,10,2026-08-18T15:17:41.355569+00:00,2026-08-18T15:30:06.575670+00:00
34,4025,4050,temporal,0.2760320007801056,probe,ARM_A,0.0,0,0.0,1496.07,False,10,2026-08-18T15:17:41.355569+00:00,2026-08-18T15:30:06.575670+00:00
34,4025,4050,temporal,0.2760320007801056,probe,ARM_B,0.2,0,0.0,185.6,False,10,2026-08-18T15:17:41.355569+00:00,2026-08-18T15:30:06.575670+00:00
35,3952,4040,temporal,0.27658936381340027,probe,ARM_A,0.0,0,0.0,143.1,False,10,2026-08-18T15:17:41.355569+00:00,2026-08-18T15:30:06.575670+00:00
35,3952,4040,temporal,0.27658936381340027,probe,ARM_B,0.2,0,0.0,73.98,False,10,2026-08-18T15:17:41.355569+00:00,2026-08-18T15:30:06.575670+00:00
36,3878,3951,temporal,0.2770496093347554,probe,ARM_A,0.0,0,0.0,81.95,False,10,2026-08-18T15:17:41.355569+00:00,2026-08-18T15:30:06.575670+00:00
36,3878,3951,temporal,0.2770496093347554,probe,ARM_B,0.2,0,0.0,127.92,False,10,2026-08-18T15:17:41.355569+00:00,2026-08-18T15:30:06.575670+00:00
37,3955,4005,temporal,0.27710940105375503,probe,ARM_A,0.0,0,0.0,125.98,False,10,2026-08-18T15:17:41.355569+00:00,2026-08-18T15:30:06.575670+00:00
37,3955,4005,temporal,0.27710940105375503,probe,ARM_B,0.2,0,0.0,48.34,False,10,2026-08-18T15:17:41.355569+00:00,2026-08-18T15:30:06.575670+00:00
38,3955,4087,temporal,0.27715528658754507,probe,ARM_A,0.0,0,0.0,47.0,False,10,2026-08-18T15:17:41.355569+00:00,2026-08-18T15:30:06.575670+00:00
38,3955,4087,temporal,0.27715528658754507,probe,ARM_B,0.2,0,0.0,74.08,False,10,2026-08-18T15:17:41.355569+00:00,2026-08-18T15:30:06.575670+00:00
39,4045,4062,temporal,0.2771618962287903,probe,ARM_A,0.0,0,0.0,287.01,False,10,2026-08-18T15:17:41.355569+00:00,2026-08-18T15:30:06.575670+00:00
39,4045,4062,temporal,0.2771618962287903,probe,ARM_B,0.2,0,0.0,188.28,False,10,2026-08-18T15:17:41.355569+00:00,2026-08-18T15:30:06.575670+00:00
40,4047,4177,temporal,0.27774915429939684,probe,ARM_A,0.0,0,0.0,107.18,False,10,2026-08-18T15:17:41.355569+00:00,2026-08-18T15:30:06.575670+00:00
40,4047,4177,temporal,0.27774915429939684,probe,ARM_B,0.2,0,0.0,118.92,False,10,2026-08-18T15:17:41.355569+00:00,2026-08-18T15:30:06.575670+00:00
41,5821,5854,temporal,0.2782112740937257,probe,ARM_A,0.0,0,0.0,122.38,False,10,2026-08-18T15:17:41.355569+00:00,2026-08-18T15:30:06.575670+00:00
41,5821,5854,temporal,0.2782112740937257,probe,ARM_B,0.2,0,0.0,129.77,False,10,2026-08-18T15:17:41.355569+00:00,2026-08-18T15:30:06.575670+00:00
42,3906,3952,temporal,0.27856257898361636,probe,ARM_A,0.0,0,0.0,144.18,False,10,2026-08-18T15:17:41.355569+00:00,2026-08-18T15:30:06.575670+00:00
42,3906,3952,temporal,0.27856257898361636,probe,ARM_B,0.2,0,0.0,185.51,False,10,2026-08-18T15:17:41.355569+00:00,2026-08-18T15:30:06.575670+00:00
43,4045,4081,temporal,0.2786786209355563,probe,ARM_A,0.0,0,0.0,49.2,False,10,2026-08-18T15:17:41.355569+00:00,2026-08-18T15:30:06.575670+00:00
43,4045,4081,temporal,0.2786786209355563,probe,ARM_B,0.2,0,0.0,48.2,False,10,2026-08-18T15:17:41.355569+00:00,2026-08-18T15:30:06.575670+00:00
44,4127,4161,temporal,0.27890631901101304,probe,ARM_A,0.0,0,0.0,27.09,False,10,2026-08-18T15:17:41.355569+00:00,2026-08-18T15:30:06.575670+00:00
44,4127,4161,temporal,0.27890631901101304,probe,ARM_B,0.2,0,0.0,23.38,False,10,2026-08-18T15:17:41.355569+00:00,2026-08-18T15:30:06.575670+00:00
45,3905,4115,temporal,0.2789317105927127,probe,ARM_A,0.0,0,0.0,44.51,False,10,2026-08-18T15:17:41.355569+00:00,2026-08-18T15:30:06.575670+00:00
45,3905,4115,temporal,0.2789317105927127,probe,ARM_B,0.2,0,0.0,41.31,False,10,2026-08-18T15:17:41.355569+00:00,2026-08-18T15:30:06.575670+00:00
46,3952,4004,temporal,0.27906898980921624,probe,ARM_A,0.0,0,0.0,44.45,False,10,2026-08-18T15:17:41.355569+00:00,2026-08-18T15:30:06.575670+00:00
46,3952,4004,temporal,0.27906898980921624,probe,ARM_B,0.2,0,0.0,54.58,False,10,2026-08-18T15:17:41.355569+00:00,2026-08-18T15:30:06.575670+00:00
47,4045,4069,temporal,0.2793380355045858,probe,ARM_A,0.0,0,0.0,51.96,False,10,2026-08-18T15:17:41.355569+00:00,2026-08-18T15:30:06.575670+00:00
47,4045,4069,temporal,0.2793380355045858,probe,ARM_B,0.2,0,0.0,86.9,False,10,2026-08-18T15:17:41.355569+00:00,2026-08-18T15:30:06.575670+00:00
48,3876,4155,temporal,0.27942178836789666,probe,ARM_A,0.0,0,0.0,90.87,False,10,2026-08-18T15:17:41.355569+00:00,2026-08-18T15:30:06.575670+00:00
48,3876,4155,temporal,0.27942178836789666,probe,ARM_B,0.2,0,0.0,98.94,False,10,2026-08-18T15:17:41.355569+00:00,2026-08-18T15:30:06.575670+00:00
49,3952,4041,temporal,0.27947587607729085,probe,ARM_A,0.0,0,0.0,42.41,False,10,2026-08-18T15:17:41.355569+00:00,2026-08-18T15:30:06.575670+00:00
49,3952,4041,temporal,0.27947587607729085,probe,ARM_B,0.2,0,0.0,317.87,False,10,2026-08-18T15:17:41.355569+00:00,2026-08-18T15:30:06.575670+00:00
50,4005,4092,temporal,0.2799437642097493,probe,ARM_A,0.0,0,0.0,164.71,False,10,2026-08-18T15:17:41.355569+00:00,2026-08-18T15:30:06.575670+00:00
50,4005,4092,temporal,0.2799437642097493,probe,ARM_B,0.2,0,0.0,169.02,False,10,2026-08-18T15:17:41.355569+00:00,2026-08-18T15:30:06.575670+00:00
51,4049,4172,temporal,0.2810128917422974,probe,ARM_A,0.0,0,0.0,116.81,False,10,2026-08-18T15:17:41.355569+00:00,2026-08-18T15:30:06.575670+00:00
51,4049,4172,temporal,0.2810128917422974,probe,ARM_B,0.2,0,0.0,119.73,False,10,2026-08-18T15:17:41.355569+00:00,2026-08-18T15:30:06.575670+00:00
52,3846,4172,temporal,0.28129544388909156,probe,ARM_A,0.0,0,0.0,570.35,False,10,2026-08-18T15:17:41.355569+00:00,2026-08-18T15:30:06.575670+00:00
52,3846,4172,temporal,0.28129544388909156,probe,ARM_B,0.2,0,0.0,166.57,False,10,2026-08-18T15:17:41.355569+00:00,2026-08-18T15:30:06.575670+00:00
53,3846,3851,temporal,0.28130854014481743,probe,ARM_A,0.0,0,0.0,69.18,False,10,2026-08-18T15:17:41.355569+00:00,2026-08-18T15:30:06.575670+00:00
53,3846,3851,temporal,0.28130854014481743,probe,ARM_B,0.2,0,0.0,60.41,False,10,2026-08-18T15:17:41.355569+00:00,2026-08-18T15:30:06.575670+00:00
54,3846,3851,temporal,0.28130854014481743,probe,ARM_A,0.0,0,0.0,71.72,False,10,2026-08-18T15:17:41.355569+00:00,2026-08-18T15:30:06.575670+00:00
54,3846,3851,temporal,0.28130854014481743,probe,ARM_B,0.2,0,0.0,83.45,False,10,2026-08-18T15:17:41.355569+00:00,2026-08-18T15:30:06.575670+00:00
55,4053,4085,temporal,0.2813876531854109,probe,ARM_A,0.0,0,0.0,73.4,False,10,2026-08-18T15:17:41.355569+00:00,2026-08-18T15:30:06.575670+00:00
55,4053,4085,temporal,0.2813876531854109,probe,ARM_B,0.2,0,0.0,62.0,False,10,2026-08-18T15:17:41.355569+00:00,2026-08-18T15:30:06.575670+00:00
56,3951,4045,temporal,0.2813884103711968,probe,ARM_A,0.0,0,0.0,48.32,False,10,2026-08-18T15:17:41.355569+00:00,2026-08-18T15:30:06.575670+00:00
56,3951,4045,temporal,0.2813884103711968,probe,ARM_B,0.2,0,0.0,41.61,False,10,2026-08-18T15:17:41.355569+00:00,2026-08-18T15:30:06.575670+00:00
57,3860,4136,temporal,0.28185362843478456,probe,ARM_A,0.0,0,0.0,48.14,False,10,2026-08-18T15:17:41.355569+00:00,2026-08-18T15:30:06.575670+00:00
57,3860,4136,temporal,0.28185362843478456,probe,ARM_B,0.2,0,0.0,44.12,False,10,2026-08-18T15:17:41.355569+00:00,2026-08-18T15:30:06.575670+00:00
58,3952,4127,temporal,0.28196656703948975,probe,ARM_A,0.0,0,0.0,58.31,False,10,2026-08-18T15:17:41.355569+00:00,2026-08-18T15:30:06.575670+00:00
58,3952,4127,temporal,0.28196656703948975,probe,ARM_B,0.2,0,0.0,115.91,False,10,2026-08-18T15:17:41.355569+00:00,2026-08-18T15:30:06.575670+00:00
59,3951,4011,temporal,0.2824747646592489,probe,ARM_A,0.0,0,0.0,136.67,False,10,2026-08-18T15:17:41.355569+00:00,2026-08-18T15:30:06.575670+00:00
59,3951,4011,temporal,0.2824747646592489,probe,ARM_B,0.2,0,0.0,113.63,False,10,2026-08-18T15:17:41.355569+00:00,2026-08-18T15:30:06.575670+00:00
60,3936,4053,temporal,0.2833982452692201,probe,ARM_A,0.0,0,0.0,1250.67,False,10,2026-08-18T15:17:41.355569+00:00,2026-08-18T15:30:06.575670+00:00
60,3936,4053,temporal,0.2833982452692201,probe,ARM_B,0.2,0,0.0,69.39,False,10,2026-08-18T15:17:41.355569+00:00,2026-08-18T15:30:06.575670+00:00
61,3868,4177,temporal,0.2834365536830761,probe,ARM_A,0.0,0,0.0,68.47,False,10,2026-08-18T15:17:41.355569+00:00,2026-08-18T15:30:06.575670+00:00
61,3868,4177,temporal,0.2834365536830761,probe,ARM_B,0.2,0,0.0,68.06,False,10,2026-08-18T15:17:41.355569+00:00,2026-08-18T15:30:06.575670+00:00
62,4029,4053,temporal,0.2835374861590594,probe,ARM_A,0.0,0,0.0,29.22,False,10,2026-08-18T15:17:41.355569+00:00,2026-08-18T15:30:06.575670+00:00
62,4029,4053,temporal,0.2835374861590594,probe,ARM_B,0.2,0,0.0,25.59,False,10,2026-08-18T15:17:41.355569+00:00,2026-08-18T15:30:06.575670+00:00
63,3955,4096,temporal,0.28406680882972724,probe,ARM_A,0.0,0,0.0,41.82,False,10,2026-08-18T15:17:41.355569+00:00,2026-08-18T15:30:06.575670+00:00
63,3955,4096,temporal,0.28406680882972724,probe,ARM_B,0.2,0,0.0,40.2,False,10,2026-08-18T15:17:41.355569+00:00,2026-08-18T15:30:06.575670+00:00
64,3822,3958,temporal,0.2841042195527499,probe,ARM_A,0.0,0,0.0,78.32,False,10,2026-08-18T15:17:41.355569+00:00,2026-08-18T15:30:06.575670+00:00
64,3822,3958,temporal,0.2841042195527499,probe,ARM_B,0.2,0,0.0,73.48,False,10,2026-08-18T15:17:41.355569+00:00,2026-08-18T15:30:06.575670+00:00
65,3876,4004,temporal,0.28489779576963903,probe,ARM_A,0.0,0,0.0,62.15,False,10,2026-08-18T15:17:41.355569+00:00,2026-08-18T15:30:06.575670+00:00
65,3876,4004,temporal,0.28489779576963903,probe,ARM_B,0.2,0,0.0,62.0,False,10,2026-08-18T15:17:41.355569+00:00,2026-08-18T15:30:06.575670+00:00
66,6955,7144,temporal,0.2849841158039961,probe,ARM_A,0.0,0,0.0,23.81,False,10,2026-08-18T15:17:41.355569+00:00,2026-08-18T15:30:06.575670+00:00
66,6955,7144,temporal,0.2849841158039961,probe,ARM_B,0.2,0,0.0,21.12,False,10,2026-08-18T15:17:41.355569+00:00,2026-08-18T15:30:06.575670+00:00
67,3995,4050,temporal,0.2855333089828491,probe,ARM_A,0.0,0,0.0,103.04,False,10,2026-08-18T15:17:41.355569+00:00,2026-08-18T15:30:06.575670+00:00
67,3995,4050,temporal,0.2855333089828491,probe,ARM_B,0.2,0,0.0,119.32,False,10,2026-08-18T15:17:41.355569+00:00,2026-08-18T15:30:06.575670+00:00
68,3939,4127,temporal,0.28554228371886026,probe,ARM_A,0.0,0,0.0,131.26,False,10,2026-08-18T15:17:41.355569+00:00,2026-08-18T15:30:06.575670+00:00
68,3939,4127,temporal,0.28554228371886026,probe,ARM_B,0.2,0,0.0,143.68,False,10,2026-08-18T15:17:41.355569+00:00,2026-08-18T15:30:06.575670+00:00
69,4096,4136,temporal,0.2856658484240131,probe,ARM_A,0.0,0,0.0,139.76,False,10,2026-08-18T15:17:41.355569+00:00,2026-08-18T15:30:06.575670+00:00
69,4096,4136,temporal,0.2856658484240131,probe,ARM_B,0.2,0,0.0,141.93,False,10,2026-08-18T15:17:41.355569+00:00,2026-08-18T15:30:06.575670+00:00
70,4136,4155,temporal,0.28581271002444353,probe,ARM_A,0.0,0,0.0,130.09,False,10,2026-08-18T15:17:41.355569+00:00,2026-08-18T15:30:06.575670+00:00
70,4136,4155,temporal,0.28581271002444353,probe,ARM_B,0.2,0,0.0,106.69,False,10,2026-08-18T15:17:41.355569+00:00,2026-08-18T15:30:06.575670+00:00
71,3905,4047,temporal,0.2865551243059523,probe,ARM_A,0.0,0,0.0,137.74,False,10,2026-08-18T15:17:41.355569+00:00,2026-08-18T15:30:06.575670+00:00
71,3905,4047,temporal,0.2865551243059523,probe,ARM_B,0.2,0,0.0,44.38,False,10,2026-08-18T15:17:41.355569+00:00,2026-08-18T15:30:06.575670+00:00
72,3873,4127,temporal,0.28670413594009836,probe,ARM_A,0.0,0,0.0,39.62,False,10,2026-08-18T15:17:41.355569+00:00,2026-08-18T15:30:06.575670+00:00
72,3873,4127,temporal,0.28670413594009836,probe,ARM_B,0.2,0,0.0,36.0,False,10,2026-08-18T15:17:41.355569+00:00,2026-08-18T15:30:06.575670+00:00
73,3868,4109,temporal,0.28673491736456524,probe,ARM_A,0.0,0,0.0,64.79,False,10,2026-08-18T15:17:41.355569+00:00,2026-08-18T15:30:06.575670+00:00
73,3868,4109,temporal,0.28673491736456524,probe,ARM_B,0.2,0,0.0,58.07,False,10,2026-08-18T15:17:41.355569+00:00,2026-08-18T15:30:06.575670+00:00
74,3952,4015,temporal,0.28690892017973624,probe,ARM_A,0.0,0,0.0,35.44,False,10,2026-08-18T15:17:41.355569+00:00,2026-08-18T15:30:06.575670+00:00
74,3952,4015,temporal,0.28690892017973624,probe,ARM_B,0.2,0,0.0,36.1,False,10,2026-08-18T15:17:41.355569+00:00,2026-08-18T15:30:06.575670+00:00
75,4049,4085,temporal,0.28752063028822117,probe,ARM_A,0.0,0,0.0,27.81,False,10,2026-08-18T15:17:41.355569+00:00,2026-08-18T15:30:06.575670+00:00
75,4049,4085,temporal,0.28752063028822117,probe,ARM_B,0.2,0,0.0,28.44,False,10,2026-08-18T15:17:41.355569+00:00,2026-08-18T15:30:06.575670+00:00
76,3955,4127,temporal,0.2878646597700927,probe,ARM_A,0.0,0,0.0,34.99,False,10,2026-08-18T15:17:41.355569+00:00,2026-08-18T15:30:06.575670+00:00
76,3955,4127,temporal,0.2878646597700927,probe,ARM_B,0.2,0,0.0,38.4,False,10,2026-08-18T15:17:41.355569+00:00,2026-08-18T15:30:06.575670+00:00
77,3846,4003,temporal,0.2879396424221572,probe,ARM_A,0.0,0,0.0,70.79,False,10,2026-08-18T15:17:41.355569+00:00,2026-08-18T15:30:06.575670+00:00
77,3846,4003,temporal,0.2879396424221572,probe,ARM_B,0.2,0,0.0,60.34,False,10,2026-08-18T15:17:41.355569+00:00,2026-08-18T15:30:06.575670+00:00
78,7012,7144,temporal,0.28799531316701543,probe,ARM_A,0.0,0,0.0,24.86,False,10,2026-08-18T15:17:41.355569+00:00,2026-08-18T15:30:06.575670+00:00
78,7012,7144,temporal,0.28799531316701543,probe,ARM_B,0.2,0,0.0,169.78,False,10,2026-08-18T15:17:41.355569+00:00,2026-08-18T15:30:06.575670+00:00
79,4045,4085,temporal,0.2880564332008362,probe,ARM_A,0.0,0,0.0,156.24,False,10,2026-08-18T15:17:41.355569+00:00,2026-08-18T15:30:06.575670+00:00
79,4045,4085,temporal,0.2880564332008362,probe,ARM_B,0.2,0,0.0,144.8,False,10,2026-08-18T15:17:41.355569+00:00,2026-08-18T15:30:06.575670+00:00
80,3878,4164,temporal,0.28825557231903076,probe,ARM_A,0.0,0,0.0,843.1,False,10,2026-08-18T15:17:41.355569+00:00,2026-08-18T15:30:06.575670+00:00
80,3878,4164,temporal,0.28825557231903076,probe,ARM_B,0.2,0,0.0,97.66,False,10,2026-08-18T15:17:41.355569+00:00,2026-08-18T15:30:06.575670+00:00
81,3958,4092,temporal,0.2883102297782918,probe,ARM_A,0.0,0,0.0,44.73,False,10,2026-08-18T15:17:41.355569+00:00,2026-08-18T15:30:06.575670+00:00
81,3958,4092,temporal,0.2883102297782918,probe,ARM_B,0.2,0,0.0,71.68,False,10,2026-08-18T15:17:41.355569+00:00,2026-08-18T15:30:06.575670+00:00
82,3938,4053,temporal,0.28836479325714404,probe,ARM_A,0.0,0,0.0,46.12,False,10,2026-08-18T15:17:41.355569+00:00,2026-08-18T15:30:06.575670+00:00
82,3938,4053,temporal,0.28836479325714404,probe,ARM_B,0.2,0,0.0,45.43,False,10,2026-08-18T15:17:41.355569+00:00,2026-08-18T15:30:06.575670+00:00
83,3822,3955,temporal,0.2886594069986663,probe,ARM_A,0.0,0,0.0,75.57,False,10,2026-08-18T15:17:41.355569+00:00,2026-08-18T15:30:06.575670+00:00
83,3822,3955,temporal,0.2886594069986663,probe,ARM_B,0.2,0,0.0,85.47,False,10,2026-08-18T15:17:41.355569+00:00,2026-08-18T15:30:06.575670+00:00
84,3905,4161,temporal,0.28909516405064317,probe,ARM_A,0.0,0,0.0,40.28,False,10,2026-08-18T15:17:41.355569+00:00,2026-08-18T15:30:06.575670+00:00
84,3905,4161,temporal,0.28909516405064317,probe,ARM_B,0.2,0,0.0,41.88,False,10,2026-08-18T15:17:41.355569+00:00,2026-08-18T15:30:06.575670+00:00
85,3822,4134,temporal,0.28929737603986205,probe,ARM_A,0.0,0,0.0,165.43,False,10,2026-08-18T15:17:41.355569+00:00,2026-08-18T15:30:06.575670+00:00
85,3822,4134,temporal,0.28929737603986205,probe,ARM_B,0.2,0,0.0,88.73,False,10,2026-08-18T15:17:41.355569+00:00,2026-08-18T15:30:06.575670+00:00
86,3946,4045,temporal,0.2894497937291989,probe,ARM_A,0.0,0,0.0,457.72,False,10,2026-08-18T15:17:41.355569+00:00,2026-08-18T15:30:06.575670+00:00
86,3946,4045,temporal,0.2894497937291989,probe,ARM_B,0.2,0,0.0,128.48,False,10,2026-08-18T15:17:41.355569+00:00,2026-08-18T15:30:06.575670+00:00
87,3942,4045,temporal,0.28956468639163346,probe,ARM_A,0.0,0,0.0,134.11,False,10,2026-08-18T15:17:41.355569+00:00,2026-08-18T15:30:06.575670+00:00
87,3942,4045,temporal,0.28956468639163346,probe,ARM_B,0.2,0,0.0,129.85,False,10,2026-08-18T15:17:41.355569+00:00,2026-08-18T15:30:06.575670+00:00
88,3878,4127,temporal,0.2896350622177124,probe,ARM_A,0.0,0,0.0,751.73,False,10,2026-08-18T15:17:41.355569+00:00,2026-08-18T15:30:06.575670+00:00
88,3878,4127,temporal,0.2896350622177124,probe,ARM_B,0.2,0,0.0,63.86,False,10,2026-08-18T15:17:41.355569+00:00,2026-08-18T15:30:06.575670+00:00
89,3868,3967,temporal,0.2896687474748121,probe,ARM_A,0.0,0,0.0,63.78,False,10,2026-08-18T15:17:41.355569+00:00,2026-08-18T15:30:06.575670+00:00
89,3868,3967,temporal,0.2896687474748121,probe,ARM_B,0.2,0,0.0,66.14,False,10,2026-08-18T15:17:41.355569+00:00,2026-08-18T15:30:06.575670+00:00
90,3904,4045,temporal,0.2897316342752203,probe,ARM_A,0.0,0,0.0,47.46,False,10,2026-08-18T15:17:41.355569+00:00,2026-08-18T15:30:06.575670+00:00
90,3904,4045,temporal,0.2897316342752203,probe,ARM_B,0.2,0,0.0,44.02,False,10,2026-08-18T15:17:41.355569+00:00,2026-08-18T15:30:06.575670+00:00
91,3997,4045,temporal,0.29018595814704895,probe,ARM_A,0.0,0,0.0,45.35,False,10,2026-08-18T15:17:41.355569+00:00,2026-08-18T15:30:06.575670+00:00
91,3997,4045,temporal,0.29018595814704895,probe,ARM_B,0.2,0,0.0,32.65,False,10,2026-08-18T15:17:41.355569+00:00,2026-08-18T15:30:06.575670+00:00
92,3887,4047,temporal,0.2903263741926183,probe,ARM_A,0.0,0,0.0,69.88,False,10,2026-08-18T15:17:41.355569+00:00,2026-08-18T15:30:06.575670+00:00
92,3887,4047,temporal,0.2903263741926183,probe,ARM_B,0.2,0,0.0,77.24,False,10,2026-08-18T15:17:41.355569+00:00,2026-08-18T15:30:06.575670+00:00
93,4118,4127,temporal,0.290437787771225,probe,ARM_A,0.0,0,0.0,36.0,False,10,2026-08-18T15:17:41.355569+00:00,2026-08-18T15:30:06.575670+00:00
93,4118,4127,temporal,0.290437787771225,probe,ARM_B,0.2,0,0.0,36.43,False,10,2026-08-18T15:17:41.355569+00:00,2026-08-18T15:30:06.575670+00:00
94,3860,3907,temporal,0.2906053759110876,probe,ARM_A,0.0,0,0.0,42.03,False,10,2026-08-18T15:17:41.355569+00:00,2026-08-18T15:30:06.575670+00:00
94,3860,3907,temporal,0.2906053759110876,probe,ARM_B,0.2,0,0.0,38.29,False,10,2026-08-18T15:17:41.355569+00:00,2026-08-18T15:30:06.575670+00:00
95,3868,4120,temporal,0.2907609766268153,probe,ARM_A,0.0,0,0.0,2012.83,False,10,2026-08-18T15:17:41.355569+00:00,2026-08-18T15:30:06.575670+00:00
95,3868,4120,temporal,0.2907609766268153,probe,ARM_B,0.2,0,0.0,78.01,False,10,2026-08-18T15:17:41.355569+00:00,2026-08-18T15:30:06.575670+00:00
96,3846,4045,temporal,0.29078401001644183,probe,ARM_A,0.0,0,0.0,76.01,False,10,2026-08-18T15:17:41.355569+00:00,2026-08-18T15:30:06.575670+00:00
96,3846,4045,temporal,0.29078401001644183,probe,ARM_B,0.2,0,0.0,75.54,False,10,2026-08-18T15:17:41.355569+00:00,2026-08-18T15:30:06.575670+00:00
97,3860,4005,temporal,0.2909795902055199,probe,ARM_A,0.0,0,0.0,46.02,False,10,2026-08-18T15:17:41.355569+00:00,2026-08-18T15:30:06.575670+00:00
97,3860,4005,temporal,0.2909795902055199,probe,ARM_B,0.2,0,0.0,42.5,False,10,2026-08-18T15:17:41.355569+00:00,2026-08-18T15:30:06.575670+00:00
98,4048,4172,temporal,0.29116201137364717,probe,ARM_A,0.0,0,0.0,31.77,False,10,2026-08-18T15:17:41.355569+00:00,2026-08-18T15:30:06.575670+00:00
98,4048,4172,temporal,0.29116201137364717,probe,ARM_B,0.2,0,0.0,28.21,False,10,2026-08-18T15:17:41.355569+00:00,2026-08-18T15:30:06.575670+00:00
99,4025,4136,temporal,0.2912796139717102,probe,ARM_A,0.0,0,0.0,59.91,False,10,2026-08-18T15:17:41.355569+00:00,2026-08-18T15:30:06.575670+00:00
99,4025,4136,temporal,0.2912796139717102,probe,ARM_B,0.2,0,0.0,60.37,False,10,2026-08-18T15:17:41.355569+00:00,2026-08-18T15:30:06.575670+00:00
100,3952,4045,temporal,0.2912852168083191,probe,ARM_A,0.0,0,0.0,36.61,False,10,2026-08-18T15:17:41.355569+00:00,2026-08-18T15:30:06.575670+00:00
100,3952,4045,temporal,0.2912852168083191,probe,ARM_B,0.2,0,0.0,34.46,False,10,2026-08-18T15:17:41.355569+00:00,2026-08-18T15:30:06.575670+00:00
101,7491,7623,temporal,0.2917146347506019,probe,ARM_A,0.0,0,0.0,55.86,False,10,2026-08-18T15:17:41.355569+00:00,2026-08-18T15:30:06.575670+00:00
101,7491,7623,temporal,0.2917146347506019,probe,ARM_B,0.2,0,0.0,51.02,False,10,2026-08-18T15:17:41.355569+00:00,2026-08-18T15:30:06.575670+00:00
102,3868,3905,temporal,0.2919269465142751,probe,ARM_A,0.0,0,0.0,2031.69,False,10,2026-08-18T15:17:41.355569+00:00,2026-08-18T15:30:06.575670+00:00
102,3868,3905,temporal,0.2919269465142751,probe,ARM_B,0.2,0,0.0,97.66,False,10,2026-08-18T15:17:41.355569+00:00,2026-08-18T15:30:06.575670+00:00
103,4096,4134,temporal,0.291950676564815,probe,ARM_A,0.0,0,0.0,32.4,False,10,2026-08-18T15:17:41.355569+00:00,2026-08-18T15:30:06.575670+00:00
103,4096,4134,temporal,0.291950676564815,probe,ARM_B,0.2,0,0.0,28.86,False,10,2026-08-18T15:17:41.355569+00:00,2026-08-18T15:30:06.575670+00:00
104,5823,5854,temporal,0.2920672819734741,probe,ARM_A,0.0,0,0.0,28.08,False,10,2026-08-18T15:17:41.355569+00:00,2026-08-18T15:30:06.575670+00:00
104,5823,5854,temporal,0.2920672819734741,probe,ARM_B,0.2,0,0.0,27.59,False,10,2026-08-18T15:17:41.355569+00:00,2026-08-18T15:30:06.575670+00:00
105,3905,4025,temporal,0.2920941971624682,probe,ARM_A,0.0,0,0.0,38.56,False,10,2026-08-18T15:17:41.355569+00:00,2026-08-18T15:30:06.575670+00:00
105,3905,4025,temporal,0.2920941971624682,probe,ARM_B,0.2,0,0.0,42.48,False,10,2026-08-18T15:17:41.355569+00:00,2026-08-18T15:30:06.575670+00:00
106,3821,4049,temporal,0.2921934265186561,probe,ARM_A,0.0,0,0.0,121.73,False,10,2026-08-18T15:17:41.355569+00:00,2026-08-18T15:30:06.575670+00:00
106,3821,4049,temporal,0.2921934265186561,probe,ARM_B,0.2,0,0.0,71.27,False,10,2026-08-18T15:17:41.355569+00:00,2026-08-18T15:30:06.575670+00:00
107,3868,4092,temporal,0.2922222490443145,probe,ARM_A,0.0,0,0.0,77.38,False,10,2026-08-18T15:17:41.355569+00:00,2026-08-18T15:30:06.575670+00:00
107,3868,4092,temporal,0.2922222490443145,probe,ARM_B,0.2,0,0.0,67.87,False,10,2026-08-18T15:17:41.355569+00:00,2026-08-18T15:30:06.575670+00:00
108,3970,3997,temporal,0.2927619218826294,probe,ARM_A,0.0,0,0.0,71.1,False,10,2026-08-18T15:17:41.355569+00:00,2026-08-18T15:30:06.575670+00:00
108,3970,3997,temporal,0.2927619218826294,probe,ARM_B,0.2,0,0.0,2138.89,False,10,2026-08-18T15:17:41.355569+00:00,2026-08-18T15:30:06.575670+00:00
109,3876,3996,temporal,0.29280095419881,probe,ARM_A,0.0,0,0.0,109.75,False,10,2026-08-18T15:17:41.355569+00:00,2026-08-18T15:30:06.575670+00:00
109,3876,3996,temporal,0.29280095419881,probe,ARM_B,0.2,0,0.0,88.42,False,10,2026-08-18T15:17:41.355569+00:00,2026-08-18T15:30:06.575670+00:00
110,3822,3908,temporal,0.29299796500795994,probe,ARM_A,0.0,0,0.0,97.94,False,10,2026-08-18T15:17:41.355569+00:00,2026-08-18T15:30:06.575670+00:00
110,3822,3908,temporal,0.29299796500795994,probe,ARM_B,0.2,0,0.0,114.67,False,10,2026-08-18T15:17:41.355569+00:00,2026-08-18T15:30:06.575670+00:00
111,4045,4177,temporal,0.2936718042893298,probe,ARM_A,0.0,0,0.0,77.74,False,10,2026-08-18T15:17:41.355569+00:00,2026-08-18T15:30:06.575670+00:00
111,4045,4177,temporal,0.2936718042893298,probe,ARM_B,0.2,0,0.0,56.49,False,10,2026-08-18T15:17:41.355569+00:00,2026-08-18T15:30:06.575670+00:00
112,3821,4127,temporal,0.293791800737381,probe,ARM_A,0.0,0,0.0,71.42,False,10,2026-08-18T15:17:41.355569+00:00,2026-08-18T15:30:06.575670+00:00
112,3821,4127,temporal,0.293791800737381,probe,ARM_B,0.2,0,0.0,70.22,False,10,2026-08-18T15:17:41.355569+00:00,2026-08-18T15:30:06.575670+00:00
113,3966,4045,temporal,0.29387309794483585,probe,ARM_A,0.0,0,0.0,69.63,False,10,2026-08-18T15:17:41.355569+00:00,2026-08-18T15:30:06.575670+00:00
113,3966,4045,temporal,0.29387309794483585,probe,ARM_B,0.2,0,0.0,66.16,False,10,2026-08-18T15:17:41.355569+00:00,2026-08-18T15:30:06.575670+00:00
114,3878,4175,temporal,0.29425898721921495,probe,ARM_A,0.0,0,0.0,2084.92,False,10,2026-08-18T15:17:41.355569+00:00,2026-08-18T15:30:06.575670+00:00
114,3878,4175,temporal,0.29425898721921495,probe,ARM_B,0.2,0,0.0,90.44,False,10,2026-08-18T15:17:41.355569+00:00,2026-08-18T15:30:06.575670+00:00
115,4045,4109,temporal,0.29433671517183546,probe,ARM_A,0.0,0,0.0,49.08,False,10,2026-08-18T15:17:41.355569+00:00,2026-08-18T15:30:06.575670+00:00
115,4045,4109,temporal,0.29433671517183546,probe,ARM_B,0.2,0,0.0,51.98,False,10,2026-08-18T15:17:41.355569+00:00,2026-08-18T15:30:06.575670+00:00
116,3822,4006,temporal,0.2944790808701243,probe,ARM_A,0.0,0,0.0,99.78,False,10,2026-08-18T15:17:41.355569+00:00,2026-08-18T15:30:06.575670+00:00
116,3822,4006,temporal,0.2944790808701243,probe,ARM_B,0.2,0,0.0,107.1,False,10,2026-08-18T15:17:41.355569+00:00,2026-08-18T15:30:06.575670+00:00
117,4047,4062,temporal,0.2946170744071652,probe,ARM_A,0.0,0,0.0,43.34,False,10,2026-08-18T15:17:41.355569+00:00,2026-08-18T15:30:06.575670+00:00
117,4047,4062,temporal,0.2946170744071652,probe,ARM_B,0.2,0,0.0,28.83,False,10,2026-08-18T15:17:41.355569+00:00,2026-08-18T15:30:06.575670+00:00
118,3867,4172,temporal,0.2947450719393898,probe,ARM_A,0.0,0,0.0,90.07,False,10,2026-08-18T15:17:41.355569+00:00,2026-08-18T15:30:06.575670+00:00
118,3867,4172,temporal,0.2947450719393898,probe,ARM_B,0.2,0,0.0,66.29,False,10,2026-08-18T15:17:41.355569+00:00,2026-08-18T15:30:06.575670+00:00
119,3995,4048,temporal,0.2950990903613866,probe,ARM_A,0.0,0,0.0,37.35,False,10,2026-08-18T15:17:41.355569+00:00,2026-08-18T15:30:06.575670+00:00
119,3995,4048,temporal,0.2950990903613866,probe,ARM_B,0.2,0,0.0,38.29,False,10,2026-08-18T15:17:41.355569+00:00,2026-08-18T15:30:06.575670+00:00
120,3806,4045,temporal,0.29511081830658004,probe,ARM_A,0.0,0,0.0,859.98,False,10,2026-08-18T15:17:41.355569+00:00,2026-08-18T15:30:06.575670+00:00
120,3806,4045,temporal,0.29511081830658004,probe,ARM_B,0.2,0,0.0,1378.73,False,10,2026-08-18T15:17:41.355569+00:00,2026-08-18T15:30:06.575670+00:00
121,3966,3970,temporal,0.2951578761778375,probe,ARM_A,0.0,0,0.0,148.91,False,10,2026-08-18T15:17:41.355569+00:00,2026-08-18T15:30:06.575670+00:00
121,3966,3970,temporal,0.2951578761778375,probe,ARM_B,0.2,0,0.0,107.29,False,10,2026-08-18T15:17:41.355569+00:00,2026-08-18T15:30:06.575670+00:00
122,3966,3970,temporal,0.2951578761778375,probe,ARM_A,0.0,0,0.0,84.84,False,10,2026-08-18T15:17:41.355569+00:00,2026-08-18T15:30:06.575670+00:00
122,3966,3970,temporal,0.2951578761778375,probe,ARM_B,0.2,0,0.0,73.62,False,10,2026-08-18T15:17:41.355569+00:00,2026-08-18T15:30:06.575670+00:00
123,3905,4172,temporal,0.29531525005627435,probe,ARM_A,0.0,0,0.0,47.31,False,10,2026-08-18T15:17:41.355569+00:00,2026-08-18T15:30:06.575670+00:00
123,3905,4172,temporal,0.29531525005627435,probe,ARM_B,0.2,0,0.0,49.68,False,10,2026-08-18T15:17:41.355569+00:00,2026-08-18T15:30:06.575670+00:00
124,3846,4008,temporal,0.2955095558020342,probe,ARM_A,0.0,0,0.0,80.66,False,10,2026-08-18T15:17:41.355569+00:00,2026-08-18T15:30:06.575670+00:00
124,3846,4008,temporal,0.2955095558020342,probe,ARM_B,0.2,0,0.0,71.87,False,10,2026-08-18T15:17:41.355569+00:00,2026-08-18T15:30:06.575670+00:00
125,3905,4012,temporal,0.2955385798857908,probe,ARM_A,0.0,0,0.0,44.37,False,10,2026-08-18T15:17:41.355569+00:00,2026-08-18T15:30:06.575670+00:00
125,3905,4012,temporal,0.2955385798857908,probe,ARM_B,0.2,0,0.0,53.76,False,10,2026-08-18T15:17:41.355569+00:00,2026-08-18T15:30:06.575670+00:00
126,4047,4136,temporal,0.2956145283946119,probe,ARM_A,0.0,0,0.0,331.15,False,10,2026-08-18T15:17:41.355569+00:00,2026-08-18T15:30:06.575670+00:00
126,4047,4136,temporal,0.2956145283946119,probe,ARM_B,0.2,0,0.0,123.7,False,10,2026-08-18T15:17:41.355569+00:00,2026-08-18T15:30:06.575670+00:00
127,4127,4151,temporal,0.29578909823764754,probe,ARM_A,0.0,0,0.0,132.54,False,10,2026-08-18T15:17:41.355569+00:00,2026-08-18T15:30:06.575670+00:00
127,4127,4151,temporal,0.29578909823764754,probe,ARM_B,0.2,0,0.0,134.47,False,10,2026-08-18T15:17:41.355569+00:00,2026-08-18T15:30:06.575670+00:00
128,3952,4005,temporal,0.2959325733225009,probe,ARM_A,0.0,0,0.0,148.18,False,10,2026-08-18T15:17:41.355569+00:00,2026-08-18T15:30:06.575670+00:00
128,3952,4005,temporal,0.2959325733225009,probe,ARM_B,0.2,0,0.0,240.33,False,10,2026-08-18T15:17:41.355569+00:00,2026-08-18T15:30:06.575670+00:00
129,4045,4175,temporal,0.2960630412176918,probe,ARM_A,0.0,0,0.0,222.32,False,10,2026-08-18T15:17:41.355569+00:00,2026-08-18T15:30:06.575670+00:00
129,4045,4175,temporal,0.2960630412176918,probe,ARM_B,0.2,0,0.0,67.81,False,10,2026-08-18T15:17:41.355569+00:00,2026-08-18T15:30:06.575670+00:00
130,4045,4164,temporal,0.2962188720703125,probe,ARM_A,0.0,0,0.0,53.1,False,10,2026-08-18T15:17:41.355569+00:00,2026-08-18T15:30:06.575670+00:00
130,4045,4164,temporal,0.2962188720703125,probe,ARM_B,0.2,0,0.0,52.12,False,10,2026-08-18T15:17:41.355569+00:00,2026-08-18T15:30:06.575670+00:00
131,3822,3877,temporal,0.296340081422921,probe,ARM_A,0.0,0,0.0,111.94,False,10,2026-08-18T15:17:41.355569+00:00,2026-08-18T15:30:06.575670+00:00
131,3822,3877,temporal,0.296340081422921,probe,ARM_B,0.2,0,0.0,105.64,False,10,2026-08-18T15:17:41.355569+00:00,2026-08-18T15:30:06.575670+00:00
132,3998,4172,temporal,0.29637810810347787,probe,ARM_A,0.0,0,0.0,78.21,False,10,2026-08-18T15:17:41.355569+00:00,2026-08-18T15:30:06.575670+00:00
132,3998,4172,temporal,0.29637810810347787,probe,ARM_B,0.2,0,0.0,77.81,False,10,2026-08-18T15:17:41.355569+00:00,2026-08-18T15:30:06.575670+00:00
133,3822,3953,temporal,0.29658086875563083,probe,ARM_A,0.0,0,0.0,114.5,False,10,2026-08-18T15:17:41.355569+00:00,2026-08-18T15:30:06.575670+00:00
133,3822,3953,temporal,0.29658086875563083,probe,ARM_B,0.2,0,0.0,124.6,False,10,2026-08-18T15:17:41.355569+00:00,2026-08-18T15:30:06.575670+00:00
134,3851,4129,temporal,0.2967042922973633,probe,ARM_A,0.0,0,0.0,61.14,False,10,2026-08-18T15:17:41.355569+00:00,2026-08-18T15:30:06.575670+00:00
134,3851,4129,temporal,0.2967042922973633,probe,ARM_B,0.2,0,0.0,54.69,False,10,2026-08-18T15:17:41.355569+00:00,2026-08-18T15:30:06.575670+00:00
135,4005,4121,temporal,0.29672837814431774,probe,ARM_A,0.0,0,0.0,371.64,False,10,2026-08-18T15:17:41.355569+00:00,2026-08-18T15:30:06.575670+00:00
135,4005,4121,temporal,0.29672837814431774,probe,ARM_B,0.2,0,0.0,159.3,False,10,2026-08-18T15:17:41.355569+00:00,2026-08-18T15:30:06.575670+00:00
136,3971,4047,temporal,0.29673543245215117,probe,ARM_A,0.0,0,0.0,127.84,False,10,2026-08-18T15:17:41.355569+00:00,2026-08-18T15:30:06.575670+00:00
136,3971,4047,temporal,0.29673543245215117,probe,ARM_B,0.2,0,0.0,112.72,False,10,2026-08-18T15:17:41.355569+00:00,2026-08-18T15:30:06.575670+00:00
137,3950,4096,temporal,0.29676490137681777,probe,ARM_A,0.0,0,0.0,869.58,False,10,2026-08-18T15:17:41.355569+00:00,2026-08-18T15:30:06.575670+00:00
137,3950,4096,temporal,0.29676490137681777,probe,ARM_B,0.2,0,0.0,110.71,False,10,2026-08-18T15:17:41.355569+00:00,2026-08-18T15:30:06.575670+00:00
138,4045,4049,temporal,0.2969059492507534,probe,ARM_A,0.0,0,0.0,137.05,False,10,2026-08-18T15:17:41.355569+00:00,2026-08-18T15:30:06.575670+00:00
138,4045,4049,temporal,0.2969059492507534,probe,ARM_B,0.2,0,0.0,43.23,False,10,2026-08-18T15:17:41.355569+00:00,2026-08-18T15:30:06.575670+00:00
139,4045,4049,temporal,0.2969059492507534,probe,ARM_A,0.0,0,0.0,54.78,False,10,2026-08-18T15:17:41.355569+00:00,2026-08-18T15:30:06.575670+00:00
139,4045,4049,temporal,0.2969059492507534,probe,ARM_B,0.2,0,0.0,48.3,False,10,2026-08-18T15:17:41.355569+00:00,2026-08-18T15:30:06.575670+00:00
140,4025,4054,temporal,0.2969503579706172,probe,ARM_A,0.0,0,0.0,75.24,False,10,2026-08-18T15:17:41.355569+00:00,2026-08-18T15:30:06.575670+00:00
140,4025,4054,temporal,0.2969503579706172,probe,ARM_B,0.2,0,0.0,469.94,False,10,2026-08-18T15:17:41.355569+00:00,2026-08-18T15:30:06.575670+00:00
141,3967,4045,temporal,0.29695636919010804,probe,ARM_A,0.0,0,0.0,68.35,False,10,2026-08-18T15:17:41.355569+00:00,2026-08-18T15:30:06.575670+00:00
141,3967,4045,temporal,0.29695636919010804,probe,ARM_B,0.2,0,0.0,2134.45,False,10,2026-08-18T15:17:41.355569+00:00,2026-08-18T15:30:06.575670+00:00
142,3970,4092,temporal,0.297169405053223,probe,ARM_A,0.0,0,0.0,267.93,False,10,2026-08-18T15:17:41.355569+00:00,2026-08-18T15:30:06.575670+00:00
142,3970,4092,temporal,0.297169405053223,probe,ARM_B,0.2,0,0.0,87.72,False,10,2026-08-18T15:17:41.355569+00:00,2026-08-18T15:30:06.575670+00:00
143,4129,4172,temporal,0.29726143463024157,probe,ARM_A,0.0,0,0.0,38.07,False,10,2026-08-18T15:17:41.355569+00:00,2026-08-18T15:30:06.575670+00:00
143,4129,4172,temporal,0.29726143463024157,probe,ARM_B,0.2,0,0.0,34.76,False,10,2026-08-18T15:17:41.355569+00:00,2026-08-18T15:30:06.575670+00:00
144,3850,4172,temporal,0.29751149386304543,probe,ARM_A,0.0,0,0.0,108.63,False,10,2026-08-18T15:17:41.355569+00:00,2026-08-18T15:30:06.575670+00:00
144,3850,4172,temporal,0.29751149386304543,probe,ARM_B,0.2,0,0.0,112.81,False,10,2026-08-18T15:17:41.355569+00:00,2026-08-18T15:30:06.575670+00:00
145,3909,3952,temporal,0.29766809940338135,probe,ARM_A,0.0,0,0.0,40.76,False,10,2026-08-18T15:17:41.355569+00:00,2026-08-18T15:30:06.575670+00:00
145,3909,3952,temporal,0.29766809940338135,probe,ARM_B,0.2,0,0.0,47.43,False,10,2026-08-18T15:17:41.355569+00:00,2026-08-18T15:30:06.575670+00:00
146,3846,3878,temporal,0.29768259220369453,probe,ARM_A,0.0,0,0.0,81.61,False,10,2026-08-18T15:17:41.355569+00:00,2026-08-18T15:30:06.575670+00:00
146,3846,3878,temporal,0.29768259220369453,probe,ARM_B,0.2,0,0.0,85.18,False,10,2026-08-18T15:17:41.355569+00:00,2026-08-18T15:30:06.575670+00:00
147,4053,4071,temporal,0.29777009182484304,probe,ARM_A,0.0,0,0.0,2053.66,False,10,2026-08-18T15:17:41.355569+00:00,2026-08-18T15:30:06.575670+00:00
147,4053,4071,temporal,0.29777009182484304,probe,ARM_B,0.2,0,0.0,166.88,False,10,2026-08-18T15:17:41.355569+00:00,2026-08-18T15:30:06.575670+00:00
148,3859,4047,temporal,0.29781599057817987,probe,ARM_A,0.0,0,0.0,145.66,False,10,2026-08-18T15:17:41.355569+00:00,2026-08-18T15:30:06.575670+00:00
148,3859,4047,temporal,0.29781599057817987,probe,ARM_B,0.2,0,0.0,118.24,False,10,2026-08-18T15:17:41.355569+00:00,2026-08-18T15:30:06.575670+00:00
149,3852,3905,temporal,0.297833040033734,probe,ARM_A,0.0,0,0.0,81.43,False,10,2026-08-18T15:17:41.355569+00:00,2026-08-18T15:30:06.575670+00:00
149,3852,3905,temporal,0.297833040033734,probe,ARM_B,0.2,0,0.0,76.35,False,10,2026-08-18T15:17:41.355569+00:00,2026-08-18T15:30:06.575670+00:00
150,3851,3941,temporal,0.29808791268395907,probe,ARM_A,0.0,0,0.0,47.47,False,10,2026-08-18T15:17:41.355569+00:00,2026-08-18T15:30:06.575670+00:00
150,3851,3941,temporal,0.29808791268395907,probe,ARM_B,0.2,0,0.0,44.28,False,10,2026-08-18T15:17:41.355569+00:00,2026-08-18T15:30:06.575670+00:00
151,4019,4047,temporal,0.2980925466611346,probe,ARM_A,0.0,0,0.0,118.74,False,10,2026-08-18T15:17:41.355569+00:00,2026-08-18T15:30:06.575670+00:00
151,4019,4047,temporal,0.2980925466611346,probe,ARM_B,0.2,0,0.0,92.71,False,10,2026-08-18T15:17:41.355569+00:00,2026-08-18T15:30:06.575670+00:00
152,3952,4058,temporal,0.2983476519584656,probe,ARM_A,0.0,0,0.0,71.99,False,10,2026-08-18T15:17:41.355569+00:00,2026-08-18T15:30:06.575670+00:00
152,3952,4058,temporal,0.2983476519584656,probe,ARM_B,0.2,0,0.0,50.06,False,10,2026-08-18T15:17:41.355569+00:00,2026-08-18T15:30:06.575670+00:00
153,4127,4137,temporal,0.29840352818997573,probe,ARM_A,0.0,0,0.0,111.96,False,10,2026-08-18T15:17:41.355569+00:00,2026-08-18T15:30:06.575670+00:00
153,4127,4137,temporal,0.29840352818997573,probe,ARM_B,0.2,0,0.0,145.04,False,10,2026-08-18T15:17:41.355569+00:00,2026-08-18T15:30:06.575670+00:00
154,3882,4047,temporal,0.2984262971663145,probe,ARM_A,0.0,0,0.0,1414.04,False,10,2026-08-18T15:17:41.355569+00:00,2026-08-18T15:30:06.575670+00:00
154,3882,4047,temporal,0.2984262971663145,probe,ARM_B,0.2,0,0.0,339.06,False,10,2026-08-18T15:17:41.355569+00:00,2026-08-18T15:30:06.575670+00:00
155,3996,4053,temporal,0.2986106040578006,probe,ARM_A,0.0,0,0.0,127.69,False,10,2026-08-18T15:17:41.355569+00:00,2026-08-18T15:30:06.575670+00:00
155,3996,4053,temporal,0.2986106040578006,probe,ARM_B,0.2,0,0.0,102.73,False,10,2026-08-18T15:17:41.355569+00:00,2026-08-18T15:30:06.575670+00:00
156,4045,4053,temporal,0.29901253592818766,probe,ARM_A,0.0,0,0.0,41.74,False,10,2026-08-18T15:17:41.355569+00:00,2026-08-18T15:30:06.575670+00:00
156,4045,4053,temporal,0.29901253592818766,probe,ARM_B,0.2,0,0.0,85.5,False,10,2026-08-18T15:17:41.355569+00:00,2026-08-18T15:30:06.575670+00:00
157,4119,4172,temporal,0.2990413664628704,probe,ARM_A,0.0,0,0.0,60.73,False,10,2026-08-18T15:17:41.355569+00:00,2026-08-18T15:30:06.575670+00:00
157,4119,4172,temporal,0.2990413664628704,probe,ARM_B,0.2,0,0.0,47.87,False,10,2026-08-18T15:17:41.355569+00:00,2026-08-18T15:30:06.575670+00:00
158,4087,4136,temporal,0.2992406248141102,probe,ARM_A,0.0,0,0.0,33.52,False,10,2026-08-18T15:17:41.355569+00:00,2026-08-18T15:30:06.575670+00:00
158,4087,4136,temporal,0.2992406248141102,probe,ARM_B,0.2,0,0.0,34.7,False,10,2026-08-18T15:17:41.355569+00:00,2026-08-18T15:30:06.575670+00:00
159,4035,4047,temporal,0.2992534339427969,probe,ARM_A,0.0,0,0.0,92.63,False,10,2026-08-18T15:17:41.355569+00:00,2026-08-18T15:30:06.575670+00:00
159,4035,4047,temporal,0.2992534339427969,probe,ARM_B,0.2,0,0.0,100.42,False,10,2026-08-18T15:17:41.355569+00:00,2026-08-18T15:30:06.575670+00:00
160,3822,4121,temporal,0.2992835073168475,probe,ARM_A,0.0,0,0.0,265.77,False,10,2026-08-18T15:17:41.355569+00:00,2026-08-18T15:30:06.575670+00:00
160,3822,4121,temporal,0.2992835073168475,probe,ARM_B,0.2,0,0.0,103.76,False,10,2026-08-18T15:17:41.355569+00:00,2026-08-18T15:30:06.575670+00:00
161,3810,4172,temporal,0.29930888998071425,probe,ARM_A,0.0,0,0.0,155.13,False,10,2026-08-18T15:17:41.355569+00:00,2026-08-18T15:30:06.575670+00:00
161,3810,4172,temporal,0.29930888998071425,probe,ARM_B,0.2,0,0.0,137.0,False,10,2026-08-18T15:17:41.355569+00:00,2026-08-18T15:30:06.575670+00:00
162,3878,4134,temporal,0.2995677829304022,probe,ARM_A,0.0,0,0.0,55.65,False,10,2026-08-18T15:17:41.355569+00:00,2026-08-18T15:30:06.575670+00:00
162,3878,4134,temporal,0.2995677829304022,probe,ARM_B,0.2,0,0.0,75.07,False,10,2026-08-18T15:17:41.355569+00:00,2026-08-18T15:30:06.575670+00:00
163,3821,4050,temporal,0.2996804118156433,probe,ARM_A,0.0,0,0.0,66.62,False,10,2026-08-18T15:17:41.355569+00:00,2026-08-18T15:30:06.575670+00:00
163,3821,4050,temporal,0.2996804118156433,probe,ARM_B,0.2,0,0.0,63.71,False,10,2026-08-18T15:17:41.355569+00:00,2026-08-18T15:30:06.575670+00:00
164,3952,3970,temporal,0.2998180389404297,probe,ARM_A,0.0,0,0.0,42.17,False,10,2026-08-18T15:17:41.355569+00:00,2026-08-18T15:30:06.575670+00:00
164,3952,3970,temporal,0.2998180389404297,probe,ARM_B,0.2,0,0.0,42.04,False,10,2026-08-18T15:17:41.355569+00:00,2026-08-18T15:30:06.575670+00:00
165,3878,4171,temporal,0.2999664902647148,probe,ARM_A,0.0,0,0.0,84.65,False,10,2026-08-18T15:17:41.355569+00:00,2026-08-18T15:30:06.575670+00:00
165,3878,4171,temporal,0.2999664902647148,probe,ARM_B,0.2,0,0.0,71.0,False,10,2026-08-18T15:17:41.355569+00:00,2026-08-18T15:30:06.575670+00:00
166,3936,4172,temporal,0.30013957322891727,probe,ARM_A,0.0,0,0.0,62.71,False,10,2026-08-18T15:17:41.355569+00:00,2026-08-18T15:30:06.575670+00:00
166,3936,4172,temporal,0.30013957322891727,probe,ARM_B,0.2,0,0.0,65.89,False,10,2026-08-18T15:17:41.355569+00:00,2026-08-18T15:30:06.575670+00:00
167,3860,3906,temporal,0.3002572268937542,probe,ARM_A,0.0,0,0.0,39.64,False,10,2026-08-18T15:17:41.355569+00:00,2026-08-18T15:30:06.575670+00:00
167,3860,3906,temporal,0.3002572268937542,probe,ARM_B,0.2,0,0.0,49.99,False,10,2026-08-18T15:17:41.355569+00:00,2026-08-18T15:30:06.575670+00:00
168,3822,4002,temporal,0.3003147691957321,probe,ARM_A,0.0,0,0.0,105.3,False,10,2026-08-18T15:17:41.355569+00:00,2026-08-18T15:30:06.575670+00:00
168,3822,4002,temporal,0.3003147691957321,probe,ARM_B,0.2,0,0.0,124.74,False,10,2026-08-18T15:17:41.355569+00:00,2026-08-18T15:30:06.575670+00:00
169,3907,3952,temporal,0.30038943592215617,probe,ARM_A,0.0,0,0.0,82.64,False,10,2026-08-18T15:17:41.355569+00:00,2026-08-18T15:30:06.575670+00:00
169,3907,3952,temporal,0.30038943592215617,probe,ARM_B,0.2,0,0.0,58.86,False,10,2026-08-18T15:17:41.355569+00:00,2026-08-18T15:30:06.575670+00:00
170,4054,4172,temporal,0.30042914157261147,probe,ARM_A,0.0,0,0.0,447.63,False,10,2026-08-18T15:17:41.355569+00:00,2026-08-18T15:30:06.575670+00:00
170,4054,4172,temporal,0.30042914157261147,probe,ARM_B,0.2,0,0.0,122.83,False,10,2026-08-18T15:17:41.355569+00:00,2026-08-18T15:30:06.575670+00:00
171,4005,4139,temporal,0.3005438565883727,probe,ARM_A,0.0,0,0.0,145.58,False,10,2026-08-18T15:17:41.355569+00:00,2026-08-18T15:30:06.575670+00:00
171,4005,4139,temporal,0.3005438565883727,probe,ARM_B,0.2,0,0.0,139.9,False,10,2026-08-18T15:17:41.355569+00:00,2026-08-18T15:30:06.575670+00:00
172,3952,4172,temporal,0.30088402634167877,probe,ARM_A,0.0,0,0.0,104.77,False,10,2026-08-18T15:17:41.355569+00:00,2026-08-18T15:30:06.575670+00:00
172,3952,4172,temporal,0.30088402634167877,probe,ARM_B,0.2,0,0.0,112.03,False,10,2026-08-18T15:17:41.355569+00:00,2026-08-18T15:30:06.575670+00:00
173,3952,4096,temporal,0.30091563763963114,probe,ARM_A,0.0,0,0.0,115.26,False,10,2026-08-18T15:17:41.355569+00:00,2026-08-18T15:30:06.575670+00:00
173,3952,4096,temporal,0.30091563763963114,probe,ARM_B,0.2,0,0.0,280.68,False,10,2026-08-18T15:17:41.355569+00:00,2026-08-18T15:30:06.575670+00:00
174,3883,4136,temporal,0.3009269894274482,probe,ARM_A,0.0,0,0.0,90.74,False,10,2026-08-18T15:17:41.355569+00:00,2026-08-18T15:30:06.575670+00:00
174,3883,4136,temporal,0.3009269894274482,probe,ARM_B,0.2,0,0.0,90.39,False,10,2026-08-18T15:17:41.355569+00:00,2026-08-18T15:30:06.575670+00:00
175,4456,4464,temporal,0.3012064964657871,probe,ARM_A,0.0,0,0.0,25.9,False,10,2026-08-18T15:17:41.355569+00:00,2026-08-18T15:30:06.575670+00:00
175,4456,4464,temporal,0.3012064964657871,probe,ARM_B,0.2,0,0.0,26.14,False,10,2026-08-18T15:17:41.355569+00:00,2026-08-18T15:30:06.575670+00:00
176,4456,4464,temporal,0.3012064964657871,probe,ARM_A,0.0,0,0.0,23.81,False,10,2026-08-18T15:17:41.355569+00:00,2026-08-18T15:30:06.575670+00:00
176,4456,4464,temporal,0.3012064964657871,probe,ARM_B,0.2,0,0.0,22.06,False,10,2026-08-18T15:17:41.355569+00:00,2026-08-18T15:30:06.575670+00:00
177,3822,4129,temporal,0.3012335390220149,probe,ARM_A,0.0,0,0.0,109.78,False,10,2026-08-18T15:17:41.355569+00:00,2026-08-18T15:30:06.575670+00:00
177,3822,4129,temporal,0.3012335390220149,probe,ARM_B,0.2,0,0.0,148.77,False,10,2026-08-18T15:17:41.355569+00:00,2026-08-18T15:30:06.575670+00:00
178,3909,4053,temporal,0.30143886191381886,probe,ARM_A,0.0,0,0.0,29.96,False,10,2026-08-18T15:17:41.355569+00:00,2026-08-18T15:30:06.575670+00:00
178,3909,4053,temporal,0.30143886191381886,probe,ARM_B,0.2,0,0.0,29.39,False,10,2026-08-18T15:17:41.355569+00:00,2026-08-18T15:30:06.575670+00:00
179,4134,4151,temporal,0.3015661537647333,probe,ARM_A,0.0,0,0.0,26.15,False,10,2026-08-18T15:17:41.355569+00:00,2026-08-18T15:30:06.575670+00:00
179,4134,4151,temporal,0.3015661537647333,probe,ARM_B,0.2,0,0.0,28.14,False,10,2026-08-18T15:17:41.355569+00:00,2026-08-18T15:30:06.575670+00:00
180,4025,4134,temporal,0.30166300515377675,probe,ARM_A,0.0,0,0.0,2012.0,False,10,2026-08-18T15:17:41.355569+00:00,2026-08-18T15:30:06.575670+00:00
180,4025,4134,temporal,0.30166300515377675,probe,ARM_B,0.2,0,0.0,213.44,False,10,2026-08-18T15:17:41.355569+00:00,2026-08-18T15:30:06.575670+00:00
181,3844,4045,temporal,0.3017025887966156,probe,ARM_A,0.0,0,0.0,291.85,False,10,2026-08-18T15:17:41.355569+00:00,2026-08-18T15:30:06.575670+00:00
181,3844,4045,temporal,0.3017025887966156,probe,ARM_B,0.2,0,0.0,177.0,False,10,2026-08-18T15:17:41.355569+00:00,2026-08-18T15:30:06.575670+00:00
182,3897,4045,temporal,0.3017283053751276,probe,ARM_A,0.0,0,0.0,68.75,False,10,2026-08-18T15:17:41.355569+00:00,2026-08-18T15:30:06.575670+00:00
182,3897,4045,temporal,0.3017283053751276,probe,ARM_B,0.2,0,0.0,80.08,False,10,2026-08-18T15:17:41.355569+00:00,2026-08-18T15:30:06.575670+00:00
183,4125,4172,temporal,0.3017623840712128,probe,ARM_A,0.0,0,0.0,41.69,False,10,2026-08-18T15:17:41.355569+00:00,2026-08-18T15:30:06.575670+00:00
183,4125,4172,temporal,0.3017623840712128,probe,ARM_B,0.2,0,0.0,32.95,False,10,2026-08-18T15:17:41.355569+00:00,2026-08-18T15:30:06.575670+00:00
184,3958,4125,temporal,0.30178708402149423,probe,ARM_A,0.0,0,0.0,47.87,False,10,2026-08-18T15:17:41.355569+00:00,2026-08-18T15:30:06.575670+00:00
184,3958,4125,temporal,0.30178708402149423,probe,ARM_B,0.2,0,0.0,49.99,False,10,2026-08-18T15:17:41.355569+00:00,2026-08-18T15:30:06.575670+00:00
185,3936,4045,temporal,0.301816472465291,probe,ARM_A,0.0,0,0.0,1476.96,False,10,2026-08-18T15:17:41.355569+00:00,2026-08-18T15:30:06.575670+00:00
185,3936,4045,temporal,0.301816472465291,probe,ARM_B,0.2,0,0.0,521.62,False,10,2026-08-18T15:17:41.355569+00:00,2026-08-18T15:30:06.575670+00:00
186,3952,4161,temporal,0.30187744520633975,probe,ARM_A,0.0,0,0.0,62.2,False,10,2026-08-18T15:17:41.355569+00:00,2026-08-18T15:30:06.575670+00:00
186,3952,4161,temporal,0.30187744520633975,probe,ARM_B,0.2,0,0.0,67.79,False,10,2026-08-18T15:17:41.355569+00:00,2026-08-18T15:30:06.575670+00:00
187,3951,3958,temporal,0.30191748434551235,probe,ARM_A,0.0,0,0.0,52.26,False,10,2026-08-18T15:17:41.355569+00:00,2026-08-18T15:30:06.575670+00:00
187,3951,3958,temporal,0.30191748434551235,probe,ARM_B,0.2,0,0.0,57.02,False,10,2026-08-18T15:17:41.355569+00:00,2026-08-18T15:30:06.575670+00:00
188,3884,4047,temporal,0.3019562903564501,probe,ARM_A,0.0,0,0.0,95.58,False,10,2026-08-18T15:17:41.355569+00:00,2026-08-18T15:30:06.575670+00:00
188,3884,4047,temporal,0.3019562903564501,probe,ARM_B,0.2,0,0.0,96.81,False,10,2026-08-18T15:17:41.355569+00:00,2026-08-18T15:30:06.575670+00:00
189,3876,4008,temporal,0.30228514380112737,probe,ARM_A,0.0,0,0.0,95.96,False,10,2026-08-18T15:17:41.355569+00:00,2026-08-18T15:30:06.575670+00:00
189,3876,4008,temporal,0.30228514380112737,probe,ARM_B,0.2,0,0.0,108.15,False,10,2026-08-18T15:17:41.355569+00:00,2026-08-18T15:30:06.575670+00:00
190,3822,4136,temporal,0.30229134268436875,probe,ARM_A,0.0,0,0.0,152.93,False,10,2026-08-18T15:17:41.355569+00:00,2026-08-18T15:30:06.575670+00:00
190,3822,4136,temporal,0.30229134268436875,probe,ARM_B,0.2,0,0.0,122.04,False,10,2026-08-18T15:17:41.355569+00:00,2026-08-18T15:30:06.575670+00:00
191,3850,3868,temporal,0.3025864543072261,probe,ARM_A,0.0,0,0.0,2081.47,False,10,2026-08-18T15:17:41.355569+00:00,2026-08-18T15:30:06.575670+00:00
191,3850,3868,temporal,0.3025864543072261,probe,ARM_B,0.2,0,0.0,123.19,False,10,2026-08-18T15:17:41.355569+00:00,2026-08-18T15:30:06.575670+00:00
192,3878,4139,temporal,0.30263686180114746,probe,ARM_A,0.0,0,0.0,106.74,False,10,2026-08-18T15:17:41.355569+00:00,2026-08-18T15:30:06.575670+00:00
192,3878,4139,temporal,0.30263686180114746,probe,ARM_B,0.2,0,0.0,87.65,False,10,2026-08-18T15:17:41.355569+00:00,2026-08-18T15:30:06.575670+00:00
193,4045,4060,temporal,0.3026628909908007,probe,ARM_A,0.0,0,0.0,50.67,False,10,2026-08-18T15:17:41.355569+00:00,2026-08-18T15:30:06.575670+00:00
193,4045,4060,temporal,0.3026628909908007,probe,ARM_B,0.2,0,0.0,48.82,False,10,2026-08-18T15:17:41.355569+00:00,2026-08-18T15:30:06.575670+00:00
194,5824,5854,temporal,0.30284846731568793,probe,ARM_A,0.0,0,0.0,51.01,False,10,2026-08-18T15:17:41.355569+00:00,2026-08-18T15:30:06.575670+00:00
194,5824,5854,temporal,0.30284846731568793,probe,ARM_B,0.2,0,0.0,27.5,False,10,2026-08-18T15:17:41.355569+00:00,2026-08-18T15:30:06.575670+00:00
195,7021,7144,temporal,0.3029091538732789,probe,ARM_A,0.0,0,0.0,25.49,False,10,2026-08-18T15:17:41.355569+00:00,2026-08-18T15:30:06.575670+00:00
195,7021,7144,temporal,0.3029091538732789,probe,ARM_B,0.2,0,0.0,21.43,False,10,2026-08-18T15:17:41.355569+00:00,2026-08-18T15:30:06.575670+00:00
196,3857,4006,temporal,0.30322569608688354,probe,ARM_A,0.0,0,0.0,100.93,False,10,2026-08-18T15:17:41.355569+00:00,2026-08-18T15:30:06.575670+00:00
196,3857,4006,temporal,0.30322569608688354,probe,ARM_B,0.2,0,0.0,102.26,False,10,2026-08-18T15:17:41.355569+00:00,2026-08-18T15:30:06.575670+00:00
197,3876,4047,temporal,0.3034489724143422,probe,ARM_A,0.0,0,0.0,2190.82,False,10,2026-08-18T15:17:41.355569+00:00,2026-08-18T15:30:06.575670+00:00
197,3876,4047,temporal,0.3034489724143422,probe,ARM_B,0.2,0,0.0,159.69,False,10,2026-08-18T15:17:41.355569+00:00,2026-08-18T15:30:06.575670+00:00
198,4012,4092,temporal,0.30356624456342274,probe,ARM_A,0.0,0,0.0,74.76,False,10,2026-08-18T15:17:41.355569+00:00,2026-08-18T15:30:06.575670+00:00
198,4012,4092,temporal,0.30356624456342274,probe,ARM_B,0.2,0,0.0,47.48,False,10,2026-08-18T15:17:41.355569+00:00,2026-08-18T15:30:06.575670+00:00
199,3846,4155,temporal,0.3036183571246811,probe,ARM_A,0.0,0,0.0,131.96,False,10,2026-08-18T15:17:41.355569+00:00,2026-08-18T15:30:06.575670+00:00
199,3846,4155,temporal,0.3036183571246811,probe,ARM_B,0.2,0,0.0,88.4,False,10,2026-08-18T15:17:41.355569+00:00,2026-08-18T15:30:06.575670+00:00
200,4045,4084,temporal,0.30381502531856497,probe,ARM_A,0.0,0,0.0,46.09,False,10,2026-08-18T15:17:41.355569+00:00,2026-08-18T15:30:06.575670+00:00
200,4045,4084,temporal,0.30381502531856497,probe,ARM_B,0.2,0,0.0,43.37,False,10,2026-08-18T15:17:41.355569+00:00,2026-08-18T15:30:06.575670+00:00
201,3958,4053,temporal,0.30400220084151064,probe,ARM_A,0.0,0,0.0,42.64,False,10,2026-08-18T15:17:41.355569+00:00,2026-08-18T15:30:06.575670+00:00
201,3958,4053,temporal,0.30400220084151064,probe,ARM_B,0.2,0,0.0,40.07,False,10,2026-08-18T15:17:41.355569+00:00,2026-08-18T15:30:06.575670+00:00
202,3955,3958,temporal,0.3041302445012526,probe,ARM_A,0.0,0,0.0,71.33,False,10,2026-08-18T15:17:41.355569+00:00,2026-08-18T15:30:06.575670+00:00
202,3955,3958,temporal,0.3041302445012526,probe,ARM_B,0.2,0,0.0,68.82,False,10,2026-08-18T15:17:41.355569+00:00,2026-08-18T15:30:06.575670+00:00
203,3955,3958,temporal,0.3041302445012526,probe,ARM_A,0.0,0,0.0,346.64,False,10,2026-08-18T15:17:41.355569+00:00,2026-08-18T15:30:06.575670+00:00
203,3955,3958,temporal,0.3041302445012526,probe,ARM_B,0.2,0,0.0,110.92,False,10,2026-08-18T15:17:41.355569+00:00,2026-08-18T15:30:06.575670+00:00
204,3860,3905,temporal,0.30416293243478165,probe,ARM_A,0.0,0,0.0,153.32,False,10,2026-08-18T15:17:41.355569+00:00,2026-08-18T15:30:06.575670+00:00
204,3860,3905,temporal,0.30416293243478165,probe,ARM_B,0.2,0,0.0,159.94,False,10,2026-08-18T15:17:41.355569+00:00,2026-08-18T15:30:06.575670+00:00
205,3927,4053,temporal,0.3042265410153242,probe,ARM_A,0.0,0,0.0,118.57,False,10,2026-08-18T15:17:41.355569+00:00,2026-08-18T15:30:06.575670+00:00
205,3927,4053,temporal,0.3042265410153242,probe,ARM_B,0.2,0,0.0,130.75,False,10,2026-08-18T15:17:41.355569+00:00,2026-08-18T15:30:06.575670+00:00
206,4045,4174,temporal,0.30439205791902935,probe,ARM_A,0.0,0,0.0,152.9,False,10,2026-08-18T15:17:41.355569+00:00,2026-08-18T15:30:06.575670+00:00
206,4045,4174,temporal,0.30439205791902935,probe,ARM_B,0.2,0,0.0,107.75,False,10,2026-08-18T15:17:41.355569+00:00,2026-08-18T15:30:06.575670+00:00
207,3958,4155,temporal,0.30453358915648887,probe,ARM_A,0.0,0,0.0,45.9,False,10,2026-08-18T15:17:41.355569+00:00,2026-08-18T15:30:06.575670+00:00
207,3958,4155,temporal,0.30453358915648887,probe,ARM_B,0.2,0,0.0,32.8,False,10,2026-08-18T15:17:41.355569+00:00,2026-08-18T15:30:06.575670+00:00
208,3876,4060,temporal,0.3045733778305848,probe,ARM_A,0.0,0,0.0,107.59,False,10,2026-08-18T15:17:41.355569+00:00,2026-08-18T15:30:06.575670+00:00
208,3876,4060,temporal,0.3045733778305848,probe,ARM_B,0.2,0,0.0,93.56,False,10,2026-08-18T15:17:41.355569+00:00,2026-08-18T15:30:06.575670+00:00
209,3822,3867,temporal,0.3046704893911474,probe,ARM_A,0.0,0,0.0,116.92,False,10,2026-08-18T15:17:41.355569+00:00,2026-08-18T15:30:06.575670+00:00
209,3822,3867,temporal,0.3046704893911474,probe,ARM_B,0.2,0,0.0,108.54,False,10,2026-08-18T15:17:41.355569+00:00,2026-08-18T15:30:06.575670+00:00
210,3950,4025,temporal,0.30481125087671024,probe,ARM_A,0.0,0,0.0,73.65,False,10,2026-08-18T15:17:41.355569+00:00,2026-08-18T15:30:06.575670+00:00
210,3950,4025,temporal,0.30481125087671024,probe,ARM_B,0.2,0,0.0,91.96,False,10,2026-08-18T15:17:41.355569+00:00,2026-08-18T15:30:06.575670+00:00
211,3951,4161,temporal,0.3048405803502483,probe,ARM_A,0.0,0,0.0,44.82,False,10,2026-08-18T15:17:41.355569+00:00,2026-08-18T15:30:06.575670+00:00
211,3951,4161,temporal,0.3048405803502483,probe,ARM_B,0.2,0,0.0,44.86,False,10,2026-08-18T15:17:41.355569+00:00,2026-08-18T15:30:06.575670+00:00
212,4136,4172,temporal,0.30485765962944433,probe,ARM_A,0.0,0,0.0,25.69,False,10,2026-08-18T15:17:41.355569+00:00,2026-08-18T15:30:06.575670+00:00
212,4136,4172,temporal,0.30485765962944433,probe,ARM_B,0.2,0,0.0,334.63,False,10,2026-08-18T15:17:41.355569+00:00,2026-08-18T15:30:06.575670+00:00
213,3851,3952,temporal,0.30490612983703613,probe,ARM_A,0.0,0,0.0,157.84,False,10,2026-08-18T15:17:41.355569+00:00,2026-08-18T15:30:06.575670+00:00
213,3851,3952,temporal,0.30490612983703613,probe,ARM_B,0.2,0,0.0,157.52,False,10,2026-08-18T15:17:41.355569+00:00,2026-08-18T15:30:06.575670+00:00
214,4608,4611,temporal,0.3050561314888178,probe,ARM_A,0.0,0,0.0,150.81,False,10,2026-08-18T15:17:41.355569+00:00,2026-08-18T15:30:06.575670+00:00
214,4608,4611,temporal,0.3050561314888178,probe,ARM_B,0.2,0,0.0,146.05,False,10,2026-08-18T15:17:41.355569+00:00,2026-08-18T15:30:06.575670+00:00
215,4608,4611,temporal,0.3050561314888178,probe,ARM_A,0.0,0,0.0,161.13,False,10,2026-08-18T15:17:41.355569+00:00,2026-08-18T15:30:06.575670+00:00
215,4608,4611,temporal,0.3050561314888178,probe,ARM_B,0.2,0,0.0,128.18,False,10,2026-08-18T15:17:41.355569+00:00,2026-08-18T15:30:06.575670+00:00
216,4053,4155,temporal,0.30540713667870434,probe,ARM_A,0.0,0,0.0,96.57,False,10,2026-08-18T15:17:41.355569+00:00,2026-08-18T15:30:06.575670+00:00
216,4053,4155,temporal,0.30540713667870434,probe,ARM_B,0.2,0,0.0,98.25,False,10,2026-08-18T15:17:41.355569+00:00,2026-08-18T15:30:06.575670+00:00
217,3880,4045,temporal,0.3054218656327585,probe,ARM_A,0.0,0,0.0,158.25,False,10,2026-08-18T15:17:41.355569+00:00,2026-08-18T15:30:06.575670+00:00
217,3880,4045,temporal,0.3054218656327585,probe,ARM_B,0.2,0,0.0,186.54,False,10,2026-08-18T15:17:41.355569+00:00,2026-08-18T15:30:06.575670+00:00
218,3952,4087,temporal,0.3057591087531002,probe,ARM_A,0.0,0,0.0,108.08,False,10,2026-08-18T15:17:41.355569+00:00,2026-08-18T15:30:06.575670+00:00
218,3952,4087,temporal,0.3057591087531002,probe,ARM_B,0.2,0,0.0,111.06,False,10,2026-08-18T15:17:41.355569+00:00,2026-08-18T15:30:06.575670+00:00
219,4037,4085,temporal,0.3059345848482373,probe,ARM_A,0.0,0,0.0,83.78,False,10,2026-08-18T15:17:41.355569+00:00,2026-08-18T15:30:06.575670+00:00
219,4037,4085,temporal,0.3059345848482373,probe,ARM_B,0.2,0,0.0,96.49,False,10,2026-08-18T15:17:41.355569+00:00,2026-08-18T15:30:06.575670+00:00
220,3808,4025,temporal,0.30593830102130604,probe,ARM_A,0.0,0,0.0,153.05,False,10,2026-08-18T15:17:41.355569+00:00,2026-08-18T15:30:06.575670+00:00
220,3808,4025,temporal,0.30593830102130604,probe,ARM_B,0.2,0,0.0,2191.94,False,10,2026-08-18T15:17:41.355569+00:00,2026-08-18T15:30:06.575670+00:00
221,3846,4084,temporal,0.3060127472292855,probe,ARM_A,0.0,0,0.0,230.98,False,10,2026-08-18T15:17:41.355569+00:00,2026-08-18T15:30:06.575670+00:00
221,3846,4084,temporal,0.3060127472292855,probe,ARM_B,0.2,0,0.0,258.12,False,10,2026-08-18T15:17:41.355569+00:00,2026-08-18T15:30:06.575670+00:00
222,3941,4047,temporal,0.30615887715326273,probe,ARM_A,0.0,0,0.0,81.74,False,10,2026-08-18T15:17:41.355569+00:00,2026-08-18T15:30:06.575670+00:00
222,3941,4047,temporal,0.30615887715326273,probe,ARM_B,0.2,0,0.0,74.13,False,10,2026-08-18T15:17:41.355569+00:00,2026-08-18T15:30:06.575670+00:00
223,3951,4013,temporal,0.3062183352177841,probe,ARM_A,0.0,0,0.0,46.48,False,10,2026-08-18T15:17:41.355569+00:00,2026-08-18T15:30:06.575670+00:00
223,3951,4013,temporal,0.3062183352177841,probe,ARM_B,0.2,0,0.0,51.0,False,10,2026-08-18T15:17:41.355569+00:00,2026-08-18T15:30:06.575670+00:00
224,3804,4045,temporal,0.30635910985104353,probe,ARM_A,0.0,0,0.0,95.38,False,10,2026-08-18T15:17:41.355569+00:00,2026-08-18T15:30:06.575670+00:00
224,3804,4045,temporal,0.30635910985104353,probe,ARM_B,0.2,0,0.0,56.39,False,10,2026-08-18T15:17:41.355569+00:00,2026-08-18T15:30:06.575670+00:00
225,3898,4047,temporal,0.306461311156906,probe,ARM_A,0.0,0,0.0,2139.03,False,10,2026-08-18T15:17:41.355569+00:00,2026-08-18T15:30:06.575670+00:00
225,3898,4047,temporal,0.306461311156906,probe,ARM_B,0.2,0,0.0,89.82,False,10,2026-08-18T15:17:41.355569+00:00,2026-08-18T15:30:06.575670+00:00
226,3860,4172,temporal,0.3065015120956488,probe,ARM_A,0.0,0,0.0,47.21,False,10,2026-08-18T15:17:41.355569+00:00,2026-08-18T15:30:06.575670+00:00
226,3860,4172,temporal,0.3065015120956488,probe,ARM_B,0.2,0,0.0,50.25,False,10,2026-08-18T15:17:41.355569+00:00,2026-08-18T15:30:06.575670+00:00
227,3851,3904,temporal,0.30674160678734785,probe,ARM_A,0.0,0,0.0,46.74,False,10,2026-08-18T15:17:41.355569+00:00,2026-08-18T15:30:06.575670+00:00
227,3851,3904,temporal,0.30674160678734785,probe,ARM_B,0.2,0,0.0,43.04,False,10,2026-08-18T15:17:41.355569+00:00,2026-08-18T15:30:06.575670+00:00
228,3896,4049,temporal,0.3068169033661763,probe,ARM_A,0.0,0,0.0,37.19,False,10,2026-08-18T15:17:41.355569+00:00,2026-08-18T15:30:06.575670+00:00
228,3896,4049,temporal,0.3068169033661763,probe,ARM_B,0.2,0,0.0,39.74,False,10,2026-08-18T15:17:41.355569+00:00,2026-08-18T15:30:06.575670+00:00
229,3856,4045,temporal,0.3068663454234325,probe,ARM_A,0.0,0,0.0,64.08,False,10,2026-08-18T15:17:41.355569+00:00,2026-08-18T15:30:06.575670+00:00
229,3856,4045,temporal,0.3068663454234325,probe,ARM_B,0.2,0,0.0,48.25,False,10,2026-08-18T15:17:41.355569+00:00,2026-08-18T15:30:06.575670+00:00
230,4045,4129,temporal,0.3069003224372864,probe,ARM_A,0.0,0,0.0,49.01,False,10,2026-08-18T15:17:41.355569+00:00,2026-08-18T15:30:06.575670+00:00
230,4045,4129,temporal,0.3069003224372864,probe,ARM_B,0.2,0,0.0,43.37,False,10,2026-08-18T15:17:41.355569+00:00,2026-08-18T15:30:06.575670+00:00
231,3807,4047,temporal,0.3069108081300518,probe,ARM_A,0.0,0,0.0,125.11,False,10,2026-08-18T15:17:41.355569+00:00,2026-08-18T15:30:06.575670+00:00
231,3807,4047,temporal,0.3069108081300518,probe,ARM_B,0.2,0,0.0,2156.29,False,10,2026-08-18T15:17:41.355569+00:00,2026-08-18T15:30:06.575670+00:00
232,3908,4045,temporal,0.3070419728755951,probe,ARM_A,0.0,0,0.0,43.65,False,10,2026-08-18T15:17:41.355569+00:00,2026-08-18T15:30:06.575670+00:00
232,3908,4045,temporal,0.3070419728755951,probe,ARM_B,0.2,0,0.0,33.67,False,10,2026-08-18T15:17:41.355569+00:00,2026-08-18T15:30:06.575670+00:00
233,4053,4087,temporal,0.30707079172135265,probe,ARM_A,0.0,0,0.0,63.89,False,10,2026-08-18T15:17:41.355569+00:00,2026-08-18T15:30:06.575670+00:00
233,4053,4087,temporal,0.30707079172135265,probe,ARM_B,0.2,0,0.0,60.34,False,10,2026-08-18T15:17:41.355569+00:00,2026-08-18T15:30:06.575670+00:00
234,3954,4053,temporal,0.30708760257772527,probe,ARM_A,0.0,0,0.0,76.7,False,10,2026-08-18T15:17:41.355569+00:00,2026-08-18T15:30:06.575670+00:00
234,3954,4053,temporal,0.30708760257772527,probe,ARM_B,0.2,0,0.0,36.95,False,10,2026-08-18T15:17:41.355569+00:00,2026-08-18T15:30:06.575670+00:00
235,4053,4118,temporal,0.30715646658462903,probe,ARM_A,0.0,0,0.0,74.21,False,10,2026-08-18T15:17:41.355569+00:00,2026-08-18T15:30:06.575670+00:00
235,4053,4118,temporal,0.30715646658462903,probe,ARM_B,0.2,0,0.0,95.69,False,10,2026-08-18T15:17:41.355569+00:00,2026-08-18T15:30:06.575670+00:00
236,3859,3878,temporal,0.3072476616802641,probe,ARM_A,0.0,0,0.0,133.33,False,10,2026-08-18T15:17:41.355569+00:00,2026-08-18T15:30:06.575670+00:00
236,3859,3878,temporal,0.3072476616802641,probe,ARM_B,0.2,0,0.0,91.39,False,10,2026-08-18T15:17:41.355569+00:00,2026-08-18T15:30:06.575670+00:00
237,4045,4055,temporal,0.307321541628656,probe,ARM_A,0.0,0,0.0,51.05,False,10,2026-08-18T15:17:41.355569+00:00,2026-08-18T15:30:06.575670+00:00
237,4045,4055,temporal,0.307321541628656,probe,ARM_B,0.2,0,0.0,339.7,False,10,2026-08-18T15:17:41.355569+00:00,2026-08-18T15:30:06.575670+00:00
238,3846,4050,temporal,0.3075417967898191,probe,ARM_A,0.0,0,0.0,1583.26,False,10,2026-08-18T15:17:41.355569+00:00,2026-08-18T15:30:06.575670+00:00
238,3846,4050,temporal,0.3075417967898191,probe,ARM_B,0.2,0,0.0,772.46,False,10,2026-08-18T15:17:41.355569+00:00,2026-08-18T15:30:06.575670+00:00
239,3941,4045,temporal,0.30769382761084063,probe,ARM_A,0.0,0,0.0,115.21,False,10,2026-08-18T15:17:41.355569+00:00,2026-08-18T15:30:06.575670+00:00
239,3941,4045,temporal,0.30769382761084063,probe,ARM_B,0.2,0,0.0,79.09,False,10,2026-08-18T15:17:41.355569+00:00,2026-08-18T15:30:06.575670+00:00
240,3905,3997,temporal,0.30777361760499755,probe,ARM_A,0.0,0,0.0,65.1,False,10,2026-08-18T15:17:41.355569+00:00,2026-08-18T15:30:06.575670+00:00
240,3905,3997,temporal,0.30777361760499755,probe,ARM_B,0.2,0,0.0,63.65,False,10,2026-08-18T15:17:41.355569+00:00,2026-08-18T15:30:06.575670+00:00
241,3949,4045,temporal,0.3078887141843494,probe,ARM_A,0.0,0,0.0,82.51,False,10,2026-08-18T15:17:41.355569+00:00,2026-08-18T15:30:06.575670+00:00
241,3949,4045,temporal,0.3078887141843494,probe,ARM_B,0.2,0,0.0,67.94,False,10,2026-08-18T15:17:41.355569+00:00,2026-08-18T15:30:06.575670+00:00
242,3822,4085,temporal,0.3078931065765951,probe,ARM_A,0.0,0,0.0,2057.98,False,10,2026-08-18T15:17:41.355569+00:00,2026-08-18T15:30:06.575670+00:00
242,3822,4085,temporal,0.3078931065765951,probe,ARM_B,0.2,0,0.0,177.41,False,10,2026-08-18T15:17:41.355569+00:00,2026-08-18T15:30:06.575670+00:00
243,6997,7144,temporal,0.3080700200900477,probe,ARM_A,0.0,0,0.0,29.35,False,10,2026-08-18T15:17:41.355569+00:00,2026-08-18T15:30:06.575670+00:00
243,6997,7144,temporal,0.3080700200900477,probe,ARM_B,0.2,0,0.0,21.91,False,10,2026-08-18T15:17:41.355569+00:00,2026-08-18T15:30:06.575670+00:00
244,3908,4048,temporal,0.30813427165372564,probe,ARM_A,0.0,0,0.0,45.0,False,10,2026-08-18T15:17:41.355569+00:00,2026-08-18T15:30:06.575670+00:00
244,3908,4048,temporal,0.30813427165372564,probe,ARM_B,0.2,0,0.0,34.64,False,10,2026-08-18T15:17:41.355569+00:00,2026-08-18T15:30:06.575670+00:00
245,3906,4136,temporal,0.30815962650294837,probe,ARM_A,0.0,0,0.0,50.13,False,10,2026-08-18T15:17:41.355569+00:00,2026-08-18T15:30:06.575670+00:00
245,3906,4136,temporal,0.30815962650294837,probe,ARM_B,0.2,0,0.0,54.72,False,10,2026-08-18T15:17:41.355569+00:00,2026-08-18T15:30:06.575670+00:00
246,6970,7144,temporal,0.30821492818860974,probe,ARM_A,0.0,0,0.0,27.81,False,10,2026-08-18T15:17:41.355569+00:00,2026-08-18T15:30:06.575670+00:00
246,6970,7144,temporal,0.30821492818860974,probe,ARM_B,0.2,0,0.0,22.87,False,10,2026-08-18T15:17:41.355569+00:00,2026-08-18T15:30:06.575670+00:00
247,3846,4047,temporal,0.30835106745520857,probe,ARM_A,0.0,0,0.0,88.81,False,10,2026-08-18T15:17:41.355569+00:00,2026-08-18T15:30:06.575670+00:00
247,3846,4047,temporal,0.30835106745520857,probe,ARM_B,0.2,0,0.0,99.26,False,10,2026-08-18T15:17:41.355569+00:00,2026-08-18T15:30:06.575670+00:00
248,6972,7144,temporal,0.30855006677509367,probe,ARM_A,0.0,0,0.0,29.89,False,10,2026-08-18T15:17:41.355569+00:00,2026-08-18T15:30:06.575670+00:00
248,6972,7144,temporal,0.30855006677509367,probe,ARM_B,0.2,0,0.0,306.42,False,10,2026-08-18T15:17:41.355569+00:00,2026-08-18T15:30:06.575670+00:00
249,3877,4092,temporal,0.3086269909961874,probe,ARM_A,0.0,0,0.0,1603.45,False,10,2026-08-18T15:17:41.355569+00:00,2026-08-18T15:30:06.575670+00:00
249,3877,4092,temporal,0.3086269909961874,probe,ARM_B,0.2,0,0.0,76.0,False,10,2026-08-18T15:17:41.355569+00:00,2026-08-18T15:30:06.575670+00:00
250,4127,4154,temporal,0.3086446891599546,probe,ARM_A,0.0,0,0.0,33.31,False,10,2026-08-18T15:17:41.355569+00:00,2026-08-18T15:30:06.575670+00:00
250,4127,4154,temporal,0.3086446891599546,probe,ARM_B,0.2,0,0.0,28.33,False,10,2026-08-18T15:17:41.355569+00:00,2026-08-18T15:30:06.575670+00:00
251,3851,3878,temporal,0.30869460105895996,probe,ARM_A,0.0,0,0.0,44.98,False,10,2026-08-18T15:17:41.355569+00:00,2026-08-18T15:30:06.575670+00:00
251,3851,3878,temporal,0.30869460105895996,probe,ARM_B,0.2,0,0.0,49.38,False,10,2026-08-18T15:17:41.355569+00:00,2026-08-18T15:30:06.575670+00:00
252,3905,4060,temporal,0.3088685068150945,probe,ARM_A,0.0,0,0.0,45.51,False,10,2026-08-18T15:17:41.355569+00:00,2026-08-18T15:30:06.575670+00:00
252,3905,4060,temporal,0.3088685068150945,probe,ARM_B,0.2,0,0.0,43.91,False,10,2026-08-18T15:17:41.355569+00:00,2026-08-18T15:30:06.575670+00:00
253,3851,4092,temporal,0.30895986014365373,probe,ARM_A,0.0,0,0.0,49.61,False,10,2026-08-18T15:17:41.355569+00:00,2026-08-18T15:30:06.575670+00:00
253,3851,4092,temporal,0.30895986014365373,probe,ARM_B,0.2,0,0.0,51.99,False,10,2026-08-18T15:17:41.355569+00:00,2026-08-18T15:30:06.575670+00:00
254,3857,4136,temporal,0.309039831161499,probe,ARM_A,0.0,0,0.0,151.67,False,10,2026-08-18T15:17:41.355569+00:00,2026-08-18T15:30:06.575670+00:00
254,3857,4136,temporal,0.309039831161499,probe,ARM_B,0.2,0,0.0,107.73,False,10,2026-08-18T15:17:41.355569+00:00,2026-08-18T15:30:06.575670+00:00
255,3906,3955,temporal,0.30906616069463744,probe,ARM_A,0.0,0,0.0,74.18,False,10,2026-08-18T15:17:41.355569+00:00,2026-08-18T15:30:06.575670+00:00
255,3906,3955,temporal,0.30906616069463744,probe,ARM_B,0.2,0,0.0,320.38,False,10,2026-08-18T15:17:41.355569+00:00,2026-08-18T15:30:06.575670+00:00
256,3880,4134,temporal,0.30907285213471336,probe,ARM_A,0.0,0,0.0,1622.37,False,10,2026-08-18T15:17:41.355569+00:00,2026-08-18T15:30:06.575670+00:00
256,3880,4134,temporal,0.30907285213471336,probe,ARM_B,0.2,0,0.0,122.01,False,10,2026-08-18T15:17:41.355569+00:00,2026-08-18T15:30:06.575670+00:00
257,3851,4119,temporal,0.3091480916230739,probe,ARM_A,0.0,0,0.0,78.84,False,10,2026-08-18T15:17:41.355569+00:00,2026-08-18T15:30:06.575670+00:00
257,3851,4119,temporal,0.3091480916230739,probe,ARM_B,0.2,0,0.0,46.38,False,10,2026-08-18T15:17:41.355569+00:00,2026-08-18T15:30:06.575670+00:00
258,4049,4134,temporal,0.30916620222230473,probe,ARM_A,0.0,0,0.0,35.88,False,10,2026-08-18T15:17:41.355569+00:00,2026-08-18T15:30:06.575670+00:00
258,4049,4134,temporal,0.30916620222230473,probe,ARM_B,0.2,0,0.0,31.73,False,10,2026-08-18T15:17:41.355569+00:00,2026-08-18T15:30:06.575670+00:00
259,3894,4006,temporal,0.3092602583545525,probe,ARM_A,0.0,0,0.0,71.6,False,10,2026-08-18T15:17:41.355569+00:00,2026-08-18T15:30:06.575670+00:00
259,3894,4006,temporal,0.3092602583545525,probe,ARM_B,0.2,0,0.0,77.44,False,10,2026-08-18T15:17:41.355569+00:00,2026-08-18T15:30:06.575670+00:00
260,3867,4127,temporal,0.30927631043878123,probe,ARM_A,0.0,0,0.0,67.6,False,10,2026-08-18T15:17:41.355569+00:00,2026-08-18T15:30:06.575670+00:00
260,3867,4127,temporal,0.30927631043878123,probe,ARM_B,0.2,0,0.0,59.62,False,10,2026-08-18T15:17:41.355569+00:00,2026-08-18T15:30:06.575670+00:00
261,3939,4045,temporal,0.30932436100535154,probe,ARM_A,0.0,0,0.0,36.87,False,10,2026-08-18T15:17:41.355569+00:00,2026-08-18T15:30:06.575670+00:00
261,3939,4045,temporal,0.30932436100535154,probe,ARM_B,0.2,0,0.0,27.43,False,10,2026-08-18T15:17:41.355569+00:00,2026-08-18T15:30:06.575670+00:00
262,3822,4053,temporal,0.30943703865078087,probe,ARM_A,0.0,0,0.0,91.58,False,10,2026-08-18T15:17:41.355569+00:00,2026-08-18T15:30:06.575670+00:00
262,3822,4053,temporal,0.30943703865078087,probe,ARM_B,0.2,0,0.0,2020.94,False,10,2026-08-18T15:17:41.355569+00:00,2026-08-18T15:30:06.575670+00:00
263,3851,4006,temporal,0.30950474739074707,probe,ARM_A,0.0,0,0.0,68.68,False,10,2026-08-18T15:17:41.355569+00:00,2026-08-18T15:30:06.575670+00:00
263,3851,4006,temporal,0.30950474739074707,probe,ARM_B,0.2,0,0.0,53.19,False,10,2026-08-18T15:17:41.355569+00:00,2026-08-18T15:30:06.575670+00:00
264,3822,4120,temporal,0.3095092681196563,probe,ARM_A,0.0,0,0.0,111.75,False,10,2026-08-18T15:17:41.355569+00:00,2026-08-18T15:30:06.575670+00:00
264,3822,4120,temporal,0.3095092681196563,probe,ARM_B,0.2,0,0.0,102.73,False,10,2026-08-18T15:17:41.355569+00:00,2026-08-18T15:30:06.575670+00:00
265,4005,4050,temporal,0.3095209414052408,probe,ARM_A,0.0,0,0.0,49.32,False,10,2026-08-18T15:17:41.355569+00:00,2026-08-18T15:30:06.575670+00:00
265,4005,4050,temporal,0.3095209414052408,probe,ARM_B,0.2,0,0.0,58.81,False,10,2026-08-18T15:17:41.355569+00:00,2026-08-18T15:30:06.575670+00:00
266,3908,4040,temporal,0.30983293056488037,probe,ARM_A,0.0,0,0.0,40.74,False,10,2026-08-18T15:17:41.355569+00:00,2026-08-18T15:30:06.575670+00:00
266,3908,4040,temporal,0.30983293056488037,probe,ARM_B,0.2,0,0.0,30.16,False,10,2026-08-18T15:17:41.355569+00:00,2026-08-18T15:30:06.575670+00:00
267,3952,4174,temporal,0.31008942783411964,probe,ARM_A,0.0,0,0.0,42.58,False,10,2026-08-18T15:17:41.355569+00:00,2026-08-18T15:30:06.575670+00:00
267,3952,4174,temporal,0.31008942783411964,probe,ARM_B,0.2,0,0.0,43.01,False,10,2026-08-18T15:17:41.355569+00:00,2026-08-18T15:30:06.575670+00:00
268,4115,4127,temporal,0.3101122471723632,probe,ARM_A,0.0,0,0.0,40.09,False,10,2026-08-18T15:17:41.355569+00:00,2026-08-18T15:30:06.575670+00:00
268,4115,4127,temporal,0.3101122471723632,probe,ARM_B,0.2,0,0.0,31.35,False,10,2026-08-18T15:17:41.355569+00:00,2026-08-18T15:30:06.575670+00:00
269,3844,3971,temporal,0.3101825210506477,probe,ARM_A,0.0,0,0.0,2128.62,False,10,2026-08-18T15:17:41.355569+00:00,2026-08-18T15:30:06.575670+00:00
269,3844,3971,temporal,0.3101825210506477,probe,ARM_B,0.2,0,0.0,295.22,False,10,2026-08-18T15:17:41.355569+00:00,2026-08-18T15:30:06.575670+00:00
270,3822,4115,temporal,0.3102141803630698,probe,ARM_A,0.0,0,0.0,138.59,False,10,2026-08-18T15:17:41.355569+00:00,2026-08-18T15:30:06.575670+00:00
270,3822,4115,temporal,0.3102141803630698,probe,ARM_B,0.2,0,0.0,202.99,False,10,2026-08-18T15:17:41.355569+00:00,2026-08-18T15:30:06.575670+00:00
271,3908,4172,temporal,0.310307491440028,probe,ARM_A,0.0,0,0.0,55.78,False,10,2026-08-18T15:17:41.355569+00:00,2026-08-18T15:30:06.575670+00:00
271,3908,4172,temporal,0.310307491440028,probe,ARM_B,0.2,0,0.0,301.31,False,10,2026-08-18T15:17:41.355569+00:00,2026-08-18T15:30:06.575670+00:00
272,3894,3970,temporal,0.31036443443192363,probe,ARM_A,0.0,0,0.0,103.85,False,10,2026-08-18T15:17:41.355569+00:00,2026-08-18T15:30:06.575670+00:00
272,3894,3970,temporal,0.31036443443192363,probe,ARM_B,0.2,0,0.0,81.56,False,10,2026-08-18T15:17:41.355569+00:00,2026-08-18T15:30:06.575670+00:00
273,3968,4053,temporal,0.3104224914060587,probe,ARM_A,0.0,0,0.0,207.31,False,10,2026-08-18T15:17:41.355569+00:00,2026-08-18T15:30:06.575670+00:00
273,3968,4053,temporal,0.3104224914060587,probe,ARM_B,0.2,0,0.0,121.66,False,10,2026-08-18T15:17:41.355569+00:00,2026-08-18T15:30:06.575670+00:00
274,3851,4142,temporal,0.3105582183932202,probe,ARM_A,0.0,0,0.0,171.08,False,10,2026-08-18T15:17:41.355569+00:00,2026-08-18T15:30:06.575670+00:00
274,3851,4142,temporal,0.3105582183932202,probe,ARM_B,0.2,0,0.0,158.66,False,10,2026-08-18T15:17:41.355569+00:00,2026-08-18T15:30:06.575670+00:00
275,3952,4147,temporal,0.3107602298259735,probe,ARM_A,0.0,0,0.0,114.56,False,10,2026-08-18T15:17:41.355569+00:00,2026-08-18T15:30:06.575670+00:00
275,3952,4147,temporal,0.3107602298259735,probe,ARM_B,0.2,0,0.0,118.09,False,10,2026-08-18T15:17:41.355569+00:00,2026-08-18T15:30:06.575670+00:00
276,3906,3958,temporal,0.31086500351816926,probe,ARM_A,0.0,0,0.0,160.64,False,10,2026-08-18T15:17:41.355569+00:00,2026-08-18T15:30:06.575670+00:00
276,3906,3958,temporal,0.31086500351816926,probe,ARM_B,0.2,0,0.0,152.91,False,10,2026-08-18T15:17:41.355569+00:00,2026-08-18T15:30:06.575670+00:00
277,4048,4134,temporal,0.3109117818965851,probe,ARM_A,0.0,0,0.0,42.24,False,10,2026-08-18T15:17:41.355569+00:00,2026-08-18T15:30:06.575670+00:00
277,4048,4134,temporal,0.3109117818965851,probe,ARM_B,0.2,0,0.0,35.09,False,10,2026-08-18T15:17:41.355569+00:00,2026-08-18T15:30:06.575670+00:00
278,3846,3949,temporal,0.31096879374608977,probe,ARM_A,0.0,0,0.0,77.19,False,10,2026-08-18T15:17:41.355569+00:00,2026-08-18T15:30:06.575670+00:00
278,3846,3949,temporal,0.31096879374608977,probe,ARM_B,0.2,0,0.0,72.7,False,10,2026-08-18T15:17:41.355569+00:00,2026-08-18T15:30:06.575670+00:00
279,4096,4172,temporal,0.3110303560820542,probe,ARM_A,0.0,0,0.0,35.58,False,10,2026-08-18T15:17:41.355569+00:00,2026-08-18T15:30:06.575670+00:00
279,4096,4172,temporal,0.3110303560820542,probe,ARM_B,0.2,0,0.0,35.78,False,10,2026-08-18T15:17:41.355569+00:00,2026-08-18T15:30:06.575670+00:00
280,4197,4200,temporal,0.3110474944114685,probe,ARM_A,0.0,0,0.0,46.16,False,10,2026-08-18T15:17:41.355569+00:00,2026-08-18T15:30:06.575670+00:00
280,4197,4200,temporal,0.3110474944114685,probe,ARM_B,0.2,0,0.0,23.03,False,10,2026-08-18T15:17:41.355569+00:00,2026-08-18T15:30:06.575670+00:00
281,3880,4019,temporal,0.3112404287208278,probe,ARM_A,0.0,0,0.0,84.62,False,10,2026-08-18T15:17:41.355569+00:00,2026-08-18T15:30:06.575670+00:00
281,3880,4019,temporal,0.3112404287208278,probe,ARM_B,0.2,0,0.0,97.73,False,10,2026-08-18T15:17:41.355569+00:00,2026-08-18T15:30:06.575670+00:00
282,4047,4139,temporal,0.31129046149793094,probe,ARM_A,0.0,0,0.0,27.18,False,10,2026-08-18T15:17:41.355569+00:00,2026-08-18T15:30:06.575670+00:00
282,4047,4139,temporal,0.31129046149793094,probe,ARM_B,0.2,0,0.0,33.33,False,10,2026-08-18T15:17:41.355569+00:00,2026-08-18T15:30:06.575670+00:00
283,3846,3996,temporal,0.31129317547997437,probe,ARM_A,0.0,0,0.0,131.26,False,10,2026-08-18T15:17:41.355569+00:00,2026-08-18T15:30:06.575670+00:00
283,3846,3996,temporal,0.31129317547997437,probe,ARM_B,0.2,0,0.0,2018.66,False,10,2026-08-18T15:17:41.355569+00:00,2026-08-18T15:30:06.575670+00:00
284,3857,4047,temporal,0.3113726563079754,probe,ARM_A,0.0,0,0.0,120.69,False,10,2026-08-18T15:17:41.355569+00:00,2026-08-18T15:30:06.575670+00:00
284,3857,4047,temporal,0.3113726563079754,probe,ARM_B,0.2,0,0.0,90.52,False,10,2026-08-18T15:17:41.355569+00:00,2026-08-18T15:30:06.575670+00:00
285,4003,4096,temporal,0.3113742245881831,probe,ARM_A,0.0,0,0.0,37.33,False,10,2026-08-18T15:17:41.355569+00:00,2026-08-18T15:30:06.575670+00:00
285,4003,4096,temporal,0.3113742245881831,probe,ARM_B,0.2,0,0.0,28.33,False,10,2026-08-18T15:17:41.355569+00:00,2026-08-18T15:30:06.575670+00:00
286,3822,3878,temporal,0.31165034507663103,probe,ARM_A,0.0,0,0.0,92.94,False,10,2026-08-18T15:17:41.355569+00:00,2026-08-18T15:30:06.575670+00:00
286,3822,3878,temporal,0.31165034507663103,probe,ARM_B,0.2,0,0.0,87.86,False,10,2026-08-18T15:17:41.355569+00:00,2026-08-18T15:30:06.575670+00:00
287,4127,4158,temporal,0.31167484064994566,probe,ARM_A,0.0,0,0.0,26.04,False,10,2026-08-18T15:17:41.355569+00:00,2026-08-18T15:30:06.575670+00:00
287,4127,4158,temporal,0.31167484064994566,probe,ARM_B,0.2,0,0.0,22.45,False,10,2026-08-18T15:17:41.355569+00:00,2026-08-18T15:30:06.575670+00:00
288,3970,4164,temporal,0.3117271661758423,probe,ARM_A,0.0,0,0.0,69.06,False,10,2026-08-18T15:17:41.355569+00:00,2026-08-18T15:30:06.575670+00:00
288,3970,4164,temporal,0.3117271661758423,probe,ARM_B,0.2,0,0.0,86.03,False,10,2026-08-18T15:17:41.355569+00:00,2026-08-18T15:30:06.575670+00:00
289,3971,4085,temporal,0.3117803428107604,probe,ARM_A,0.0,0,0.0,36.21,False,10,2026-08-18T15:17:41.355569+00:00,2026-08-18T15:30:06.575670+00:00
289,3971,4085,temporal,0.3117803428107604,probe,ARM_B,0.2,0,0.0,27.17,False,10,2026-08-18T15:17:41.355569+00:00,2026-08-18T15:30:06.575670+00:00
290,3951,4025,temporal,0.3118774089776699,probe,ARM_A,0.0,0,0.0,488.87,False,10,2026-08-18T15:17:41.355569+00:00,2026-08-18T15:30:06.575670+00:00
290,3951,4025,temporal,0.3118774089776699,probe,ARM_B,0.2,0,0.0,109.58,False,10,2026-08-18T15:17:41.355569+00:00,2026-08-18T15:30:06.575670+00:00
291,3955,4004,temporal,0.31201218438221623,probe,ARM_A,0.0,0,0.0,136.28,False,10,2026-08-18T15:17:41.355569+00:00,2026-08-18T15:30:06.575670+00:00
291,3955,4004,temporal,0.31201218438221623,probe,ARM_B,0.2,0,0.0,121.42,False,10,2026-08-18T15:17:41.355569+00:00,2026-08-18T15:30:06.575670+00:00
292,3821,4048,temporal,0.3120173661750325,probe,ARM_A,0.0,0,0.0,771.51,False,10,2026-08-18T15:17:41.355569+00:00,2026-08-18T15:30:06.575670+00:00
292,3821,4048,temporal,0.3120173661750325,probe,ARM_B,0.2,0,0.0,166.19,False,10,2026-08-18T15:17:41.355569+00:00,2026-08-18T15:30:06.575670+00:00
293,3958,4127,temporal,0.31211171674062566,probe,ARM_A,0.0,0,0.0,60.13,False,10,2026-08-18T15:17:41.355569+00:00,2026-08-18T15:30:06.575670+00:00
293,3958,4127,temporal,0.31211171674062566,probe,ARM_B,0.2,0,0.0,79.88,False,10,2026-08-18T15:17:41.355569+00:00,2026-08-18T15:30:06.575670+00:00
294,3821,4045,temporal,0.312130331993103,probe,ARM_A,0.0,0,0.0,92.95,False,10,2026-08-18T15:17:41.355569+00:00,2026-08-18T15:30:06.575670+00:00
294,3821,4045,temporal,0.312130331993103,probe,ARM_B,0.2,0,0.0,92.32,False,10,2026-08-18T15:17:41.355569+00:00,2026-08-18T15:30:06.575670+00:00
295,3987,4121,temporal,0.31219919396635454,probe,ARM_A,0.0,0,0.0,33.46,False,10,2026-08-18T15:17:41.355569+00:00,2026-08-18T15:30:06.575670+00:00
295,3987,4121,temporal,0.31219919396635454,probe,ARM_B,0.2,0,0.0,28.47,False,10,2026-08-18T15:17:41.355569+00:00,2026-08-18T15:30:06.575670+00:00
296,4053,4069,temporal,0.31226637959481174,probe,ARM_A,0.0,0,0.0,76.58,False,10,2026-08-18T15:17:41.355569+00:00,2026-08-18T15:30:06.575670+00:00
296,4053,4069,temporal,0.31226637959481174,probe,ARM_B,0.2,0,0.0,71.27,False,10,2026-08-18T15:17:41.355569+00:00,2026-08-18T15:30:06.575670+00:00
297,3942,4053,temporal,0.3124032430408502,probe,ARM_A,0.0,0,0.0,36.81,False,10,2026-08-18T15:17:41.355569+00:00,2026-08-18T15:30:06.575670+00:00
297,3942,4053,temporal,0.3124032430408502,probe,ARM_B,0.2,0,0.0,28.32,False,10,2026-08-18T15:17:41.355569+00:00,2026-08-18T15:30:06.575670+00:00
298,3919,4047,temporal,0.312443234019665,probe,ARM_A,0.0,0,0.0,316.33,False,10,2026-08-18T15:17:41.355569+00:00,2026-08-18T15:30:06.575670+00:00
298,3919,4047,temporal,0.312443234019665,probe,ARM_B,0.2,0,0.0,109.03,False,10,2026-08-18T15:17:41.355569+00:00,2026-08-18T15:30:06.575670+00:00
299,3958,3971,temporal,0.31245969794810846,probe,ARM_A,0.0,0,0.0,132.24,False,10,2026-08-18T15:17:41.355569+00:00,2026-08-18T15:30:06.575670+00:00
299,3958,3971,temporal,0.31245969794810846,probe,ARM_B,0.2,0,0.0,134.45,False,10,2026-08-18T15:17:41.355569+00:00,2026-08-18T15:30:06.575670+00:00
300,3803,4045,temporal,0.3125600703096437,probe,ARM_A,0.0,0,0.0,749.91,False,10,2026-08-18T15:17:41.355569+00:00,2026-08-18T15:30:06.575670+00:00
300,3803,4045,temporal,0.3125600703096437,probe,ARM_B,0.2,0,0.0,159.7,False,10,2026-08-18T15:17:41.355569+00:00,2026-08-18T15:30:06.575670+00:00
301,3813,3952,temporal,0.3126571159950313,probe,ARM_A,0.0,0,0.0,104.82,False,10,2026-08-18T15:17:41.355569+00:00,2026-08-18T15:30:06.575670+00:00
301,3813,3952,temporal,0.3126571159950313,probe,ARM_B,0.2,0,0.0,84.13,False,10,2026-08-18T15:17:41.355569+00:00,2026-08-18T15:30:06.575670+00:00
302,4084,4172,temporal,0.3126933351389569,probe,ARM_A,0.0,0,0.0,25.96,False,10,2026-08-18T15:17:41.355569+00:00,2026-08-18T15:30:06.575670+00:00
302,4084,4172,temporal,0.3126933351389569,probe,ARM_B,0.2,0,0.0,23.61,False,10,2026-08-18T15:17:41.355569+00:00,2026-08-18T15:30:06.575670+00:00
303,4022,4025,temporal,0.31272274071479633,probe,ARM_A,0.0,0,0.0,48.77,False,10,2026-08-18T15:17:41.355569+00:00,2026-08-18T15:30:06.575670+00:00
303,4022,4025,temporal,0.31272274071479633,probe,ARM_B,0.2,0,0.0,43.29,False,10,2026-08-18T15:17:41.355569+00:00,2026-08-18T15:30:06.575670+00:00
304,4022,4025,temporal,0.31272274071479633,probe,ARM_A,0.0,0,0.0,48.87,False,10,2026-08-18T15:17:41.355569+00:00,2026-08-18T15:30:06.575670+00:00
304,4022,4025,temporal,0.31272274071479633,probe,ARM_B,0.2,0,0.0,43.44,False,10,2026-08-18T15:17:41.355569+00:00,2026-08-18T15:30:06.575670+00:00
305,3876,4025,temporal,0.3127574119793599,probe,ARM_A,0.0,0,0.0,101.39,False,10,2026-08-18T15:17:41.355569+00:00,2026-08-18T15:30:06.575670+00:00
305,3876,4025,temporal,0.3127574119793599,probe,ARM_B,0.2,0,0.0,96.82,False,10,2026-08-18T15:17:41.355569+00:00,2026-08-18T15:30:06.575670+00:00
306,4081,4127,temporal,0.312774477551087,probe,ARM_A,0.0,0,0.0,363.64,False,10,2026-08-18T15:17:41.355569+00:00,2026-08-18T15:30:06.575670+00:00
306,4081,4127,temporal,0.312774477551087,probe,ARM_B,0.2,0,0.0,102.52,False,10,2026-08-18T15:17:41.355569+00:00,2026-08-18T15:30:06.575670+00:00
307,3868,3919,temporal,0.31290908532792894,probe,ARM_A,0.0,0,0.0,1271.4,False,10,2026-08-18T15:17:41.355569+00:00,2026-08-18T15:30:06.575670+00:00
307,3868,3919,temporal,0.31290908532792894,probe,ARM_B,0.2,0,0.0,159.76,False,10,2026-08-18T15:17:41.355569+00:00,2026-08-18T15:30:06.575670+00:00
308,3851,3939,temporal,0.3129778579447122,probe,ARM_A,0.0,0,0.0,60.22,False,10,2026-08-18T15:17:41.355569+00:00,2026-08-18T15:30:06.575670+00:00
308,3851,3939,temporal,0.3129778579447122,probe,ARM_B,0.2,0,0.0,55.14,False,10,2026-08-18T15:17:41.355569+00:00,2026-08-18T15:30:06.575670+00:00
309,3846,4012,temporal,0.3131427951540229,probe,ARM_A,0.0,0,0.0,101.65,False,10,2026-08-18T15:17:41.355569+00:00,2026-08-18T15:30:06.575670+00:00
309,3846,4012,temporal,0.3131427951540229,probe,ARM_B,0.2,0,0.0,103.2,False,10,2026-08-18T15:17:41.355569+00:00,2026-08-18T15:30:06.575670+00:00
310,3920,4134,temporal,0.3131808563255265,probe,ARM_A,0.0,0,0.0,51.97,False,10,2026-08-18T15:17:41.355569+00:00,2026-08-18T15:30:06.575670+00:00
310,3920,4134,temporal,0.3131808563255265,probe,ARM_B,0.2,0,0.0,58.4,False,10,2026-08-18T15:17:41.355569+00:00,2026-08-18T15:30:06.575670+00:00
311,4119,4127,temporal,0.3132423945213797,probe,ARM_A,0.0,0,0.0,46.74,False,10,2026-08-18T15:17:41.355569+00:00,2026-08-18T15:30:06.575670+00:00
311,4119,4127,temporal,0.3132423945213797,probe,ARM_B,0.2,0,0.0,41.87,False,10,2026-08-18T15:17:41.355569+00:00,2026-08-18T15:30:06.575670+00:00
312,4029,4136,temporal,0.3133129886798275,probe,ARM_A,0.0,0,0.0,30.45,False,10,2026-08-18T15:17:41.355569+00:00,2026-08-18T15:30:06.575670+00:00
312,4029,4136,temporal,0.3133129886798275,probe,ARM_B,0.2,0,0.0,23.53,False,10,2026-08-18T15:17:41.355569+00:00,2026-08-18T15:30:06.575670+00:00
313,4025,4048,temporal,0.31353126490862426,probe,ARM_A,0.0,0,0.0,2131.93,False,10,2026-08-18T15:17:41.355569+00:00,2026-08-18T15:30:06.575670+00:00
313,4025,4048,temporal,0.31353126490862426,probe,ARM_B,0.2,0,0.0,133.57,False,10,2026-08-18T15:17:41.355569+00:00,2026-08-18T15:30:06.575670+00:00
314,3851,3946,temporal,0.3136388770557125,probe,ARM_A,0.0,0,0.0,52.13,False,10,2026-08-18T15:17:41.355569+00:00,2026-08-18T15:30:06.575670+00:00
314,3851,3946,temporal,0.3136388770557125,probe,ARM_B,0.2,0,0.0,47.92,False,10,2026-08-18T15:17:41.355569+00:00,2026-08-18T15:30:06.575670+00:00
315,3878,4177,temporal,0.31366034231545636,probe,ARM_A,0.0,0,0.0,68.47,False,10,2026-08-18T15:17:41.355569+00:00,2026-08-18T15:30:06.575670+00:00
315,3878,4177,temporal,0.31366034231545636,probe,ARM_B,0.2,0,0.0,71.45,False,10,2026-08-18T15:17:41.355569+00:00,2026-08-18T15:30:06.575670+00:00
316,6966,7144,temporal,0.31366866475379496,probe,ARM_A,0.0,0,0.0,25.11,False,10,2026-08-18T15:17:41.355569+00:00,2026-08-18T15:30:06.575670+00:00
316,6966,7144,temporal,0.31366866475379496,probe,ARM_B,0.2,0,0.0,20.53,False,10,2026-08-18T15:17:41.355569+00:00,2026-08-18T15:30:06.575670+00:00
317,3896,4127,temporal,0.31368688859421734,probe,ARM_A,0.0,0,0.0,44.38,False,10,2026-08-18T15:17:41.355569+00:00,2026-08-18T15:30:06.575670+00:00
317,3896,4127,temporal,0.31368688859421734,probe,ARM_B,0.2,0,0.0,35.9,False,10,2026-08-18T15:17:41.355569+00:00,2026-08-18T15:30:06.575670+00:00
318,3846,3952,temporal,0.31368971805839907,probe,ARM_A,0.0,0,0.0,72.84,False,10,2026-08-18T15:17:41.355569+00:00,2026-08-18T15:30:06.575670+00:00
318,3846,3952,temporal,0.31368971805839907,probe,ARM_B,0.2,0,0.0,72.0,False,10,2026-08-18T15:17:41.355569+00:00,2026-08-18T15:30:06.575670+00:00
319,3815,4085,temporal,0.31372602663791394,probe,ARM_A,0.0,0,0.0,1646.79,False,10,2026-08-18T15:17:41.355569+00:00,2026-08-18T15:30:06.575670+00:00
319,3815,4085,temporal,0.31372602663791394,probe,ARM_B,0.2,0,0.0,516.37,False,10,2026-08-18T15:17:41.355569+00:00,2026-08-18T15:30:06.575670+00:00
320,3868,3906,temporal,0.313806153989574,probe,ARM_A,0.0,0,0.0,161.51,False,10,2026-08-18T15:17:41.355569+00:00,2026-08-18T15:30:06.575670+00:00
320,3868,3906,temporal,0.313806153989574,probe,ARM_B,0.2,0,0.0,181.9,False,10,2026-08-18T15:17:41.355569+00:00,2026-08-18T15:30:06.575670+00:00
321,3966,4040,temporal,0.3139500004604472,probe,ARM_A,0.0,0,0.0,93.85,False,10,2026-08-18T15:17:41.355569+00:00,2026-08-18T15:30:06.575670+00:00
321,3966,4040,temporal,0.3139500004604472,probe,ARM_B,0.2,0,0.0,381.34,False,10,2026-08-18T15:17:41.355569+00:00,2026-08-18T15:30:06.575670+00:00
322,3850,4084,temporal,0.31396035122398747,probe,ARM_A,0.0,0,0.0,105.6,False,10,2026-08-18T15:17:41.355569+00:00,2026-08-18T15:30:06.575670+00:00
322,3850,4084,temporal,0.31396035122398747,probe,ARM_B,0.2,0,0.0,94.69,False,10,2026-08-18T15:17:41.355569+00:00,2026-08-18T15:30:06.575670+00:00
323,3850,4092,temporal,0.3140021936896078,probe,ARM_A,0.0,0,0.0,119.97,False,10,2026-08-18T15:17:41.355569+00:00,2026-08-18T15:30:06.575670+00:00
323,3850,4092,temporal,0.3140021936896078,probe,ARM_B,0.2,0,0.0,2079.05,False,10,2026-08-18T15:17:41.355569+00:00,2026-08-18T15:30:06.575670+00:00
324,3887,3891,temporal,0.3141431212425232,probe,ARM_A,0.0,0,0.0,172.05,False,10,2026-08-18T15:17:41.355569+00:00,2026-08-18T15:30:06.575670+00:00
324,3887,3891,temporal,0.3141431212425232,probe,ARM_B,0.2,0,0.0,105.19,False,10,2026-08-18T15:17:41.355569+00:00,2026-08-18T15:30:06.575670+00:00
325,3885,4047,temporal,0.31417187534412727,probe,ARM_A,0.0,0,0.0,102.95,False,10,2026-08-18T15:17:41.355569+00:00,2026-08-18T15:30:06.575670+00:00
325,3885,4047,temporal,0.31417187534412727,probe,ARM_B,0.2,0,0.0,84.04,False,10,2026-08-18T15:17:41.355569+00:00,2026-08-18T15:30:06.575670+00:00
326,3883,3884,temporal,0.31427373034327755,probe,ARM_A,0.0,0,0.0,85.39,False,10,2026-08-18T15:17:41.355569+00:00,2026-08-18T15:30:06.575670+00:00
326,3883,3884,temporal,0.31427373034327755,probe,ARM_B,0.2,0,0.0,86.85,False,10,2026-08-18T15:17:41.355569+00:00,2026-08-18T15:30:06.575670+00:00
327,3883,3884,temporal,0.31427373034327755,probe,ARM_A,0.0,0,0.0,72.14,False,10,2026-08-18T15:17:41.355569+00:00,2026-08-18T15:30:06.575670+00:00
327,3883,3884,temporal,0.31427373034327755,probe,ARM_B,0.2,0,0.0,83.23,False,10,2026-08-18T15:17:41.355569+00:00,2026-08-18T15:30:06.575670+00:00
328,3997,4127,temporal,0.3142819404602051,probe,ARM_A,0.0,0,0.0,38.04,False,10,2026-08-18T15:17:41.355569+00:00,2026-08-18T15:30:06.575670+00:00
328,3997,4127,temporal,0.3142819404602051,probe,ARM_B,0.2,0,0.0,33.05,False,10,2026-08-18T15:17:41.355569+00:00,2026-08-18T15:30:06.575670+00:00
329,4025,4139,temporal,0.31436872482299805,probe,ARM_A,0.0,0,0.0,2072.3,False,10,2026-08-18T15:17:41.355569+00:00,2026-08-18T15:30:06.575670+00:00
329,4025,4139,temporal,0.31436872482299805,probe,ARM_B,0.2,0,0.0,342.67,False,10,2026-08-18T15:17:41.355569+00:00,2026-08-18T15:30:06.575670+00:00
330,3883,4072,temporal,0.31438247136860964,probe,ARM_A,0.0,0,0.0,216.48,False,10,2026-08-18T15:17:41.355569+00:00,2026-08-18T15:30:06.575670+00:00
330,3883,4072,temporal,0.31438247136860964,probe,ARM_B,0.2,0,0.0,118.82,False,10,2026-08-18T15:17:41.355569+00:00,2026-08-18T15:30:06.575670+00:00
331,3822,3896,temporal,0.3144932891579495,probe,ARM_A,0.0,0,0.0,140.76,False,10,2026-08-18T15:17:41.355569+00:00,2026-08-18T15:30:06.575670+00:00
331,3822,3896,temporal,0.3144932891579495,probe,ARM_B,0.2,0,0.0,142.13,False,10,2026-08-18T15:17:41.355569+00:00,2026-08-18T15:30:06.575670+00:00
332,3919,4022,temporal,0.3145082763594802,probe,ARM_A,0.0,0,0.0,45.09,False,10,2026-08-18T15:17:41.355569+00:00,2026-08-18T15:30:06.575670+00:00
332,3919,4022,temporal,0.3145082763594802,probe,ARM_B,0.2,0,0.0,36.11,False,10,2026-08-18T15:17:41.355569+00:00,2026-08-18T15:30:06.575670+00:00
333,3905,3957,temporal,0.314566699972753,probe,ARM_A,0.0,0,0.0,49.64,False,10,2026-08-18T15:17:41.355569+00:00,2026-08-18T15:30:06.575670+00:00
333,3905,3957,temporal,0.314566699972753,probe,ARM_B,0.2,0,0.0,347.88,False,10,2026-08-18T15:17:41.355569+00:00,2026-08-18T15:30:06.575670+00:00
334,4002,4005,temporal,0.3145831712832008,probe,ARM_A,0.0,0,0.0,132.86,False,10,2026-08-18T15:17:41.355569+00:00,2026-08-18T15:30:06.575670+00:00
334,4002,4005,temporal,0.3145831712832008,probe,ARM_B,0.2,0,0.0,115.05,False,10,2026-08-18T15:17:41.355569+00:00,2026-08-18T15:30:06.575670+00:00
335,4002,4005,temporal,0.3145831712832008,probe,ARM_A,0.0,0,0.0,132.44,False,10,2026-08-18T15:17:41.355569+00:00,2026-08-18T15:30:06.575670+00:00
335,4002,4005,temporal,0.3145831712832008,probe,ARM_B,0.2,0,0.0,106.82,False,10,2026-08-18T15:17:41.355569+00:00,2026-08-18T15:30:06.575670+00:00
336,3846,4002,temporal,0.3146599702030388,probe,ARM_A,0.0,0,0.0,735.7,False,10,2026-08-18T15:17:41.355569+00:00,2026-08-18T15:30:06.575670+00:00
336,3846,4002,temporal,0.3146599702030388,probe,ARM_B,0.2,0,0.0,110.41,False,10,2026-08-18T15:17:41.355569+00:00,2026-08-18T15:30:06.575670+00:00
337,3811,4172,temporal,0.3147341498574113,probe,ARM_A,0.0,0,0.0,187.35,False,10,2026-08-18T15:17:41.355569+00:00,2026-08-18T15:30:06.575670+00:00
337,3811,4172,temporal,0.3147341498574113,probe,ARM_B,0.2,0,0.0,231.75,False,10,2026-08-18T15:17:41.355569+00:00,2026-08-18T15:30:06.575670+00:00
338,3878,4062,temporal,0.3148689866065979,probe,ARM_A,0.0,0,0.0,76.08,False,10,2026-08-18T15:17:41.355569+00:00,2026-08-18T15:30:06.575670+00:00
338,3878,4062,temporal,0.3148689866065979,probe,ARM_B,0.2,0,0.0,108.15,False,10,2026-08-18T15:17:41.355569+00:00,2026-08-18T15:30:06.575670+00:00
339,3846,4121,temporal,0.3148836852367495,probe,ARM_A,0.0,0,0.0,163.83,False,10,2026-08-18T15:17:41.355569+00:00,2026-08-18T15:30:06.575670+00:00
339,3846,4121,temporal,0.3148836852367495,probe,ARM_B,0.2,0,0.0,171.7,False,10,2026-08-18T15:17:41.355569+00:00,2026-08-18T15:30:06.575670+00:00
340,3905,4118,temporal,0.31489002539724464,probe,ARM_A,0.0,0,0.0,95.63,False,10,2026-08-18T15:17:41.355569+00:00,2026-08-18T15:30:06.575670+00:00
340,3905,4118,temporal,0.31489002539724464,probe,ARM_B,0.2,0,0.0,585.01,False,10,2026-08-18T15:17:41.355569+00:00,2026-08-18T15:30:06.575670+00:00
341,3851,3906,temporal,0.3149168270727212,probe,ARM_A,0.0,0,0.0,256.84,False,10,2026-08-18T15:17:41.355569+00:00,2026-08-18T15:30:06.575670+00:00
341,3851,3906,temporal,0.3149168270727212,probe,ARM_B,0.2,0,0.0,151.15,False,10,2026-08-18T15:17:41.355569+00:00,2026-08-18T15:30:06.575670+00:00
342,3851,4060,temporal,0.31497145801952786,probe,ARM_A,0.0,0,0.0,236.74,False,10,2026-08-18T15:17:41.355569+00:00,2026-08-18T15:30:06.575670+00:00
342,3851,4060,temporal,0.31497145801952786,probe,ARM_B,0.2,0,0.0,143.13,False,10,2026-08-18T15:17:41.355569+00:00,2026-08-18T15:30:06.575670+00:00
343,3823,3905,temporal,0.31499633029070595,probe,ARM_A,0.0,0,0.0,132.59,False,10,2026-08-18T15:17:41.355569+00:00,2026-08-18T15:30:06.575670+00:00
343,3823,3905,temporal,0.31499633029070595,probe,ARM_B,0.2,0,0.0,56.75,False,10,2026-08-18T15:17:41.355569+00:00,2026-08-18T15:30:06.575670+00:00
344,4052,4127,temporal,0.31514425964023285,probe,ARM_A,0.0,0,0.0,42.42,False,10,2026-08-18T15:17:41.355569+00:00,2026-08-18T15:30:06.575670+00:00
344,4052,4127,temporal,0.31514425964023285,probe,ARM_B,0.2,0,0.0,34.91,False,10,2026-08-18T15:17:41.355569+00:00,2026-08-18T15:30:06.575670+00:00
345,3908,4010,temporal,0.31516804514312424,probe,ARM_A,0.0,0,0.0,53.54,False,10,2026-08-18T15:17:41.355569+00:00,2026-08-18T15:30:06.575670+00:00
345,3908,4010,temporal,0.31516804514312424,probe,ARM_B,0.2,0,0.0,57.51,False,10,2026-08-18T15:17:41.355569+00:00,2026-08-18T15:30:06.575670+00:00
346,3850,4127,temporal,0.31517680377822,probe,ARM_A,0.0,0,0.0,106.85,False,10,2026-08-18T15:17:41.355569+00:00,2026-08-18T15:30:06.575670+00:00
346,3850,4127,temporal,0.31517680377822,probe,ARM_B,0.2,0,0.0,94.09,False,10,2026-08-18T15:17:41.355569+00:00,2026-08-18T15:30:06.575670+00:00
347,3846,4048,temporal,0.3152024399287161,probe,ARM_A,0.0,0,0.0,112.86,False,10,2026-08-18T15:17:41.355569+00:00,2026-08-18T15:30:06.575670+00:00
347,3846,4048,temporal,0.3152024399287161,probe,ARM_B,0.2,0,0.0,107.57,False,10,2026-08-18T15:17:41.355569+00:00,2026-08-18T15:30:06.575670+00:00
348,3857,3958,temporal,0.31522164850106005,probe,ARM_A,0.0,0,0.0,124.95,False,10,2026-08-18T15:17:41.355569+00:00,2026-08-18T15:30:06.575670+00:00
348,3857,3958,temporal,0.31522164850106005,probe,ARM_B,0.2,0,0.0,2169.09,False,10,2026-08-18T15:17:41.355569+00:00,2026-08-18T15:30:06.575670+00:00
349,3846,4118,temporal,0.3152241204745807,probe,ARM_A,0.0,0,0.0,173.03,False,10,2026-08-18T15:17:41.355569+00:00,2026-08-18T15:30:06.575670+00:00
349,3846,4118,temporal,0.3152241204745807,probe,ARM_B,0.2,0,0.0,85.73,False,10,2026-08-18T15:17:41.355569+00:00,2026-08-18T15:30:06.575670+00:00
350,3970,4129,temporal,0.3152451813220978,probe,ARM_A,0.0,0,0.0,77.3,False,10,2026-08-18T15:17:41.355569+00:00,2026-08-18T15:30:06.575670+00:00
350,3970,4129,temporal,0.3152451813220978,probe,ARM_B,0.2,0,0.0,91.35,False,10,2026-08-18T15:17:41.355569+00:00,2026-08-18T15:30:06.575670+00:00
351,4047,4071,temporal,0.31533098838677887,probe,ARM_A,0.0,0,0.0,31.51,False,10,2026-08-18T15:17:41.355569+00:00,2026-08-18T15:30:06.575670+00:00
351,4047,4071,temporal,0.31533098838677887,probe,ARM_B,0.2,0,0.0,22.76,False,10,2026-08-18T15:17:41.355569+00:00,2026-08-18T15:30:06.575670+00:00
352,6987,7144,temporal,0.3153570764298863,probe,ARM_A,0.0,0,0.0,84.67,False,10,2026-08-18T15:17:41.355569+00:00,2026-08-18T15:30:06.575670+00:00
352,6987,7144,temporal,0.3153570764298863,probe,ARM_B,0.2,0,0.0,75.68,False,10,2026-08-18T15:17:41.355569+00:00,2026-08-18T15:30:06.575670+00:00
353,4085,4127,temporal,0.3153722584247589,probe,ARM_A,0.0,0,0.0,38.26,False,10,2026-08-18T15:17:41.355569+00:00,2026-08-18T15:30:06.575670+00:00
353,4085,4127,temporal,0.3153722584247589,probe,ARM_B,0.2,0,0.0,44.82,False,10,2026-08-18T15:17:41.355569+00:00,2026-08-18T15:30:06.575670+00:00
354,6999,7144,temporal,0.3153932690620511,probe,ARM_A,0.0,0,0.0,37.3,False,10,2026-08-18T15:17:41.355569+00:00,2026-08-18T15:30:06.575670+00:00
354,6999,7144,temporal,0.3153932690620511,probe,ARM_B,0.2,0,0.0,418.15,False,10,2026-08-18T15:17:41.355569+00:00,2026-08-18T15:30:06.575670+00:00
355,4048,4131,temporal,0.3154244954912073,probe,ARM_A,0.0,0,0.0,166.82,False,10,2026-08-18T15:17:41.355569+00:00,2026-08-18T15:30:06.575670+00:00
355,4048,4131,temporal,0.3154244954912073,probe,ARM_B,0.2,0,0.0,134.31,False,10,2026-08-18T15:17:41.355569+00:00,2026-08-18T15:30:06.575670+00:00
356,3958,4096,temporal,0.3155479337111744,probe,ARM_A,0.0,0,0.0,128.32,False,10,2026-08-18T15:17:41.355569+00:00,2026-08-18T15:30:06.575670+00:00
356,3958,4096,temporal,0.3155479337111744,probe,ARM_B,0.2,0,0.0,137.88,False,10,2026-08-18T15:17:41.355569+00:00,2026-08-18T15:30:06.575670+00:00
357,4045,4155,temporal,0.3155677098712597,probe,ARM_A,0.0,0,0.0,154.14,False,10,2026-08-18T15:17:41.355569+00:00,2026-08-18T15:30:06.575670+00:00
357,4045,4155,temporal,0.3155677098712597,probe,ARM_B,0.2,0,0.0,179.28,False,10,2026-08-18T15:17:41.355569+00:00,2026-08-18T15:30:06.575670+00:00
358,3945,4172,temporal,0.31564079458129335,probe,ARM_A,0.0,0,0.0,61.58,False,10,2026-08-18T15:17:41.355569+00:00,2026-08-18T15:30:06.575670+00:00
358,3945,4172,temporal,0.31564079458129335,probe,ARM_B,0.2,0,0.0,41.15,False,10,2026-08-18T15:17:41.355569+00:00,2026-08-18T15:30:06.575670+00:00
359,4004,4134,temporal,0.31567371207349737,probe,ARM_A,0.0,0,0.0,48.81,False,10,2026-08-18T15:17:41.355569+00:00,2026-08-18T15:30:06.575670+00:00
359,4004,4134,temporal,0.31567371207349737,probe,ARM_B,0.2,0,0.0,41.5,False,10,2026-08-18T15:17:41.355569+00:00,2026-08-18T15:30:06.575670+00:00
360,3859,3958,temporal,0.31569174247531784,probe,ARM_A,0.0,0,0.0,126.79,False,10,2026-08-18T15:17:41.355569+00:00,2026-08-18T15:30:06.575670+00:00
360,3859,3958,temporal,0.31569174247531784,probe,ARM_B,0.2,0,0.0,118.83,False,10,2026-08-18T15:17:41.355569+00:00,2026-08-18T15:30:06.575670+00:00
361,4047,4081,temporal,0.31570698554917964,probe,ARM_A,0.0,0,0.0,28.02,False,10,2026-08-18T15:17:41.355569+00:00,2026-08-18T15:30:06.575670+00:00
361,4047,4081,temporal,0.31570698554917964,probe,ARM_B,0.2,0,0.0,22.78,False,10,2026-08-18T15:17:41.355569+00:00,2026-08-18T15:30:06.575670+00:00
362,4047,4061,temporal,0.31573806937606186,probe,ARM_A,0.0,0,0.0,25.47,False,10,2026-08-18T15:17:41.355569+00:00,2026-08-18T15:30:06.575670+00:00
362,4047,4061,temporal,0.31573806937606186,probe,ARM_B,0.2,0,0.0,24.07,False,10,2026-08-18T15:17:41.355569+00:00,2026-08-18T15:30:06.575670+00:00
363,4049,4127,temporal,0.3157656067260548,probe,ARM_A,0.0,0,0.0,31.17,False,10,2026-08-18T15:17:41.355569+00:00,2026-08-18T15:30:06.575670+00:00
363,4049,4127,temporal,0.3157656067260548,probe,ARM_B,0.2,0,0.0,29.44,False,10,2026-08-18T15:17:41.355569+00:00,2026-08-18T15:30:06.575670+00:00
364,4118,4172,temporal,0.3157931158419326,probe,ARM_A,0.0,0,0.0,39.5,False,10,2026-08-18T15:17:41.355569+00:00,2026-08-18T15:30:06.575670+00:00
364,4118,4172,temporal,0.3157931158419326,probe,ARM_B,0.2,0,0.0,35.2,False,10,2026-08-18T15:17:41.355569+00:00,2026-08-18T15:30:06.575670+00:00
365,4010,4109,temporal,0.31581410922282305,probe,ARM_A,0.0,0,0.0,2029.16,False,10,2026-08-18T15:17:41.355569+00:00,2026-08-18T15:30:06.575670+00:00
365,4010,4109,temporal,0.31581410922282305,probe,ARM_B,0.2,0,0.0,154.74,False,10,2026-08-18T15:17:41.355569+00:00,2026-08-18T15:30:06.575670+00:00
366,3879,4045,temporal,0.31585182954647406,probe,ARM_A,0.0,0,0.0,106.8,False,10,2026-08-18T15:17:41.355569+00:00,2026-08-18T15:30:06.575670+00:00
366,3879,4045,temporal,0.31585182954647406,probe,ARM_B,0.2,0,0.0,102.67,False,10,2026-08-18T15:17:41.355569+00:00,2026-08-18T15:30:06.575670+00:00
367,3851,4117,temporal,0.315910000557304,probe,ARM_A,0.0,0,0.0,48.33,False,10,2026-08-18T15:17:41.355569+00:00,2026-08-18T15:30:06.575670+00:00
367,3851,4117,temporal,0.315910000557304,probe,ARM_B,0.2,0,0.0,57.58,False,10,2026-08-18T15:17:41.355569+00:00,2026-08-18T15:30:06.575670+00:00
368,3971,3997,temporal,0.31595499265059823,probe,ARM_A,0.0,0,0.0,38.35,False,10,2026-08-18T15:17:41.355569+00:00,2026-08-18T15:30:06.575670+00:00
368,3971,3997,temporal,0.31595499265059823,probe,ARM_B,0.2,0,0.0,37.01,False,10,2026-08-18T15:17:41.355569+00:00,2026-08-18T15:30:06.575670+00:00
369,4608,4613,temporal,0.31599809312774974,probe,ARM_A,0.0,0,0.0,26.81,False,10,2026-08-18T15:17:41.355569+00:00,2026-08-18T15:30:06.575670+00:00
369,4608,4613,temporal,0.31599809312774974,probe,ARM_B,0.2,0,0.0,20.43,False,10,2026-08-18T15:17:41.355569+00:00,2026-08-18T15:30:06.575670+00:00
370,4608,4613,temporal,0.31599809312774974,probe,ARM_A,0.0,0,0.0,20.16,False,10,2026-08-18T15:17:41.355569+00:00,2026-08-18T15:30:06.575670+00:00
370,4608,4613,temporal,0.31599809312774974,probe,ARM_B,0.2,0,0.0,23.0,False,10,2026-08-18T15:17:41.355569+00:00,2026-08-18T15:30:06.575670+00:00
371,4045,4137,temporal,0.31599834406361205,probe,ARM_A,0.0,0,0.0,51.65,False,10,2026-08-18T15:17:41.355569+00:00,2026-08-18T15:30:06.575670+00:00
371,4045,4137,temporal,0.31599834406361205,probe,ARM_B,0.2,0,0.0,365.73,False,10,2026-08-18T15:17:41.355569+00:00,2026-08-18T15:30:06.575670+00:00
372,3905,4004,temporal,0.31604058492304987,probe,ARM_A,0.0,0,0.0,131.16,False,10,2026-08-18T15:17:41.355569+00:00,2026-08-18T15:30:06.575670+00:00
372,3905,4004,temporal,0.31604058492304987,probe,ARM_B,0.2,0,0.0,125.01,False,10,2026-08-18T15:17:41.355569+00:00,2026-08-18T15:30:06.575670+00:00
373,3822,4131,temporal,0.3161629015450045,probe,ARM_A,0.0,0,0.0,1136.68,False,10,2026-08-18T15:17:41.355569+00:00,2026-08-18T15:30:06.575670+00:00
373,3822,4131,temporal,0.3161629015450045,probe,ARM_B,0.2,0,0.0,147.87,False,10,2026-08-18T15:17:41.355569+00:00,2026-08-18T15:30:06.575670+00:00
374,3868,4139,temporal,0.3162456154823303,probe,ARM_A,0.0,0,0.0,116.05,False,10,2026-08-18T15:17:41.355569+00:00,2026-08-18T15:30:06.575670+00:00
374,3868,4139,temporal,0.3162456154823303,probe,ARM_B,0.2,0,0.0,183.98,False,10,2026-08-18T15:17:41.355569+00:00,2026-08-18T15:30:06.575670+00:00
375,4606,4611,temporal,0.31625231947770716,probe,ARM_A,0.0,0,0.0,49.43,False,10,2026-08-18T15:17:41.355569+00:00,2026-08-18T15:30:06.575670+00:00
375,4606,4611,temporal,0.31625231947770716,probe,ARM_B,0.2,0,0.0,26.75,False,10,2026-08-18T15:17:41.355569+00:00,2026-08-18T15:30:06.575670+00:00
376,4606,4611,temporal,0.31625231947770716,probe,ARM_A,0.0,0,0.0,40.59,False,10,2026-08-18T15:17:41.355569+00:00,2026-08-18T15:30:06.575670+00:00
376,4606,4611,temporal,0.31625231947770716,probe,ARM_B,0.2,0,0.0,38.86,False,10,2026-08-18T15:17:41.355569+00:00,2026-08-18T15:30:06.575670+00:00
377,3845,4045,temporal,0.3162574768066406,probe,ARM_A,0.0,0,0.0,287.2,False,10,2026-08-18T15:17:41.355569+00:00,2026-08-18T15:30:06.575670+00:00
377,3845,4045,temporal,0.3162574768066406,probe,ARM_B,0.2,0,0.0,2221.93,False,10,2026-08-18T15:17:41.355569+00:00,2026-08-18T15:30:06.575670+00:00
378,3846,4138,temporal,0.31633204069722076,probe,ARM_A,0.0,0,0.0,100.5,False,10,2026-08-18T15:17:41.355569+00:00,2026-08-18T15:30:06.575670+00:00
378,3846,4138,temporal,0.31633204069722076,probe,ARM_B,0.2,0,0.0,76.85,False,10,2026-08-18T15:17:41.355569+00:00,2026-08-18T15:30:06.575670+00:00
379,3822,4081,temporal,0.3163862605555374,probe,ARM_A,0.0,0,0.0,87.21,False,10,2026-08-18T15:17:41.355569+00:00,2026-08-18T15:30:06.575670+00:00
379,3822,4081,temporal,0.3163862605555374,probe,ARM_B,0.2,0,0.0,101.95,False,10,2026-08-18T15:17:41.355569+00:00,2026-08-18T15:30:06.575670+00:00
380,3958,4171,temporal,0.3163925597901729,probe,ARM_A,0.0,0,0.0,46.36,False,10,2026-08-18T15:17:41.355569+00:00,2026-08-18T15:30:06.575670+00:00
380,3958,4171,temporal,0.3163925597901729,probe,ARM_B,0.2,0,0.0,29.18,False,10,2026-08-18T15:17:41.355569+00:00,2026-08-18T15:30:06.575670+00:00
381,3908,3970,temporal,0.3164282441139221,probe,ARM_A,0.0,0,0.0,32.2,False,10,2026-08-18T15:17:41.355569+00:00,2026-08-18T15:30:06.575670+00:00
381,3908,3970,temporal,0.3164282441139221,probe,ARM_B,0.2,0,0.0,30.32,False,10,2026-08-18T15:17:41.355569+00:00,2026-08-18T15:30:06.575670+00:00
382,3906,4129,temporal,0.31666610439611953,probe,ARM_A,0.0,0,0.0,48.82,False,10,2026-08-18T15:17:41.355569+00:00,2026-08-18T15:30:06.575670+00:00
382,3906,4129,temporal,0.31666610439611953,probe,ARM_B,0.2,0,0.0,62.97,False,10,2026-08-18T15:17:41.355569+00:00,2026-08-18T15:30:06.575670+00:00
383,3803,4085,temporal,0.3166789601253849,probe,ARM_A,0.0,0,0.0,107.99,False,10,2026-08-18T15:17:41.355569+00:00,2026-08-18T15:30:06.575670+00:00
383,3803,4085,temporal,0.3166789601253849,probe,ARM_B,0.2,0,0.0,2114.01,False,10,2026-08-18T15:17:41.355569+00:00,2026-08-18T15:30:06.575670+00:00
384,4125,4151,temporal,0.3167243003845305,probe,ARM_A,0.0,0,0.0,29.36,False,10,2026-08-18T15:17:41.355569+00:00,2026-08-18T15:30:06.575670+00:00
384,4125,4151,temporal,0.3167243003845305,probe,ARM_B,0.2,0,0.0,35.74,False,10,2026-08-18T15:17:41.355569+00:00,2026-08-18T15:30:06.575670+00:00
385,4003,4081,temporal,0.3169147938933601,probe,ARM_A,0.0,0,0.0,35.34,False,10,2026-08-18T15:17:41.355569+00:00,2026-08-18T15:30:06.575670+00:00
385,4003,4081,temporal,0.3169147938933601,probe,ARM_B,0.2,0,0.0,36.09,False,10,2026-08-18T15:17:41.355569+00:00,2026-08-18T15:30:06.575670+00:00
386,4017,4053,temporal,0.3169313291393149,probe,ARM_A,0.0,0,0.0,53.66,False,10,2026-08-18T15:17:41.355569+00:00,2026-08-18T15:30:06.575670+00:00
386,4017,4053,temporal,0.3169313291393149,probe,ARM_B,0.2,0,0.0,36.1,False,10,2026-08-18T15:17:41.355569+00:00,2026-08-18T15:30:06.575670+00:00
387,3851,4053,temporal,0.3169380048587339,probe,ARM_A,0.0,0,0.0,48.85,False,10,2026-08-18T15:17:41.355569+00:00,2026-08-18T15:30:06.575670+00:00
387,3851,4053,temporal,0.3169380048587339,probe,ARM_B,0.2,0,0.0,51.05,False,10,2026-08-18T15:17:41.355569+00:00,2026-08-18T15:30:06.575670+00:00
388,3878,4053,temporal,0.3169925132998831,probe,ARM_A,0.0,0,0.0,67.63,False,10,2026-08-18T15:17:41.355569+00:00,2026-08-18T15:30:06.575670+00:00
388,3878,4053,temporal,0.3169925132998831,probe,ARM_B,0.2,0,0.0,59.44,False,10,2026-08-18T15:17:41.355569+00:00,2026-08-18T15:30:06.575670+00:00
389,3883,4134,temporal,0.3170623779296965,probe,ARM_A,0.0,0,0.0,103.01,False,10,2026-08-18T15:17:41.355569+00:00,2026-08-18T15:30:06.575670+00:00
389,3883,4134,temporal,0.3170623779296965,probe,ARM_B,0.2,0,0.0,93.76,False,10,2026-08-18T15:17:41.355569+00:00,2026-08-18T15:30:06.575670+00:00
390,3878,4040,temporal,0.3171003758907318,probe,ARM_A,0.0,0,0.0,2080.84,False,10,2026-08-18T15:17:41.355569+00:00,2026-08-18T15:30:06.575670+00:00
390,3878,4040,temporal,0.3171003758907318,probe,ARM_B,0.2,0,0.0,81.8,False,10,2026-08-18T15:17:41.355569+00:00,2026-08-18T15:30:06.575670+00:00
391,3952,4158,temporal,0.31722057667024084,probe,ARM_A,0.0,0,0.0,82.83,False,10,2026-08-18T15:17:41.355569+00:00,2026-08-18T15:30:06.575670+00:00
391,3952,4158,temporal,0.31722057667024084,probe,ARM_B,0.2,0,0.0,48.21,False,10,2026-08-18T15:17:41.355569+00:00,2026-08-18T15:30:06.575670+00:00
392,3873,4047,temporal,0.3172605997569633,probe,ARM_A,0.0,0,0.0,158.02,False,10,2026-08-18T15:17:41.355569+00:00,2026-08-18T15:30:06.575670+00:00
392,3873,4047,temporal,0.3172605997569633,probe,ARM_B,0.2,0,0.0,42.8,False,10,2026-08-18T15:17:41.355569+00:00,2026-08-18T15:30:06.575670+00:00
393,4004,4010,temporal,0.3172787158586896,probe,ARM_A,0.0,0,0.0,28.59,False,10,2026-08-18T15:17:41.355569+00:00,2026-08-18T15:30:06.575670+00:00
393,4004,4010,temporal,0.3172787158586896,probe,ARM_B,0.2,0,0.0,27.63,False,10,2026-08-18T15:17:41.355569+00:00,2026-08-18T15:30:06.575670+00:00
394,4004,4045,temporal,0.3172934462253191,probe,ARM_A,0.0,0,0.0,30.48,False,10,2026-08-18T15:17:41.355569+00:00,2026-08-18T15:30:06.575670+00:00
394,4004,4045,temporal,0.3172934462253191,probe,ARM_B,0.2,0,0.0,32.53,False,10,2026-08-18T15:17:41.355569+00:00,2026-08-18T15:30:06.575670+00:00
395,3868,4149,temporal,0.3174511411844346,probe,ARM_A,0.0,0,0.0,92.43,False,10,2026-08-18T15:17:41.355569+00:00,2026-08-18T15:30:06.575670+00:00
395,3868,4149,temporal,0.3174511411844346,probe,ARM_B,0.2,0,0.0,156.42,False,10,2026-08-18T15:17:41.355569+00:00,2026-08-18T15:30:06.575670+00:00
396,3876,4045,temporal,0.31755662910809024,probe,ARM_A,0.0,0,0.0,2117.01,False,10,2026-08-18T15:17:41.355569+00:00,2026-08-18T15:30:06.575670+00:00
396,3876,4045,temporal,0.31755662910809024,probe,ARM_B,0.2,0,0.0,155.28,False,10,2026-08-18T15:17:41.355569+00:00,2026-08-18T15:30:06.575670+00:00
397,4006,4019,temporal,0.31759540998867664,probe,ARM_A,0.0,0,0.0,83.28,False,10,2026-08-18T15:17:41.355569+00:00,2026-08-18T15:30:06.575670+00:00
397,4006,4019,temporal,0.31759540998867664,probe,ARM_B,0.2,0,0.0,74.93,False,10,2026-08-18T15:17:41.355569+00:00,2026-08-18T15:30:06.575670+00:00
398,3825,3952,temporal,0.3176492073954119,probe,ARM_A,0.0,0,0.0,57.05,False,10,2026-08-18T15:17:41.355569+00:00,2026-08-18T15:30:06.575670+00:00
398,3825,3952,temporal,0.3176492073954119,probe,ARM_B,0.2,0,0.0,50.53,False,10,2026-08-18T15:17:41.355569+00:00,2026-08-18T15:30:06.575670+00:00
399,4005,4109,temporal,0.3176522756322553,probe,ARM_A,0.0,0,0.0,70.51,False,10,2026-08-18T15:17:41.355569+00:00,2026-08-18T15:30:06.575670+00:00
399,4005,4109,temporal,0.3176522756322553,probe,ARM_B,0.2,0,0.0,82.78,False,10,2026-08-18T15:17:41.355569+00:00,2026-08-18T15:30:06.575670+00:00
400,4017,4174,temporal,0.3177454362955956,probe,ARM_A,0.0,0,0.0,62.51,False,10,2026-08-18T15:17:41.355569+00:00,2026-08-18T15:30:06.575670+00:00
400,4017,4174,temporal,0.3177454362955956,probe,ARM_B,0.2,0,0.0,42.92,False,10,2026-08-18T15:17:41.355569+00:00,2026-08-18T15:30:06.575670+00:00
401,4087,4134,temporal,0.3177618384361358,probe,ARM_A,0.0,0,0.0,32.71,False,10,2026-08-18T15:17:41.355569+00:00,2026-08-18T15:30:06.575670+00:00
401,4087,4134,temporal,0.3177618384361358,probe,ARM_B,0.2,0,0.0,31.92,False,10,2026-08-18T15:17:41.355569+00:00,2026-08-18T15:30:06.575670+00:00
402,3880,4053,temporal,0.31779956817627864,probe,ARM_A,0.0,0,0.0,2095.31,False,10,2026-08-18T15:17:41.355569+00:00,2026-08-18T15:30:06.575670+00:00
402,3880,4053,temporal,0.31779956817627864,probe,ARM_B,0.2,0,0.0,232.95,False,10,2026-08-18T15:17:41.355569+00:00,2026-08-18T15:30:06.575670+00:00
403,4011,4136,temporal,0.31779998540878296,probe,ARM_A,0.0,0,0.0,93.78,False,10,2026-08-18T15:17:41.355569+00:00,2026-08-18T15:30:06.575670+00:00
403,4011,4136,temporal,0.31779998540878296,probe,ARM_B,0.2,0,0.0,33.73,False,10,2026-08-18T15:17:41.355569+00:00,2026-08-18T15:30:06.575670+00:00
404,3996,4092,temporal,0.31793448328972085,probe,ARM_A,0.0,0,0.0,142.41,False,10,2026-08-18T15:17:41.355569+00:00,2026-08-18T15:30:06.575670+00:00
404,3996,4092,temporal,0.31793448328972085,probe,ARM_B,0.2,0,0.0,125.22,False,10,2026-08-18T15:17:41.355569+00:00,2026-08-18T15:30:06.575670+00:00
405,3946,4172,temporal,0.31803140044212563,probe,ARM_A,0.0,0,0.0,56.26,False,10,2026-08-18T15:17:41.355569+00:00,2026-08-18T15:30:06.575670+00:00
405,3946,4172,temporal,0.31803140044212563,probe,ARM_B,0.2,0,0.0,66.45,False,10,2026-08-18T15:17:41.355569+00:00,2026-08-18T15:30:06.575670+00:00
406,3907,4134,temporal,0.3180490637407055,probe,ARM_A,0.0,0,0.0,81.41,False,10,2026-08-18T15:17:41.355569+00:00,2026-08-18T15:30:06.575670+00:00
406,3907,4134,temporal,0.3180490637407055,probe,ARM_B,0.2,0,0.0,91.24,False,10,2026-08-18T15:17:41.355569+00:00,2026-08-18T15:30:06.575670+00:00
407,3850,4053,temporal,0.3180734921650048,probe,ARM_A,0.0,0,0.0,2138.3,False,10,2026-08-18T15:17:41.355569+00:00,2026-08-18T15:30:06.575670+00:00
407,3850,4053,temporal,0.3180734921650048,probe,ARM_B,0.2,0,0.0,212.46,False,10,2026-08-18T15:17:41.355569+00:00,2026-08-18T15:30:06.575670+00:00
408,3939,4085,temporal,0.3180990002273344,probe,ARM_A,0.0,0,0.0,42.84,False,10,2026-08-18T15:17:41.355569+00:00,2026-08-18T15:30:06.575670+00:00
408,3939,4085,temporal,0.3180990002273344,probe,ARM_B,0.2,0,0.0,40.27,False,10,2026-08-18T15:17:41.355569+00:00,2026-08-18T15:30:06.575670+00:00
409,3822,3950,temporal,0.3182380402613283,probe,ARM_A,0.0,0,0.0,124.65,False,10,2026-08-18T15:17:41.355569+00:00,2026-08-18T15:30:06.575670+00:00
409,3822,3950,temporal,0.3182380402613283,probe,ARM_B,0.2,0,0.0,121.61,False,10,2026-08-18T15:17:41.355569+00:00,2026-08-18T15:30:06.575670+00:00
410,4006,4127,temporal,0.318241149187088,probe,ARM_A,0.0,0,0.0,89.31,False,10,2026-08-18T15:17:41.355569+00:00,2026-08-18T15:30:06.575670+00:00
410,4006,4127,temporal,0.318241149187088,probe,ARM_B,0.2,0,0.0,359.38,False,10,2026-08-18T15:17:41.355569+00:00,2026-08-18T15:30:06.575670+00:00
411,3878,4055,temporal,0.318252942770371,probe,ARM_A,0.0,0,0.0,433.09,False,10,2026-08-18T15:17:41.355569+00:00,2026-08-18T15:30:06.575670+00:00
411,3878,4055,temporal,0.318252942770371,probe,ARM_B,0.2,0,0.0,341.17,False,10,2026-08-18T15:17:41.355569+00:00,2026-08-18T15:30:06.575670+00:00
412,3876,3952,temporal,0.3182598149257845,probe,ARM_A,0.0,0,0.0,710.86,False,10,2026-08-18T15:17:41.355569+00:00,2026-08-18T15:30:06.575670+00:00
412,3876,3952,temporal,0.3182598149257845,probe,ARM_B,0.2,0,0.0,305.74,False,10,2026-08-18T15:17:41.355569+00:00,2026-08-18T15:30:06.575670+00:00
413,3906,4085,temporal,0.31829980829952087,probe,ARM_A,0.0,0,0.0,833.26,False,10,2026-08-18T15:17:41.355569+00:00,2026-08-18T15:30:06.575670+00:00
413,3906,4085,temporal,0.31829980829952087,probe,ARM_B,0.2,0,0.0,152.56,False,10,2026-08-18T15:17:41.355569+00:00,2026-08-18T15:30:06.575670+00:00
414,3822,4012,temporal,0.3184234689726513,probe,ARM_A,0.0,0,0.0,919.83,False,10,2026-08-18T15:17:41.355569+00:00,2026-08-18T15:30:06.575670+00:00
414,3822,4012,temporal,0.3184234689726513,probe,ARM_B,0.2,0,0.0,161.32,False,10,2026-08-18T15:17:41.355569+00:00,2026-08-18T15:30:06.575670+00:00
415,3860,4025,temporal,0.3184302029654722,probe,ARM_A,0.0,0,0.0,71.19,False,10,2026-08-18T15:17:41.355569+00:00,2026-08-18T15:30:06.575670+00:00
415,3860,4025,temporal,0.3184302029654722,probe,ARM_B,0.2,0,0.0,56.5,False,10,2026-08-18T15:17:41.355569+00:00,2026-08-18T15:30:06.575670+00:00
416,4436,4440,temporal,0.3184468434852521,probe,ARM_A,0.0,0,0.0,90.04,False,10,2026-08-18T15:17:41.355569+00:00,2026-08-18T15:30:06.575670+00:00
416,4436,4440,temporal,0.3184468434852521,probe,ARM_B,0.2,0,0.0,65.27,False,10,2026-08-18T15:17:41.355569+00:00,2026-08-18T15:30:06.575670+00:00
417,4436,4440,temporal,0.3184468434852521,probe,ARM_A,0.0,0,0.0,34.63,False,10,2026-08-18T15:17:41.355569+00:00,2026-08-18T15:30:06.575670+00:00
417,4436,4440,temporal,0.3184468434852521,probe,ARM_B,0.2,0,0.0,41.18,False,10,2026-08-18T15:17:41.355569+00:00,2026-08-18T15:30:06.575670+00:00
418,3851,4172,temporal,0.3184525858433602,probe,ARM_A,0.0,0,0.0,51.41,False,10,2026-08-18T15:17:41.355569+00:00,2026-08-18T15:30:06.575670+00:00
418,3851,4172,temporal,0.3184525858433602,probe,ARM_B,0.2,0,0.0,54.09,False,10,2026-08-18T15:17:41.355569+00:00,2026-08-18T15:30:06.575670+00:00
419,3860,3968,temporal,0.31847733942691736,probe,ARM_A,0.0,0,0.0,87.01,False,10,2026-08-18T15:17:41.355569+00:00,2026-08-18T15:30:06.575670+00:00
419,3860,3968,temporal,0.31847733942691736,probe,ARM_B,0.2,0,0.0,112.7,False,10,2026-08-18T15:17:41.355569+00:00,2026-08-18T15:30:06.575670+00:00
420,3881,3905,temporal,0.3184846315058407,probe,ARM_A,0.0,0,0.0,163.47,False,10,2026-08-18T15:17:41.355569+00:00,2026-08-18T15:30:06.575670+00:00
420,3881,3905,temporal,0.3184846315058407,probe,ARM_B,0.2,0,0.0,60.07,False,10,2026-08-18T15:17:41.355569+00:00,2026-08-18T15:30:06.575670+00:00
421,4005,4045,temporal,0.3184923339788721,probe,ARM_A,0.0,0,0.0,110.02,False,10,2026-08-18T15:17:41.355569+00:00,2026-08-18T15:30:06.575670+00:00
421,4005,4045,temporal,0.3184923339788721,probe,ARM_B,0.2,0,0.0,80.16,False,10,2026-08-18T15:17:41.355569+00:00,2026-08-18T15:30:06.575670+00:00
422,3850,3950,temporal,0.31851842999458535,probe,ARM_A,0.0,0,0.0,594.13,False,10,2026-08-18T15:17:41.355569+00:00,2026-08-18T15:30:06.575670+00:00
422,3850,3950,temporal,0.31851842999458535,probe,ARM_B,0.2,0,0.0,131.21,False,10,2026-08-18T15:17:41.355569+00:00,2026-08-18T15:30:06.575670+00:00
423,4034,4155,temporal,0.3185329518953527,probe,ARM_A,0.0,0,0.0,46.29,False,10,2026-08-18T15:17:41.355569+00:00,2026-08-18T15:30:06.575670+00:00
423,4034,4155,temporal,0.3185329518953527,probe,ARM_B,0.2,0,0.0,90.89,False,10,2026-08-18T15:17:41.355569+00:00,2026-08-18T15:30:06.575670+00:00
424,3844,3905,temporal,0.3185775564829323,probe,ARM_A,0.0,0,0.0,322.66,False,10,2026-08-18T15:17:41.355569+00:00,2026-08-18T15:30:06.575670+00:00
424,3844,3905,temporal,0.3185775564829323,probe,ARM_B,0.2,0,0.0,157.14,False,10,2026-08-18T15:17:41.355569+00:00,2026-08-18T15:30:06.575670+00:00
425,4010,4047,temporal,0.31860141047231405,probe,ARM_A,0.0,0,0.0,156.0,False,10,2026-08-18T15:17:41.355569+00:00,2026-08-18T15:30:06.575670+00:00
425,4010,4047,temporal,0.31860141047231405,probe,ARM_B,0.2,0,0.0,457.11,False,10,2026-08-18T15:17:41.355569+00:00,2026-08-18T15:30:06.575670+00:00
426,3897,4053,temporal,0.3186048770366715,probe,ARM_A,0.0,0,0.0,175.42,False,10,2026-08-18T15:17:41.355569+00:00,2026-08-18T15:30:06.575670+00:00
426,3897,4053,temporal,0.3186048770366715,probe,ARM_B,0.2,0,0.0,190.95,False,10,2026-08-18T15:17:41.355569+00:00,2026-08-18T15:30:06.575670+00:00
427,3877,3971,temporal,0.31860685480176076,probe,ARM_A,0.0,0,0.0,127.76,False,10,2026-08-18T15:17:41.355569+00:00,2026-08-18T15:30:06.575670+00:00
427,3877,3971,temporal,0.31860685480176076,probe,ARM_B,0.2,0,0.0,196.35,False,10,2026-08-18T15:17:41.355569+00:00,2026-08-18T15:30:06.575670+00:00
428,3860,4085,temporal,0.3186198351710825,probe,ARM_A,0.0,0,0.0,69.61,False,10,2026-08-18T15:17:41.355569+00:00,2026-08-18T15:30:06.575670+00:00
428,3860,4085,temporal,0.3186198351710825,probe,ARM_B,0.2,0,0.0,57.9,False,10,2026-08-18T15:17:41.355569+00:00,2026-08-18T15:30:06.575670+00:00
429,3822,3823,temporal,0.3186819052303407,probe,ARM_A,0.0,0,0.0,133.0,False,10,2026-08-18T15:17:41.355569+00:00,2026-08-18T15:30:06.575670+00:00
429,3822,3823,temporal,0.3186819052303407,probe,ARM_B,0.2,0,0.0,116.8,False,10,2026-08-18T15:17:41.355569+00:00,2026-08-18T15:30:06.575670+00:00
430,3822,3823,temporal,0.3186819052303407,probe,ARM_A,0.0,0,0.0,163.09,False,10,2026-08-18T15:17:41.355569+00:00,2026-08-18T15:30:06.575670+00:00
430,3822,3823,temporal,0.3186819052303407,probe,ARM_B,0.2,0,0.0,153.69,False,10,2026-08-18T15:17:41.355569+00:00,2026-08-18T15:30:06.575670+00:00
431,3822,4145,temporal,0.3187053298564355,probe,ARM_A,0.0,0,0.0,138.78,False,10,2026-08-18T15:17:41.355569+00:00,2026-08-18T15:30:06.575670+00:00
431,3822,4145,temporal,0.3187053298564355,probe,ARM_B,0.2,0,0.0,120.85,False,10,2026-08-18T15:17:41.355569+00:00,2026-08-18T15:30:06.575670+00:00
432,4092,4161,temporal,0.31872564293008676,probe,ARM_A,0.0,0,0.0,35.15,False,10,2026-08-18T15:17:41.355569+00:00,2026-08-18T15:30:06.575670+00:00
432,4092,4161,temporal,0.31872564293008676,probe,ARM_B,0.2,0,0.0,26.44,False,10,2026-08-18T15:17:41.355569+00:00,2026-08-18T15:30:06.575670+00:00
433,4025,4045,temporal,0.31880947947502136,probe,ARM_A,0.0,0,0.0,173.7,False,10,2026-08-18T15:17:41.355569+00:00,2026-08-18T15:30:06.575670+00:00
433,4025,4045,temporal,0.31880947947502136,probe,ARM_B,0.2,0,0.0,192.37,False,10,2026-08-18T15:17:41.355569+00:00,2026-08-18T15:30:06.575670+00:00
434,3952,4151,temporal,0.3188139580266448,probe,ARM_A,0.0,0,0.0,59.91,False,10,2026-08-18T15:17:41.355569+00:00,2026-08-18T15:30:06.575670+00:00
434,3952,4151,temporal,0.3188139580266448,probe,ARM_B,0.2,0,0.0,44.59,False,10,2026-08-18T15:17:41.355569+00:00,2026-08-18T15:30:06.575670+00:00
435,4053,4117,temporal,0.3188716877179383,probe,ARM_A,0.0,0,0.0,190.47,False,10,2026-08-18T15:17:41.355569+00:00,2026-08-18T15:30:06.575670+00:00
435,4053,4117,temporal,0.3188716877179383,probe,ARM_B,0.2,0,0.0,2193.75,False,10,2026-08-18T15:17:41.355569+00:00,2026-08-18T15:30:06.575670+00:00
436,4048,4085,temporal,0.31890021417146974,probe,ARM_A,0.0,0,0.0,74.46,False,10,2026-08-18T15:17:41.355569+00:00,2026-08-18T15:30:06.575670+00:00
436,4048,4085,temporal,0.31890021417146974,probe,ARM_B,0.2,0,0.0,33.72,False,10,2026-08-18T15:17:41.355569+00:00,2026-08-18T15:30:06.575670+00:00
437,3877,3951,temporal,0.3189057124639446,probe,ARM_A,0.0,0,0.0,91.55,False,10,2026-08-18T15:17:41.355569+00:00,2026-08-18T15:30:06.575670+00:00
437,3877,3951,temporal,0.3189057124639446,probe,ARM_B,0.2,0,0.0,222.9,False,10,2026-08-18T15:17:41.355569+00:00,2026-08-18T15:30:06.575670+00:00
438,3968,4004,temporal,0.31892994046211465,probe,ARM_A,0.0,0,0.0,99.46,False,10,2026-08-18T15:17:41.355569+00:00,2026-08-18T15:30:06.575670+00:00
438,3968,4004,temporal,0.31892994046211465,probe,ARM_B,0.2,0,0.0,114.57,False,10,2026-08-18T15:17:41.355569+00:00,2026-08-18T15:30:06.575670+00:00
439,3971,4012,temporal,0.3189394664132277,probe,ARM_A,0.0,0,0.0,69.17,False,10,2026-08-18T15:17:41.355569+00:00,2026-08-18T15:30:06.575670+00:00
439,3971,4012,temporal,0.3189394664132277,probe,ARM_B,0.2,0,0.0,51.4,False,10,2026-08-18T15:17:41.355569+00:00,2026-08-18T15:30:06.575670+00:00
440,3995,4049,temporal,0.3189484356266945,probe,ARM_A,0.0,0,0.0,46.29,False,10,2026-08-18T15:17:41.355569+00:00,2026-08-18T15:30:06.575670+00:00
440,3995,4049,temporal,0.3189484356266945,probe,ARM_B,0.2,0,0.0,79.64,False,10,2026-08-18T15:17:41.355569+00:00,2026-08-18T15:30:06.575670+00:00
441,3878,3955,temporal,0.31895545947020987,probe,ARM_A,0.0,0,0.0,2082.59,False,10,2026-08-18T15:17:41.355569+00:00,2026-08-18T15:30:06.575670+00:00
441,3878,3955,temporal,0.31895545947020987,probe,ARM_B,0.2,0,0.0,164.62,False,10,2026-08-18T15:17:41.355569+00:00,2026-08-18T15:30:06.575670+00:00
442,3971,4045,temporal,0.3189751004867287,probe,ARM_A,0.0,0,0.0,36.81,False,10,2026-08-18T15:17:41.355569+00:00,2026-08-18T15:30:06.575670+00:00
442,3971,4045,temporal,0.3189751004867287,probe,ARM_B,0.2,0,0.0,40.67,False,10,2026-08-18T15:17:41.355569+00:00,2026-08-18T15:30:06.575670+00:00
443,3851,4164,temporal,0.3189823627471924,probe,ARM_A,0.0,0,0.0,74.97,False,10,2026-08-18T15:17:41.355569+00:00,2026-08-18T15:30:06.575670+00:00
443,3851,4164,temporal,0.3189823627471924,probe,ARM_B,0.2,0,0.0,63.63,False,10,2026-08-18T15:17:41.355569+00:00,2026-08-18T15:30:06.575670+00:00
444,3851,4151,temporal,0.31904468763407556,probe,ARM_A,0.0,0,0.0,82.14,False,10,2026-08-18T15:17:41.355569+00:00,2026-08-18T15:30:06.575670+00:00
444,3851,4151,temporal,0.31904468763407556,probe,ARM_B,0.2,0,0.0,80.02,False,10,2026-08-18T15:17:41.355569+00:00,2026-08-18T15:30:06.575670+00:00
445,3860,3955,temporal,0.3190614542827932,probe,ARM_A,0.0,0,0.0,115.23,False,10,2026-08-18T15:17:41.355569+00:00,2026-08-18T15:30:06.575670+00:00
445,3860,3955,temporal,0.3190614542827932,probe,ARM_B,0.2,0,0.0,75.57,False,10,2026-08-18T15:17:41.355569+00:00,2026-08-18T15:30:06.575670+00:00
446,3909,4096,temporal,0.31908548829214256,probe,ARM_A,0.0,0,0.0,52.74,False,10,2026-08-18T15:17:41.355569+00:00,2026-08-18T15:30:06.575670+00:00
446,3909,4096,temporal,0.31908548829214256,probe,ARM_B,0.2,0,0.0,60.24,False,10,2026-08-18T15:17:41.355569+00:00,2026-08-18T15:30:06.575670+00:00
447,3867,4025,temporal,0.31909826270624486,probe,ARM_A,0.0,0,0.0,176.79,False,10,2026-08-18T15:17:41.355569+00:00,2026-08-18T15:30:06.575670+00:00
447,3867,4025,temporal,0.31909826270624486,probe,ARM_B,0.2,0,0.0,157.22,False,10,2026-08-18T15:17:41.355569+00:00,2026-08-18T15:30:06.575670+00:00
448,3955,4047,temporal,0.3191328023313532,probe,ARM_A,0.0,0,0.0,95.59,False,10,2026-08-18T15:17:41.355569+00:00,2026-08-18T15:30:06.575670+00:00
448,3955,4047,temporal,0.3191328023313532,probe,ARM_B,0.2,0,0.0,70.15,False,10,2026-08-18T15:17:41.355569+00:00,2026-08-18T15:30:06.575670+00:00
449,4027,4045,temporal,0.3191460371017456,probe,ARM_A,0.0,0,0.0,135.25,False,10,2026-08-18T15:17:41.355569+00:00,2026-08-18T15:30:06.575670+00:00
449,4027,4045,temporal,0.3191460371017456,probe,ARM_B,0.2,0,0.0,146.86,False,10,2026-08-18T15:17:41.355569+00:00,2026-08-18T15:30:06.575670+00:00
450,4070,4075,temporal,0.31916290521621704,probe,ARM_A,0.0,0,0.0,53.09,False,10,2026-08-18T15:17:41.355569+00:00,2026-08-18T15:30:06.575670+00:00
450,4070,4075,temporal,0.31916290521621704,probe,ARM_B,0.2,0,0.0,43.93,False,10,2026-08-18T15:17:41.355569+00:00,2026-08-18T15:30:06.575670+00:00
451,3822,4109,temporal,0.31920685286562756,probe,ARM_A,0.0,0,0.0,2435.71,False,10,2026-08-18T15:17:41.355569+00:00,2026-08-18T15:30:06.575670+00:00
451,3822,4109,temporal,0.31920685286562756,probe,ARM_B,0.2,0,0.0,507.0,False,10,2026-08-18T15:17:41.355569+00:00,2026-08-18T15:30:06.575670+00:00
452,3887,4172,temporal,0.31930210109365653,probe,ARM_A,0.0,0,0.0,244.25,False,10,2026-08-18T15:17:41.355569+00:00,2026-08-18T15:30:06.575670+00:00
452,3887,4172,temporal,0.31930210109365653,probe,ARM_B,0.2,0,0.0,195.58,False,10,2026-08-18T15:17:41.355569+00:00,2026-08-18T15:30:06.575670+00:00
453,3868,4053,temporal,0.3194375849440616,probe,ARM_A,0.0,0,0.0,256.82,False,10,2026-08-18T15:17:41.355569+00:00,2026-08-18T15:30:06.575670+00:00
453,3868,4053,temporal,0.3194375849440616,probe,ARM_B,0.2,0,0.0,346.94,False,10,2026-08-18T15:17:41.355569+00:00,2026-08-18T15:30:06.575670+00:00
454,3808,4019,temporal,0.31949018108610705,probe,ARM_A,0.0,0,0.0,428.34,False,10,2026-08-18T15:17:41.355569+00:00,2026-08-18T15:30:06.575670+00:00
454,3808,4019,temporal,0.31949018108610705,probe,ARM_B,0.2,0,0.0,420.88,False,10,2026-08-18T15:17:41.355569+00:00,2026-08-18T15:30:06.575670+00:00
455,3958,3991,temporal,0.31951504945755227,probe,ARM_A,0.0,0,0.0,117.16,False,10,2026-08-18T15:17:41.355569+00:00,2026-08-18T15:30:06.575670+00:00
455,3958,3991,temporal,0.31951504945755227,probe,ARM_B,0.2,0,0.0,49.85,False,10,2026-08-18T15:17:41.355569+00:00,2026-08-18T15:30:06.575670+00:00
456,3949,4025,temporal,0.31957897420933734,probe,ARM_A,0.0,0,0.0,163.02,False,10,2026-08-18T15:17:41.355569+00:00,2026-08-18T15:30:06.575670+00:00
456,3949,4025,temporal,0.31957897420933734,probe,ARM_B,0.2,0,0.0,95.5,False,10,2026-08-18T15:17:41.355569+00:00,2026-08-18T15:30:06.575670+00:00
457,3822,4047,temporal,0.319585679732473,probe,ARM_A,0.0,0,0.0,167.48,False,10,2026-08-18T15:17:41.355569+00:00,2026-08-18T15:30:06.575670+00:00
457,3822,4047,temporal,0.319585679732473,probe,ARM_B,0.2,0,0.0,284.78,False,10,2026-08-18T15:17:41.355569+00:00,2026-08-18T15:30:06.575670+00:00
458,3822,4017,temporal,0.3196070885541169,probe,ARM_A,0.0,0,0.0,598.54,False,10,2026-08-18T15:17:41.355569+00:00,2026-08-18T15:30:06.575670+00:00
458,3822,4017,temporal,0.3196070885541169,probe,ARM_B,0.2,0,0.0,563.69,False,10,2026-08-18T15:17:41.355569+00:00,2026-08-18T15:30:06.575670+00:00
459,3969,4053,temporal,0.31963923695929075,probe,ARM_A,0.0,0,0.0,423.09,False,10,2026-08-18T15:17:41.355569+00:00,2026-08-18T15:30:06.575670+00:00
459,3969,4053,temporal,0.31963923695929075,probe,ARM_B,0.2,0,0.0,252.1,False,10,2026-08-18T15:17:41.355569+00:00,2026-08-18T15:30:06.575670+00:00
460,3880,4127,temporal,0.3197487377820918,probe,ARM_A,0.0,0,0.0,641.78,False,10,2026-08-18T15:17:41.355569+00:00,2026-08-18T15:30:06.575670+00:00
460,3880,4127,temporal,0.3197487377820918,probe,ARM_B,0.2,0,0.0,486.12,False,10,2026-08-18T15:17:41.355569+00:00,2026-08-18T15:30:06.575670+00:00
461,5807,5854,temporal,0.3198142445032075,probe,ARM_A,0.0,0,0.0,580.06,False,10,2026-08-18T15:17:41.355569+00:00,2026-08-18T15:30:06.575670+00:00
461,5807,5854,temporal,0.3198142445032075,probe,ARM_B,0.2,0,0.0,28.92,False,10,2026-08-18T15:17:41.355569+00:00,2026-08-18T15:30:06.575670+00:00
462,3860,4146,temporal,0.3198514842588711,probe,ARM_A,0.0,0,0.0,89.34,False,10,2026-08-18T15:17:41.355569+00:00,2026-08-18T15:30:06.575670+00:00
462,3860,4146,temporal,0.3198514842588711,probe,ARM_B,0.2,0,0.0,218.17,False,10,2026-08-18T15:17:41.355569+00:00,2026-08-18T15:30:06.575670+00:00
463,4037,4053,temporal,0.31986671686173396,probe,ARM_A,0.0,0,0.0,108.92,False,10,2026-08-18T15:17:41.355569+00:00,2026-08-18T15:30:06.575670+00:00
463,4037,4053,temporal,0.31986671686173396,probe,ARM_B,0.2,0,0.0,79.44,False,10,2026-08-18T15:17:41.355569+00:00,2026-08-18T15:30:06.575670+00:00
464,3808,4096,temporal,0.3199676060637964,probe,ARM_A,0.0,0,0.0,236.04,False,10,2026-08-18T15:17:41.355569+00:00,2026-08-18T15:30:06.575670+00:00
464,3808,4096,temporal,0.3199676060637964,probe,ARM_B,0.2,0,0.0,516.42,False,10,2026-08-18T15:17:41.355569+00:00,2026-08-18T15:30:06.575670+00:00
465,4034,4092,temporal,0.31997071623627704,probe,ARM_A,0.0,0,0.0,39.4,False,10,2026-08-18T15:17:41.355569+00:00,2026-08-18T15:30:06.575670+00:00
465,4034,4092,temporal,0.31997071623627704,probe,ARM_B,0.2,0,0.0,42.19,False,10,2026-08-18T15:17:41.355569+00:00,2026-08-18T15:30:06.575670+00:00
466,3887,4155,temporal,0.32001281619224975,probe,ARM_A,0.0,0,0.0,216.09,False,10,2026-08-18T15:17:41.355569+00:00,2026-08-18T15:30:06.575670+00:00
466,3887,4155,temporal,0.32001281619224975,probe,ARM_B,0.2,0,0.0,161.29,False,10,2026-08-18T15:17:41.355569+00:00,2026-08-18T15:30:06.575670+00:00
467,3868,4049,temporal,0.32003422380004043,probe,ARM_A,0.0,0,0.0,119.28,False,10,2026-08-18T15:17:41.355569+00:00,2026-08-18T15:30:06.575670+00:00
467,3868,4049,temporal,0.32003422380004043,probe,ARM_B,0.2,0,0.0,140.0,False,10,2026-08-18T15:17:41.355569+00:00,2026-08-18T15:30:06.575670+00:00
468,4019,4070,temporal,0.3200526714403473,probe,ARM_A,0.0,0,0.0,147.26,False,10,2026-08-18T15:17:41.355569+00:00,2026-08-18T15:30:06.575670+00:00
468,4019,4070,temporal,0.3200526714403473,probe,ARM_B,0.2,0,0.0,201.28,False,10,2026-08-18T15:17:41.355569+00:00,2026-08-18T15:30:06.575670+00:00
469,4045,4131,temporal,0.32006908298362524,probe,ARM_A,0.0,0,0.0,109.09,False,10,2026-08-18T15:17:41.355569+00:00,2026-08-18T15:30:06.575670+00:00
469,4045,4131,temporal,0.32006908298362524,probe,ARM_B,0.2,0,0.0,93.83,False,10,2026-08-18T15:17:41.355569+00:00,2026-08-18T15:30:06.575670+00:00
470,3846,4146,temporal,0.32009505034909536,probe,ARM_A,0.0,0,0.0,202.59,False,10,2026-08-18T15:17:41.355569+00:00,2026-08-18T15:30:06.575670+00:00
470,3846,4146,temporal,0.32009505034909536,probe,ARM_B,0.2,0,0.0,95.54,False,10,2026-08-18T15:17:41.355569+00:00,2026-08-18T15:30:06.575670+00:00
471,3952,4175,temporal,0.32010609747244323,probe,ARM_A,0.0,0,0.0,177.54,False,10,2026-08-18T15:17:41.355569+00:00,2026-08-18T15:30:06.575670+00:00
471,3952,4175,temporal,0.32010609747244323,probe,ARM_B,0.2,0,0.0,562.96,False,10,2026-08-18T15:17:41.355569+00:00,2026-08-18T15:30:06.575670+00:00
472,3857,3955,temporal,0.3201146209376622,probe,ARM_A,0.0,0,0.0,1711.55,False,10,2026-08-18T15:17:41.355569+00:00,2026-08-18T15:30:06.575670+00:00
472,3857,3955,temporal,0.3201146209376622,probe,ARM_B,0.2,0,0.0,128.54,False,10,2026-08-18T15:17:41.355569+00:00,2026-08-18T15:30:06.575670+00:00
473,3971,4060,temporal,0.32017241954289744,probe,ARM_A,0.0,0,0.0,51.77,False,10,2026-08-18T15:17:41.355569+00:00,2026-08-18T15:30:06.575670+00:00
473,3971,4060,temporal,0.32017241954289744,probe,ARM_B,0.2,0,0.0,38.49,False,10,2026-08-18T15:17:41.355569+00:00,2026-08-18T15:30:06.575670+00:00
474,3876,3877,temporal,0.3202049445922758,probe,ARM_A,0.0,0,0.0,95.6,False,10,2026-08-18T15:17:41.355569+00:00,2026-08-18T15:30:06.575670+00:00
474,3876,3877,temporal,0.3202049445922758,probe,ARM_B,0.2,0,0.0,146.61,False,10,2026-08-18T15:17:41.355569+00:00,2026-08-18T15:30:06.575670+00:00
475,3876,3877,temporal,0.3202049445922758,probe,ARM_A,0.0,0,0.0,97.67,False,10,2026-08-18T15:17:41.355569+00:00,2026-08-18T15:30:06.575670+00:00
475,3876,3877,temporal,0.3202049445922758,probe,ARM_B,0.2,0,0.0,146.41,False,10,2026-08-18T15:17:41.355569+00:00,2026-08-18T15:30:06.575670+00:00
476,3884,4025,temporal,0.3203326547542422,probe,ARM_A,0.0,0,0.0,302.16,False,10,2026-08-18T15:17:41.355569+00:00,2026-08-18T15:30:06.575670+00:00
476,3884,4025,temporal,0.3203326547542422,probe,ARM_B,0.2,0,0.0,88.16,False,10,2026-08-18T15:17:41.355569+00:00,2026-08-18T15:30:06.575670+00:00
477,3906,4045,temporal,0.32042000537157356,probe,ARM_A,0.0,0,0.0,91.25,False,10,2026-08-18T15:17:41.355569+00:00,2026-08-18T15:30:06.575670+00:00
477,3906,4045,temporal,0.32042000537157356,probe,ARM_B,0.2,0,0.0,51.79,False,10,2026-08-18T15:17:41.355569+00:00,2026-08-18T15:30:06.575670+00:00
478,4045,4172,temporal,0.320428867365651,probe,ARM_A,0.0,0,0.0,52.77,False,10,2026-08-18T15:17:41.355569+00:00,2026-08-18T15:30:06.575670+00:00
478,4045,4172,temporal,0.320428867365651,probe,ARM_B,0.2,0,0.0,42.43,False,10,2026-08-18T15:17:41.355569+00:00,2026-08-18T15:30:06.575670+00:00
479,3868,4137,temporal,0.32043960575219566,probe,ARM_A,0.0,0,0.0,69.49,False,10,2026-08-18T15:17:41.355569+00:00,2026-08-18T15:30:06.575670+00:00
479,3868,4137,temporal,0.32043960575219566,probe,ARM_B,0.2,0,0.0,82.92,False,10,2026-08-18T15:17:41.355569+00:00,2026-08-18T15:30:06.575670+00:00
480,7654,7663,temporal,0.3204418707288996,probe,ARM_A,0.0,0,0.0,80.06,False,10,2026-08-18T15:17:41.355569+00:00,2026-08-18T15:30:06.575670+00:00
480,7654,7663,temporal,0.3204418707288996,probe,ARM_B,0.2,0,0.0,106.87,False,10,2026-08-18T15:17:41.355569+00:00,2026-08-18T15:30:06.575670+00:00
481,4050,4158,temporal,0.3205040479307255,probe,ARM_A,0.0,0,0.0,2115.52,False,10,2026-08-18T15:17:41.355569+00:00,2026-08-18T15:30:06.575670+00:00
481,4050,4158,temporal,0.3205040479307255,probe,ARM_B,0.2,0,0.0,81.11,False,10,2026-08-18T15:17:41.355569+00:00,2026-08-18T15:30:06.575670+00:00
482,3860,4069,temporal,0.3205763365384052,probe,ARM_A,0.0,0,0.0,57.91,False,10,2026-08-18T15:17:41.355569+00:00,2026-08-18T15:30:06.575670+00:00
482,3860,4069,temporal,0.3205763365384052,probe,ARM_B,0.2,0,0.0,68.04,False,10,2026-08-18T15:17:41.355569+00:00,2026-08-18T15:30:06.575670+00:00
483,3873,4096,temporal,0.32059883843639814,probe,ARM_A,0.0,0,0.0,53.16,False,10,2026-08-18T15:17:41.355569+00:00,2026-08-18T15:30:06.575670+00:00
483,3873,4096,temporal,0.32059883843639814,probe,ARM_B,0.2,0,0.0,54.68,False,10,2026-08-18T15:17:41.355569+00:00,2026-08-18T15:30:06.575670+00:00
484,3852,4047,temporal,0.3206092203389669,probe,ARM_A,0.0,0,0.0,72.77,False,10,2026-08-18T15:17:41.355569+00:00,2026-08-18T15:30:06.575670+00:00
484,3852,4047,temporal,0.3206092203389669,probe,ARM_B,0.2,0,0.0,89.68,False,10,2026-08-18T15:17:41.355569+00:00,2026-08-18T15:30:06.575670+00:00
485,3905,4087,temporal,0.3206820262901243,probe,ARM_A,0.0,0,0.0,51.11,False,10,2026-08-18T15:17:41.355569+00:00,2026-08-18T15:30:06.575670+00:00
485,3905,4087,temporal,0.3206820262901243,probe,ARM_B,0.2,0,0.0,62.63,False,10,2026-08-18T15:17:41.355569+00:00,2026-08-18T15:30:06.575670+00:00
486,4134,4161,temporal,0.3206840157508941,probe,ARM_A,0.0,0,0.0,71.59,False,10,2026-08-18T15:17:41.355569+00:00,2026-08-18T15:30:06.575670+00:00
486,4134,4161,temporal,0.3206840157508941,probe,ARM_B,0.2,0,0.0,57.81,False,10,2026-08-18T15:17:41.355569+00:00,2026-08-18T15:30:06.575670+00:00
487,3868,3962,temporal,0.3206958961901609,probe,ARM_A,0.0,0,0.0,2143.26,False,10,2026-08-18T15:17:41.355569+00:00,2026-08-18T15:30:06.575670+00:00
487,3868,3962,temporal,0.3206958961901609,probe,ARM_B,0.2,0,0.0,121.39,False,10,2026-08-18T15:17:41.355569+00:00,2026-08-18T15:30:06.575670+00:00
488,4127,4136,temporal,0.32077062129974365,probe,ARM_A,0.0,0,0.0,40.98,False,10,2026-08-18T15:17:41.355569+00:00,2026-08-18T15:30:06.575670+00:00
488,4127,4136,temporal,0.32077062129974365,probe,ARM_B,0.2,0,0.0,34.23,False,10,2026-08-18T15:17:41.355569+00:00,2026-08-18T15:30:06.575670+00:00
489,3846,3873,temporal,0.3207715131231891,probe,ARM_A,0.0,0,0.0,139.93,False,10,2026-08-18T15:17:41.355569+00:00,2026-08-18T15:30:06.575670+00:00
489,3846,3873,temporal,0.3207715131231891,probe,ARM_B,0.2,0,0.0,129.65,False,10,2026-08-18T15:17:41.355569+00:00,2026-08-18T15:30:06.575670+00:00
490,3993,4010,temporal,0.3207960938458354,probe,ARM_A,0.0,0,0.0,50.58,False,10,2026-08-18T15:17:41.355569+00:00,2026-08-18T15:30:06.575670+00:00
490,3993,4010,temporal,0.3207960938458354,probe,ARM_B,0.2,0,0.0,40.07,False,10,2026-08-18T15:17:41.355569+00:00,2026-08-18T15:30:06.575670+00:00
491,3851,4115,temporal,0.3208113408330484,probe,ARM_A,0.0,0,0.0,66.66,False,10,2026-08-18T15:17:41.355569+00:00,2026-08-18T15:30:06.575670+00:00
491,3851,4115,temporal,0.3208113408330484,probe,ARM_B,0.2,0,0.0,68.88,False,10,2026-08-18T15:17:41.355569+00:00,2026-08-18T15:30:06.575670+00:00
492,3860,4177,temporal,0.3208313359564363,probe,ARM_A,0.0,0,0.0,71.38,False,10,2026-08-18T15:17:41.355569+00:00,2026-08-18T15:30:06.575670+00:00
492,3860,4177,temporal,0.3208313359564363,probe,ARM_B,0.2,0,0.0,89.45,False,10,2026-08-18T15:17:41.355569+00:00,2026-08-18T15:30:06.575670+00:00
493,3885,4127,temporal,0.3208846821246447,probe,ARM_A,0.0,0,0.0,2019.21,False,10,2026-08-18T15:17:41.355569+00:00,2026-08-18T15:30:06.575670+00:00
493,3885,4127,temporal,0.3208846821246447,probe,ARM_B,0.2,0,0.0,151.48,False,10,2026-08-18T15:17:41.355569+00:00,2026-08-18T15:30:06.575670+00:00
494,3846,3908,temporal,0.32089365484993637,probe,ARM_A,0.0,0,0.0,133.62,False,10,2026-08-18T15:17:41.355569+00:00,2026-08-18T15:30:06.575670+00:00
494,3846,3908,temporal,0.32089365484993637,probe,ARM_B,0.2,0,0.0,103.43,False,10,2026-08-18T15:17:41.355569+00:00,2026-08-18T15:30:06.575670+00:00
495,4053,4136,temporal,0.32091589916755203,probe,ARM_A,0.0,0,0.0,107.74,False,10,2026-08-18T15:17:41.355569+00:00,2026-08-18T15:30:06.575670+00:00
495,4053,4136,temporal,0.32091589916755203,probe,ARM_B,0.2,0,0.0,232.98,False,10,2026-08-18T15:17:41.355569+00:00,2026-08-18T15:30:06.575670+00:00
496,3970,3996,temporal,0.3209270345612154,probe,ARM_A,0.0,0,0.0,212.18,False,10,2026-08-18T15:17:41.355569+00:00,2026-08-18T15:30:06.575670+00:00
496,3970,3996,temporal,0.3209270345612154,probe,ARM_B,0.2,0,0.0,127.68,False,10,2026-08-18T15:17:41.355569+00:00,2026-08-18T15:30:06.575670+00:00
497,4049,4087,temporal,0.3209846880692899,probe,ARM_A,0.0,0,0.0,166.73,False,10,2026-08-18T15:17:41.355569+00:00,2026-08-18T15:30:06.575670+00:00
497,4049,4087,temporal,0.3209846880692899,probe,ARM_B,0.2,0,0.0,58.84,False,10,2026-08-18T15:17:41.355569+00:00,2026-08-18T15:30:06.575670+00:00
498,3883,4127,temporal,0.3209891701923835,probe,ARM_A,0.0,0,0.0,145.44,False,10,2026-08-18T15:17:41.355569+00:00,2026-08-18T15:30:06.575670+00:00
498,3883,4127,temporal,0.3209891701923835,probe,ARM_B,0.2,0,0.0,108.48,False,10,2026-08-18T15:17:41.355569+00:00,2026-08-18T15:30:06.575670+00:00
499,3846,3927,temporal,0.32103461983903125,probe,ARM_A,0.0,0,0.0,149.41,False,10,2026-08-18T15:17:41.355569+00:00,2026-08-18T15:30:06.575670+00:00
499,3846,3927,temporal,0.32103461983903125,probe,ARM_B,0.2,0,0.0,169.13,False,10,2026-08-18T15:17:41.355569+00:00,2026-08-18T15:30:06.575670+00:00
500,3813,3850,temporal,0.3210818053903888,probe,ARM_A,0.0,0,0.0,148.87,False,10,2026-08-18T15:17:41.355569+00:00,2026-08-18T15:30:06.575670+00:00
500,3813,3850,temporal,0.3210818053903888,probe,ARM_B,0.2,0,0.0,156.74,False,10,2026-08-18T15:17:41.355569+00:00,2026-08-18T15:30:06.575670+00:00
501,3823,4004,temporal,0.3212960170927044,probe,ARM_A,0.0,0,0.0,136.9,False,10,2026-08-18T15:17:41.355569+00:00,2026-08-18T15:30:06.575670+00:00
501,3823,4004,temporal,0.3212960170927044,probe,ARM_B,0.2,0,0.0,398.32,False,10,2026-08-18T15:17:41.355569+00:00,2026-08-18T15:30:06.575670+00:00
502,4154,4155,temporal,0.32129918248633915,probe,ARM_A,0.0,0,0.0,154.11,False,10,2026-08-18T15:17:41.355569+00:00,2026-08-18T15:30:06.575670+00:00
502,4154,4155,temporal,0.32129918248633915,probe,ARM_B,0.2,0,0.0,121.23,False,10,2026-08-18T15:17:41.355569+00:00,2026-08-18T15:30:06.575670+00:00
503,4154,4155,temporal,0.32129918248633915,probe,ARM_A,0.0,0,0.0,115.08,False,10,2026-08-18T15:17:41.355569+00:00,2026-08-18T15:30:06.575670+00:00
503,4154,4155,temporal,0.32129918248633915,probe,ARM_B,0.2,0,0.0,131.07,False,10,2026-08-18T15:17:41.355569+00:00,2026-08-18T15:30:06.575670+00:00
504,3952,4053,temporal,0.3213443075008049,probe,ARM_A,0.0,0,0.0,138.05,False,10,2026-08-18T15:17:41.355569+00:00,2026-08-18T15:30:06.575670+00:00
504,3952,4053,temporal,0.3213443075008049,probe,ARM_B,0.2,0,0.0,129.4,False,10,2026-08-18T15:17:41.355569+00:00,2026-08-18T15:30:06.575670+00:00
505,3952,4055,temporal,0.3213474665466014,probe,ARM_A,0.0,0,0.0,258.72,False,10,2026-08-18T15:17:41.355569+00:00,2026-08-18T15:30:06.575670+00:00
505,3952,4055,temporal,0.3213474665466014,probe,ARM_B,0.2,0,0.0,222.9,False,10,2026-08-18T15:17:41.355569+00:00,2026-08-18T15:30:06.575670+00:00
506,4127,4138,temporal,0.32151438722100245,probe,ARM_A,0.0,0,0.0,44.12,False,10,2026-08-18T15:17:41.355569+00:00,2026-08-18T15:30:06.575670+00:00
506,4127,4138,temporal,0.32151438722100245,probe,ARM_B,0.2,0,0.0,36.83,False,10,2026-08-18T15:17:41.355569+00:00,2026-08-18T15:30:06.575670+00:00
507,3821,4121,temporal,0.32155769852836025,probe,ARM_A,0.0,0,0.0,156.14,False,10,2026-08-18T15:17:41.355569+00:00,2026-08-18T15:30:06.575670+00:00
507,3821,4121,temporal,0.32155769852836025,probe,ARM_B,0.2,0,0.0,104.19,False,10,2026-08-18T15:17:41.355569+00:00,2026-08-18T15:30:06.575670+00:00
508,3823,3851,temporal,0.32156795263290405,probe,ARM_A,0.0,0,0.0,64.29,False,10,2026-08-18T15:17:41.355569+00:00,2026-08-18T15:30:06.575670+00:00
508,3823,3851,temporal,0.32156795263290405,probe,ARM_B,0.2,0,0.0,61.5,False,10,2026-08-18T15:17:41.355569+00:00,2026-08-18T15:30:06.575670+00:00
509,3952,4171,temporal,0.32160363454862284,probe,ARM_A,0.0,0,0.0,46.48,False,10,2026-08-18T15:17:41.355569+00:00,2026-08-18T15:30:06.575670+00:00
509,3952,4171,temporal,0.32160363454862284,probe,ARM_B,0.2,0,0.0,47.85,False,10,2026-08-18T15:17:41.355569+00:00,2026-08-18T15:30:06.575670+00:00
510,3846,3958,temporal,0.3216071629045272,probe,ARM_A,0.0,0,0.0,2190.05,False,10,2026-08-18T15:17:41.355569+00:00,2026-08-18T15:30:06.575670+00:00
510,3846,3958,temporal,0.3216071629045272,probe,ARM_B,0.2,0,0.0,524.13,False,10,2026-08-18T15:17:41.355569+00:00,2026-08-18T15:30:06.575670+00:00
511,3953,4045,temporal,0.3216855621840229,probe,ARM_A,0.0,0,0.0,191.81,False,10,2026-08-18T15:17:41.355569+00:00,2026-08-18T15:30:06.575670+00:00
511,3953,4045,temporal,0.3216855621840229,probe,ARM_B,0.2,0,0.0,98.74,False,10,2026-08-18T15:17:41.355569+00:00,2026-08-18T15:30:06.575670+00:00
512,3953,4047,temporal,0.32171910897366196,probe,ARM_A,0.0,0,0.0,80.8,False,10,2026-08-18T15:17:41.355569+00:00,2026-08-18T15:30:06.575670+00:00
512,3953,4047,temporal,0.32171910897366196,probe,ARM_B,0.2,0,0.0,66.87,False,10,2026-08-18T15:17:41.355569+00:00,2026-08-18T15:30:06.575670+00:00
513,4005,4136,temporal,0.3217284785670955,probe,ARM_A,0.0,0,0.0,83.01,False,10,2026-08-18T15:17:41.355569+00:00,2026-08-18T15:30:06.575670+00:00
513,4005,4136,temporal,0.3217284785670955,probe,ARM_B,0.2,0,0.0,79.02,False,10,2026-08-18T15:17:41.355569+00:00,2026-08-18T15:30:06.575670+00:00
514,4470,4473,temporal,0.321764418097069,probe,ARM_A,0.0,0,0.0,93.2,False,10,2026-08-18T15:17:41.355569+00:00,2026-08-18T15:30:06.575670+00:00
514,4470,4473,temporal,0.321764418097069,probe,ARM_B,0.2,0,0.0,28.63,False,10,2026-08-18T15:17:41.355569+00:00,2026-08-18T15:30:06.575670+00:00
515,4470,4473,temporal,0.321764418097069,probe,ARM_A,0.0,0,0.0,45.52,False,10,2026-08-18T15:17:41.355569+00:00,2026-08-18T15:30:06.575670+00:00
515,4470,4473,temporal,0.321764418097069,probe,ARM_B,0.2,0,0.0,49.41,False,10,2026-08-18T15:17:41.355569+00:00,2026-08-18T15:30:06.575670+00:00
516,3877,4015,temporal,0.3218154736005131,probe,ARM_A,0.0,0,0.0,115.16,False,10,2026-08-18T15:17:41.355569+00:00,2026-08-18T15:30:06.575670+00:00
516,3877,4015,temporal,0.3218154736005131,probe,ARM_B,0.2,0,0.0,81.9,False,10,2026-08-18T15:17:41.355569+00:00,2026-08-18T15:30:06.575670+00:00
517,3868,3953,temporal,0.3218392229628333,probe,ARM_A,0.0,0,0.0,142.83,False,10,2026-08-18T15:17:41.355569+00:00,2026-08-18T15:30:06.575670+00:00
517,3868,3953,temporal,0.3218392229628333,probe,ARM_B,0.2,0,0.0,322.39,False,10,2026-08-18T15:17:41.355569+00:00,2026-08-18T15:30:06.575670+00:00
518,3952,4034,temporal,0.32192111015319824,probe,ARM_A,0.0,0,0.0,59.55,False,10,2026-08-18T15:17:41.355569+00:00,2026-08-18T15:30:06.575670+00:00
518,3952,4034,temporal,0.32192111015319824,probe,ARM_B,0.2,0,0.0,65.78,False,10,2026-08-18T15:17:41.355569+00:00,2026-08-18T15:30:06.575670+00:00
519,4053,4131,temporal,0.3219226598739715,probe,ARM_A,0.0,0,0.0,86.46,False,10,2026-08-18T15:17:41.355569+00:00,2026-08-18T15:30:06.575670+00:00
519,4053,4131,temporal,0.3219226598739715,probe,ARM_B,0.2,0,0.0,107.82,False,10,2026-08-18T15:17:41.355569+00:00,2026-08-18T15:30:06.575670+00:00
520,4050,4134,temporal,0.32195170856098065,probe,ARM_A,0.0,0,0.0,60.87,False,10,2026-08-18T15:17:41.355569+00:00,2026-08-18T15:30:06.575670+00:00
520,4050,4134,temporal,0.32195170856098065,probe,ARM_B,0.2,0,0.0,50.74,False,10,2026-08-18T15:17:41.355569+00:00,2026-08-18T15:30:06.575670+00:00
521,3908,4034,temporal,0.3219563364982605,probe,ARM_A,0.0,0,0.0,97.46,False,10,2026-08-18T15:17:41.355569+00:00,2026-08-18T15:30:06.575670+00:00
521,3908,4034,temporal,0.3219563364982605,probe,ARM_B,0.2,0,0.0,49.09,False,10,2026-08-18T15:17:41.355569+00:00,2026-08-18T15:30:06.575670+00:00
522,3887,3966,temporal,0.321957497771756,probe,ARM_A,0.0,0,0.0,160.29,False,10,2026-08-18T15:17:41.355569+00:00,2026-08-18T15:30:06.575670+00:00
522,3887,3966,temporal,0.321957497771756,probe,ARM_B,0.2,0,0.0,203.09,False,10,2026-08-18T15:17:41.355569+00:00,2026-08-18T15:30:06.575670+00:00
523,4045,4115,temporal,0.3220078445079282,probe,ARM_A,0.0,0,0.0,88.73,False,10,2026-08-18T15:17:41.355569+00:00,2026-08-18T15:30:06.575670+00:00
523,4045,4115,temporal,0.3220078445079282,probe,ARM_B,0.2,0,0.0,66.41,False,10,2026-08-18T15:17:41.355569+00:00,2026-08-18T15:30:06.575670+00:00
524,4087,4092,temporal,0.3220444003422982,probe,ARM_A,0.0,0,0.0,311.99,False,10,2026-08-18T15:17:41.355569+00:00,2026-08-18T15:30:06.575670+00:00
524,4087,4092,temporal,0.3220444003422982,probe,ARM_B,0.2,0,0.0,112.1,False,10,2026-08-18T15:17:41.355569+00:00,2026-08-18T15:30:06.575670+00:00
525,4087,4092,temporal,0.3220444003422982,probe,ARM_A,0.0,0,0.0,128.08,False,10,2026-08-18T15:17:41.355569+00:00,2026-08-18T15:30:06.575670+00:00
525,4087,4092,temporal,0.3220444003422982,probe,ARM_B,0.2,0,0.0,96.3,False,10,2026-08-18T15:17:41.355569+00:00,2026-08-18T15:30:06.575670+00:00
526,3822,3905,temporal,0.32208941246144973,probe,ARM_A,0.0,0,0.0,1040.48,False,10,2026-08-18T15:17:41.355569+00:00,2026-08-18T15:30:06.575670+00:00
526,3822,3905,temporal,0.32208941246144973,probe,ARM_B,0.2,0,0.0,211.49,False,10,2026-08-18T15:17:41.355569+00:00,2026-08-18T15:30:06.575670+00:00
527,4025,4049,temporal,0.32210170061912,probe,ARM_A,0.0,0,0.0,291.1,False,10,2026-08-18T15:17:41.355569+00:00,2026-08-18T15:30:06.575670+00:00
527,4025,4049,temporal,0.32210170061912,probe,ARM_B,0.2,0,0.0,112.09,False,10,2026-08-18T15:17:41.355569+00:00,2026-08-18T15:30:06.575670+00:00
528,3949,4127,temporal,0.3221820880933496,probe,ARM_A,0.0,0,0.0,230.69,False,10,2026-08-18T15:17:41.355569+00:00,2026-08-18T15:30:06.575670+00:00
528,3949,4127,temporal,0.3221820880933496,probe,ARM_B,0.2,0,0.0,129.14,False,10,2026-08-18T15:17:41.355569+00:00,2026-08-18T15:30:06.575670+00:00
529,3905,4022,temporal,0.3222064654004214,probe,ARM_A,0.0,0,0.0,112.68,False,10,2026-08-18T15:17:41.355569+00:00,2026-08-18T15:30:06.575670+00:00
529,3905,4022,temporal,0.3222064654004214,probe,ARM_B,0.2,0,0.0,53.38,False,10,2026-08-18T15:17:41.355569+00:00,2026-08-18T15:30:06.575670+00:00
530,4012,4164,temporal,0.3222093082132731,probe,ARM_A,0.0,0,0.0,106.03,False,10,2026-08-18T15:17:41.355569+00:00,2026-08-18T15:30:06.575670+00:00
530,4012,4164,temporal,0.3222093082132731,probe,ARM_B,0.2,0,0.0,81.25,False,10,2026-08-18T15:17:41.355569+00:00,2026-08-18T15:30:06.575670+00:00
531,3883,4053,temporal,0.32221877574921565,probe,ARM_A,0.0,0,0.0,113.32,False,10,2026-08-18T15:17:41.355569+00:00,2026-08-18T15:30:06.575670+00:00
531,3883,4053,temporal,0.32221877574921565,probe,ARM_B,0.2,0,0.0,123.8,False,10,2026-08-18T15:17:41.355569+00:00,2026-08-18T15:30:06.575670+00:00
532,4053,4138,temporal,0.32226125465266886,probe,ARM_A,0.0,0,0.0,93.97,False,10,2026-08-18T15:17:41.355569+00:00,2026-08-18T15:30:06.575670+00:00
532,4053,4138,temporal,0.32226125465266886,probe,ARM_B,0.2,0,0.0,178.71,False,10,2026-08-18T15:17:41.355569+00:00,2026-08-18T15:30:06.575670+00:00
533,3851,3877,temporal,0.32227893802178875,probe,ARM_A,0.0,0,0.0,93.24,False,10,2026-08-18T15:17:41.355569+00:00,2026-08-18T15:30:06.575670+00:00
533,3851,3877,temporal,0.32227893802178875,probe,ARM_B,0.2,0,0.0,140.15,False,10,2026-08-18T15:17:41.355569+00:00,2026-08-18T15:30:06.575670+00:00
534,3822,4135,temporal,0.3223863032324681,probe,ARM_A,0.0,0,0.0,161.44,False,10,2026-08-18T15:17:41.355569+00:00,2026-08-18T15:30:06.575670+00:00
534,3822,4135,temporal,0.3223863032324681,probe,ARM_B,0.2,0,0.0,170.94,False,10,2026-08-18T15:17:41.355569+00:00,2026-08-18T15:30:06.575670+00:00
535,3859,4006,temporal,0.3224243137330658,probe,ARM_A,0.0,0,0.0,247.31,False,10,2026-08-18T15:17:41.355569+00:00,2026-08-18T15:30:06.575670+00:00
535,3859,4006,temporal,0.3224243137330658,probe,ARM_B,0.2,0,0.0,111.3,False,10,2026-08-18T15:17:41.355569+00:00,2026-08-18T15:30:06.575670+00:00
536,3960,4047,temporal,0.32255872026435917,probe,ARM_A,0.0,0,0.0,56.05,False,10,2026-08-18T15:17:41.355569+00:00,2026-08-18T15:30:06.575670+00:00
536,3960,4047,temporal,0.32255872026435917,probe,ARM_B,0.2,0,0.0,84.67,False,10,2026-08-18T15:17:41.355569+00:00,2026-08-18T15:30:06.575670+00:00
537,4127,4131,temporal,0.322569766350959,probe,ARM_A,0.0,0,0.0,28.0,False,10,2026-08-18T15:17:41.355569+00:00,2026-08-18T15:30:06.575670+00:00
537,4127,4131,temporal,0.322569766350959,probe,ARM_B,0.2,0,0.0,34.69,False,10,2026-08-18T15:17:41.355569+00:00,2026-08-18T15:30:06.575670+00:00
538,4127,4131,temporal,0.322569766350959,probe,ARM_A,0.0,0,0.0,29.58,False,10,2026-08-18T15:17:41.355569+00:00,2026-08-18T15:30:06.575670+00:00
538,4127,4131,temporal,0.322569766350959,probe,ARM_B,0.2,0,0.0,37.6,False,10,2026-08-18T15:17:41.355569+00:00,2026-08-18T15:30:06.575670+00:00
539,3844,4121,temporal,0.3226051013359661,probe,ARM_A,0.0,0,0.0,198.99,False,10,2026-08-18T15:17:41.355569+00:00,2026-08-18T15:30:06.575670+00:00
539,3844,4121,temporal,0.3226051013359661,probe,ARM_B,0.2,0,0.0,178.23,False,10,2026-08-18T15:17:41.355569+00:00,2026-08-18T15:30:06.575670+00:00
540,3846,3997,temporal,0.322629640180756,probe,ARM_A,0.0,0,0.0,118.77,False,10,2026-08-18T15:17:41.355569+00:00,2026-08-18T15:30:06.575670+00:00
540,3846,3997,temporal,0.322629640180756,probe,ARM_B,0.2,0,0.0,148.73,False,10,2026-08-18T15:17:41.355569+00:00,2026-08-18T15:30:06.575670+00:00
541,3810,3822,temporal,0.32266731897999756,probe,ARM_A,0.0,0,0.0,233.0,False,10,2026-08-18T15:17:41.355569+00:00,2026-08-18T15:30:06.575670+00:00
541,3810,3822,temporal,0.32266731897999756,probe,ARM_B,0.2,0,0.0,324.54,False,10,2026-08-18T15:17:41.355569+00:00,2026-08-18T15:30:06.575670+00:00
542,4045,4050,temporal,0.3227044939994812,probe,ARM_A,0.0,0,0.0,158.2,False,10,2026-08-18T15:17:41.355569+00:00,2026-08-18T15:30:06.575670+00:00
542,4045,4050,temporal,0.3227044939994812,probe,ARM_B,0.2,0,0.0,74.95,False,10,2026-08-18T15:17:41.355569+00:00,2026-08-18T15:30:06.575670+00:00
543,4045,4050,temporal,0.3227044939994812,probe,ARM_A,0.0,0,0.0,63.98,False,10,2026-08-18T15:17:41.355569+00:00,2026-08-18T15:30:06.575670+00:00
543,4045,4050,temporal,0.3227044939994812,probe,ARM_B,0.2,0,0.0,79.87,False,10,2026-08-18T15:17:41.355569+00:00,2026-08-18T15:30:06.575670+00:00
544,4134,4172,temporal,0.3227630661271227,probe,ARM_A,0.0,0,0.0,67.91,False,10,2026-08-18T15:17:41.355569+00:00,2026-08-18T15:30:06.575670+00:00
544,4134,4172,temporal,0.3227630661271227,probe,ARM_B,0.2,0,0.0,98.38,False,10,2026-08-18T15:17:41.355569+00:00,2026-08-18T15:30:06.575670+00:00
545,3821,4084,temporal,0.3227664424637826,probe,ARM_A,0.0,0,0.0,452.43,False,10,2026-08-18T15:17:41.355569+00:00,2026-08-18T15:30:06.575670+00:00
545,3821,4084,temporal,0.3227664424637826,probe,ARM_B,0.2,0,0.0,100.24,False,10,2026-08-18T15:17:41.355569+00:00,2026-08-18T15:30:06.575670+00:00
546,4047,4085,temporal,0.32281522886843916,probe,ARM_A,0.0,0,0.0,113.86,False,10,2026-08-18T15:17:41.355569+00:00,2026-08-18T15:30:06.575670+00:00
546,4047,4085,temporal,0.32281522886843916,probe,ARM_B,0.2,0,0.0,42.5,False,10,2026-08-18T15:17:41.355569+00:00,2026-08-18T15:30:06.575670+00:00
547,4070,4134,temporal,0.322898349416455,probe,ARM_A,0.0,0,0.0,48.7,False,10,2026-08-18T15:17:41.355569+00:00,2026-08-18T15:30:06.575670+00:00
547,4070,4134,temporal,0.322898349416455,probe,ARM_B,0.2,0,0.0,26.38,False,10,2026-08-18T15:17:41.355569+00:00,2026-08-18T15:30:06.575670+00:00
548,3955,4158,temporal,0.32290660092988044,probe,ARM_A,0.0,0,0.0,63.69,False,10,2026-08-18T15:17:41.355569+00:00,2026-08-18T15:30:06.575670+00:00
548,3955,4158,temporal,0.32290660092988044,probe,ARM_B,0.2,0,0.0,59.84,False,10,2026-08-18T15:17:41.355569+00:00,2026-08-18T15:30:06.575670+00:00
549,6975,7144,temporal,0.3229482645865118,probe,ARM_A,0.0,0,0.0,53.0,False,10,2026-08-18T15:17:41.355569+00:00,2026-08-18T15:30:06.575670+00:00
549,6975,7144,temporal,0.3229482645865118,probe,ARM_B,0.2,0,0.0,34.91,False,10,2026-08-18T15:17:41.355569+00:00,2026-08-18T15:30:06.575670+00:00
550,4097,4172,temporal,0.3230988383293174,probe,ARM_A,0.0,0,0.0,37.31,False,10,2026-08-18T15:17:41.355569+00:00,2026-08-18T15:30:06.575670+00:00
550,4097,4172,temporal,0.3230988383293174,probe,ARM_B,0.2,0,0.0,58.59,False,10,2026-08-18T15:17:41.355569+00:00,2026-08-18T15:30:06.575670+00:00
551,3846,3906,temporal,0.323119807708236,probe,ARM_A,0.0,0,0.0,212.85,False,10,2026-08-18T15:17:41.355569+00:00,2026-08-18T15:30:06.575670+00:00
551,3846,3906,temporal,0.323119807708236,probe,ARM_B,0.2,0,0.0,222.68,False,10,2026-08-18T15:17:41.355569+00:00,2026-08-18T15:30:06.575670+00:00
552,3877,4127,temporal,0.32312705241119466,probe,ARM_A,0.0,0,0.0,274.73,False,10,2026-08-18T15:17:41.355569+00:00,2026-08-18T15:30:06.575670+00:00
552,3877,4127,temporal,0.32312705241119466,probe,ARM_B,0.2,0,0.0,2113.28,False,10,2026-08-18T15:17:41.355569+00:00,2026-08-18T15:30:06.575670+00:00
553,3844,4015,temporal,0.3231342645723527,probe,ARM_A,0.0,0,0.0,171.2,False,10,2026-08-18T15:17:41.355569+00:00,2026-08-18T15:30:06.575670+00:00
553,3844,4015,temporal,0.3231342645723527,probe,ARM_B,0.2,0,0.0,214.41,False,10,2026-08-18T15:17:41.355569+00:00,2026-08-18T15:30:06.575670+00:00
554,4085,4172,temporal,0.3231619193054396,probe,ARM_A,0.0,0,0.0,42.67,False,10,2026-08-18T15:17:41.355569+00:00,2026-08-18T15:30:06.575670+00:00
554,4085,4172,temporal,0.3231619193054396,probe,ARM_B,0.2,0,0.0,64.82,False,10,2026-08-18T15:17:41.355569+00:00,2026-08-18T15:30:06.575670+00:00
555,4012,4136,temporal,0.32316939005760537,probe,ARM_A,0.0,0,0.0,68.61,False,10,2026-08-18T15:17:41.355569+00:00,2026-08-18T15:30:06.575670+00:00
555,4012,4136,temporal,0.32316939005760537,probe,ARM_B,0.2,0,0.0,68.65,False,10,2026-08-18T15:17:41.355569+00:00,2026-08-18T15:30:06.575670+00:00
556,4047,4174,temporal,0.3232046751027913,probe,ARM_A,0.0,0,0.0,36.58,False,10,2026-08-18T15:17:41.355569+00:00,2026-08-18T15:30:06.575670+00:00
556,4047,4174,temporal,0.3232046751027913,probe,ARM_B,0.2,0,0.0,41.84,False,10,2026-08-18T15:17:41.355569+00:00,2026-08-18T15:30:06.575670+00:00
557,4034,4118,temporal,0.3232628107070923,probe,ARM_A,0.0,0,0.0,43.02,False,10,2026-08-18T15:17:41.355569+00:00,2026-08-18T15:30:06.575670+00:00
557,4034,4118,temporal,0.3232628107070923,probe,ARM_B,0.2,0,0.0,35.66,False,10,2026-08-18T15:17:41.355569+00:00,2026-08-18T15:30:06.575670+00:00
558,4011,4134,temporal,0.3232928725131925,probe,ARM_A,0.0,0,0.0,349.14,False,10,2026-08-18T15:17:41.355569+00:00,2026-08-18T15:30:06.575670+00:00
558,4011,4134,temporal,0.3232928725131925,probe,ARM_B,0.2,0,0.0,102.63,False,10,2026-08-18T15:17:41.355569+00:00,2026-08-18T15:30:06.575670+00:00
559,4004,4129,temporal,0.3233316944043825,probe,ARM_A,0.0,0,0.0,134.77,False,10,2026-08-18T15:17:41.355569+00:00,2026-08-18T15:30:06.575670+00:00
559,4004,4129,temporal,0.3233316944043825,probe,ARM_B,0.2,0,0.0,123.44,False,10,2026-08-18T15:17:41.355569+00:00,2026-08-18T15:30:06.575670+00:00
560,3955,4020,temporal,0.3233585252379544,probe,ARM_A,0.0,0,0.0,267.48,False,10,2026-08-18T15:17:41.355569+00:00,2026-08-18T15:30:06.575670+00:00
560,3955,4020,temporal,0.3233585252379544,probe,ARM_B,0.2,0,0.0,110.11,False,10,2026-08-18T15:17:41.355569+00:00,2026-08-18T15:30:06.575670+00:00
561,3908,4139,temporal,0.3234447240829468,probe,ARM_A,0.0,0,0.0,82.36,False,10,2026-08-18T15:17:41.355569+00:00,2026-08-18T15:30:06.575670+00:00
561,3908,4139,temporal,0.3234447240829468,probe,ARM_B,0.2,0,0.0,53.97,False,10,2026-08-18T15:17:41.355569+00:00,2026-08-18T15:30:06.575670+00:00
562,4044,4053,temporal,0.32347285747529,probe,ARM_A,0.0,0,0.0,134.65,False,10,2026-08-18T15:17:41.355569+00:00,2026-08-18T15:30:06.575670+00:00
562,4044,4053,temporal,0.32347285747529,probe,ARM_B,0.2,0,0.0,85.2,False,10,2026-08-18T15:17:41.355569+00:00,2026-08-18T15:30:06.575670+00:00
563,3823,3970,temporal,0.3235853612422943,probe,ARM_A,0.0,0,0.0,49.39,False,10,2026-08-18T15:17:41.355569+00:00,2026-08-18T15:30:06.575670+00:00
563,3823,3970,temporal,0.3235853612422943,probe,ARM_B,0.2,0,0.0,69.73,False,10,2026-08-18T15:17:41.355569+00:00,2026-08-18T15:30:06.575670+00:00
564,3804,3822,temporal,0.32366386934088154,probe,ARM_A,0.0,0,0.0,68.66,False,10,2026-08-18T15:17:41.355569+00:00,2026-08-18T15:30:06.575670+00:00
564,3804,3822,temporal,0.32366386934088154,probe,ARM_B,0.2,0,0.0,89.09,False,10,2026-08-18T15:17:41.355569+00:00,2026-08-18T15:30:06.575670+00:00
565,4598,4610,temporal,0.32375547118582804,probe,ARM_A,0.0,0,0.0,50.7,False,10,2026-08-18T15:17:41.355569+00:00,2026-08-18T15:30:06.575670+00:00
565,4598,4610,temporal,0.32375547118582804,probe,ARM_B,0.2,0,0.0,33.71,False,10,2026-08-18T15:17:41.355569+00:00,2026-08-18T15:30:06.575670+00:00
566,3844,4161,temporal,0.3237724988189361,probe,ARM_A,0.0,0,0.0,2127.37,False,10,2026-08-18T15:17:41.355569+00:00,2026-08-18T15:30:06.575670+00:00
566,3844,4161,temporal,0.3237724988189361,probe,ARM_B,0.2,0,0.0,201.37,False,10,2026-08-18T15:17:41.355569+00:00,2026-08-18T15:30:06.575670+00:00
567,3804,4025,temporal,0.3237746647394907,probe,ARM_A,0.0,0,0.0,42.0,False,10,2026-08-18T15:17:41.355569+00:00,2026-08-18T15:30:06.575670+00:00
567,3804,4025,temporal,0.3237746647394907,probe,ARM_B,0.2,0,0.0,53.75,False,10,2026-08-18T15:17:41.355569+00:00,2026-08-18T15:30:06.575670+00:00
568,5802,5854,temporal,0.3238800264561186,probe,ARM_A,0.0,0,0.0,31.28,False,10,2026-08-18T15:17:41.355569+00:00,2026-08-18T15:30:06.575670+00:00
568,5802,5854,temporal,0.3238800264561186,probe,ARM_B,0.2,0,0.0,28.01,False,10,2026-08-18T15:17:41.355569+00:00,2026-08-18T15:30:06.575670+00:00
569,4464,4470,temporal,0.3239026061209387,probe,ARM_A,0.0,0,0.0,22.08,False,10,2026-08-18T15:17:41.355569+00:00,2026-08-18T15:30:06.575670+00:00
569,4464,4470,temporal,0.3239026061209387,probe,ARM_B,0.2,0,0.0,20.83,False,10,2026-08-18T15:17:41.355569+00:00,2026-08-18T15:30:06.575670+00:00
570,4464,4470,temporal,0.3239026061209387,probe,ARM_A,0.0,0,0.0,25.52,False,10,2026-08-18T15:17:41.355569+00:00,2026-08-18T15:30:06.575670+00:00
570,4464,4470,temporal,0.3239026061209387,probe,ARM_B,0.2,0,0.0,21.28,False,10,2026-08-18T15:17:41.355569+00:00,2026-08-18T15:30:06.575670+00:00
571,7024,7144,temporal,0.32392010973931895,probe,ARM_A,0.0,0,0.0,22.77,False,10,2026-08-18T15:17:41.355569+00:00,2026-08-18T15:30:06.575670+00:00
571,7024,7144,temporal,0.32392010973931895,probe,ARM_B,0.2,0,0.0,22.84,False,10,2026-08-18T15:17:41.355569+00:00,2026-08-18T15:30:06.575670+00:00
572,3860,3908,temporal,0.32392858325371254,probe,ARM_A,0.0,0,0.0,51.59,False,10,2026-08-18T15:17:41.355569+00:00,2026-08-18T15:30:06.575670+00:00
572,3860,3908,temporal,0.32392858325371254,probe,ARM_B,0.2,0,0.0,157.99,False,10,2026-08-18T15:17:41.355569+00:00,2026-08-18T15:30:06.575670+00:00
573,3800,4127,temporal,0.3239498331516888,probe,ARM_A,0.0,0,0.0,1883.6,False,10,2026-08-18T15:17:41.355569+00:00,2026-08-18T15:30:06.575670+00:00
573,3800,4127,temporal,0.3239498331516888,probe,ARM_B,0.2,0,0.0,116.11,False,10,2026-08-18T15:17:41.355569+00:00,2026-08-18T15:30:06.575670+00:00
574,3905,3970,temporal,0.3240251234792296,probe,ARM_A,0.0,0,0.0,55.94,False,10,2026-08-18T15:17:41.355569+00:00,2026-08-18T15:30:06.575670+00:00
574,3905,3970,temporal,0.3240251234792296,probe,ARM_B,0.2,0,0.0,41.7,False,10,2026-08-18T15:17:41.355569+00:00,2026-08-18T15:30:06.575670+00:00
575,3844,4131,temporal,0.32402623582199275,probe,ARM_A,0.0,0,0.0,84.31,False,10,2026-08-18T15:17:41.355569+00:00,2026-08-18T15:30:06.575670+00:00
575,3844,4131,temporal,0.32402623582199275,probe,ARM_B,0.2,0,0.0,130.76,False,10,2026-08-18T15:17:41.355569+00:00,2026-08-18T15:30:06.575670+00:00
576,4092,4127,temporal,0.3240892782264524,probe,ARM_A,0.0,0,0.0,62.67,False,10,2026-08-18T15:17:41.355569+00:00,2026-08-18T15:30:06.575670+00:00
576,4092,4127,temporal,0.3240892782264524,probe,ARM_B,0.2,0,0.0,37.3,False,10,2026-08-18T15:17:41.355569+00:00,2026-08-18T15:30:06.575670+00:00
577,3951,4006,temporal,0.32409773242764883,probe,ARM_A,0.0,0,0.0,129.05,False,10,2026-08-18T15:17:41.355569+00:00,2026-08-18T15:30:06.575670+00:00
577,3951,4006,temporal,0.32409773242764883,probe,ARM_B,0.2,0,0.0,78.07,False,10,2026-08-18T15:17:41.355569+00:00,2026-08-18T15:30:06.575670+00:00
578,3822,4050,temporal,0.32411105406615315,probe,ARM_A,0.0,0,0.0,149.78,False,10,2026-08-18T15:17:41.355569+00:00,2026-08-18T15:30:06.575670+00:00
578,3822,4050,temporal,0.32411105406615315,probe,ARM_B,0.2,0,0.0,2160.95,False,10,2026-08-18T15:17:41.355569+00:00,2026-08-18T15:30:06.575670+00:00
579,4052,4092,temporal,0.32413724948611855,probe,ARM_A,0.0,0,0.0,65.97,False,10,2026-08-18T15:17:41.355569+00:00,2026-08-18T15:30:06.575670+00:00
579,4052,4092,temporal,0.32413724948611855,probe,ARM_B,0.2,0,0.0,30.61,False,10,2026-08-18T15:17:41.355569+00:00,2026-08-18T15:30:06.575670+00:00
580,4053,4057,temporal,0.3241645903391157,probe,ARM_A,0.0,0,0.0,82.04,False,10,2026-08-18T15:17:41.355569+00:00,2026-08-18T15:30:06.575670+00:00
580,4053,4057,temporal,0.3241645903391157,probe,ARM_B,0.2,0,0.0,90.34,False,10,2026-08-18T15:17:41.355569+00:00,2026-08-18T15:30:06.575670+00:00
581,4053,4129,temporal,0.3243116349802475,probe,ARM_A,0.0,0,0.0,86.61,False,10,2026-08-18T15:17:41.355569+00:00,2026-08-18T15:30:06.575670+00:00
581,4053,4129,temporal,0.3243116349802475,probe,ARM_B,0.2,0,0.0,82.97,False,10,2026-08-18T15:17:41.355569+00:00,2026-08-18T15:30:06.575670+00:00
582,3880,3951,temporal,0.32431580488619405,probe,ARM_A,0.0,0,0.0,112.48,False,10,2026-08-18T15:17:41.355569+00:00,2026-08-18T15:30:06.575670+00:00
582,3880,3951,temporal,0.32431580488619405,probe,ARM_B,0.2,0,0.0,146.32,False,10,2026-08-18T15:17:41.355569+00:00,2026-08-18T15:30:06.575670+00:00
583,3883,3970,temporal,0.32432294777905546,probe,ARM_A,0.0,0,0.0,106.64,False,10,2026-08-18T15:17:41.355569+00:00,2026-08-18T15:30:06.575670+00:00
583,3883,3970,temporal,0.32432294777905546,probe,ARM_B,0.2,0,0.0,719.71,False,10,2026-08-18T15:17:41.355569+00:00,2026-08-18T15:30:06.575670+00:00
584,4044,4134,temporal,0.3243507444858643,probe,ARM_A,0.0,0,0.0,1437.04,False,10,2026-08-18T15:17:41.355569+00:00,2026-08-18T15:30:06.575670+00:00
584,4044,4134,temporal,0.3243507444858643,probe,ARM_B,0.2,0,0.0,166.52,False,10,2026-08-18T15:17:41.355569+00:00,2026-08-18T15:30:06.575670+00:00
585,4129,4174,temporal,0.32435079362099195,probe,ARM_A,0.0,0,0.0,48.83,False,10,2026-08-18T15:17:41.355569+00:00,2026-08-18T15:30:06.575670+00:00
585,4129,4174,temporal,0.32435079362099195,probe,ARM_B,0.2,0,0.0,36.58,False,10,2026-08-18T15:17:41.355569+00:00,2026-08-18T15:30:06.575670+00:00
586,3957,4172,temporal,0.3243614628530427,probe,ARM_A,0.0,0,0.0,46.18,False,10,2026-08-18T15:17:41.355569+00:00,2026-08-18T15:30:06.575670+00:00
586,3957,4172,temporal,0.3243614628530427,probe,ARM_B,0.2,0,0.0,77.44,False,10,2026-08-18T15:17:41.355569+00:00,2026-08-18T15:30:06.575670+00:00
587,4015,4047,temporal,0.324366103150486,probe,ARM_A,0.0,0,0.0,58.95,False,10,2026-08-18T15:17:41.355569+00:00,2026-08-18T15:30:06.575670+00:00
587,4015,4047,temporal,0.324366103150486,probe,ARM_B,0.2,0,0.0,86.9,False,10,2026-08-18T15:17:41.355569+00:00,2026-08-18T15:30:06.575670+00:00
588,4050,4127,temporal,0.32438141107559204,probe,ARM_A,0.0,0,0.0,64.69,False,10,2026-08-18T15:17:41.355569+00:00,2026-08-18T15:30:06.575670+00:00
588,4050,4127,temporal,0.32438141107559204,probe,ARM_B,0.2,0,0.0,40.79,False,10,2026-08-18T15:17:41.355569+00:00,2026-08-18T15:30:06.575670+00:00
589,3822,4111,temporal,0.32443433033125735,probe,ARM_A,0.0,0,0.0,137.58,False,10,2026-08-18T15:17:41.355569+00:00,2026-08-18T15:30:06.575670+00:00
589,3822,4111,temporal,0.32443433033125735,probe,ARM_B,0.2,0,0.0,2194.34,False,10,2026-08-18T15:17:41.355569+00:00,2026-08-18T15:30:06.575670+00:00
590,3894,3968,temporal,0.3245476774466942,probe,ARM_A,0.0,0,0.0,459.17,False,10,2026-08-18T15:17:41.355569+00:00,2026-08-18T15:30:06.575670+00:00
590,3894,3968,temporal,0.3245476774466942,probe,ARM_B,0.2,0,0.0,206.31,False,10,2026-08-18T15:17:41.355569+00:00,2026-08-18T15:30:06.575670+00:00
591,3880,3908,temporal,0.32456771428200404,probe,ARM_A,0.0,0,0.0,132.01,False,10,2026-08-18T15:17:41.355569+00:00,2026-08-18T15:30:06.575670+00:00
591,3880,3908,temporal,0.32456771428200404,probe,ARM_B,0.2,0,0.0,147.08,False,10,2026-08-18T15:17:41.355569+00:00,2026-08-18T15:30:06.575670+00:00
592,4053,4161,temporal,0.3245871365070435,probe,ARM_A,0.0,0,0.0,117.49,False,10,2026-08-18T15:17:41.355569+00:00,2026-08-18T15:30:06.575670+00:00
592,4053,4161,temporal,0.3245871365070435,probe,ARM_B,0.2,0,0.0,77.73,False,10,2026-08-18T15:17:41.355569+00:00,2026-08-18T15:30:06.575670+00:00
593,7001,7144,temporal,0.32466422388914706,probe,ARM_A,0.0,0,0.0,31.56,False,10,2026-08-18T15:17:41.355569+00:00,2026-08-18T15:30:06.575670+00:00
593,7001,7144,temporal,0.32466422388914706,probe,ARM_B,0.2,0,0.0,25.27,False,10,2026-08-18T15:17:41.355569+00:00,2026-08-18T15:30:06.575670+00:00
594,3887,4175,temporal,0.32466647919017055,probe,ARM_A,0.0,0,0.0,2003.25,False,10,2026-08-18T15:17:41.355569+00:00,2026-08-18T15:30:06.575670+00:00
594,3887,4175,temporal,0.32466647919017055,probe,ARM_B,0.2,0,0.0,244.44,False,10,2026-08-18T15:17:41.355569+00:00,2026-08-18T15:30:06.575670+00:00
595,3908,4049,temporal,0.32473476599675277,probe,ARM_A,0.0,0,0.0,134.3,False,10,2026-08-18T15:17:41.355569+00:00,2026-08-18T15:30:06.575670+00:00
595,3908,4049,temporal,0.32473476599675277,probe,ARM_B,0.2,0,0.0,75.58,False,10,2026-08-18T15:17:41.355569+00:00,2026-08-18T15:30:06.575670+00:00
596,3822,3892,temporal,0.3247852116567155,probe,ARM_A,0.0,0,0.0,230.23,False,10,2026-08-18T15:17:41.355569+00:00,2026-08-18T15:30:06.575670+00:00
596,3822,3892,temporal,0.3247852116567155,probe,ARM_B,0.2,0,0.0,158.15,False,10,2026-08-18T15:17:41.355569+00:00,2026-08-18T15:30:06.575670+00:00
597,3927,4045,temporal,0.32479622960090637,probe,ARM_A,0.0,0,0.0,78.39,False,10,2026-08-18T15:17:41.355569+00:00,2026-08-18T15:30:06.575670+00:00
597,3927,4045,temporal,0.32479622960090637,probe,ARM_B,0.2,0,0.0,62.52,False,10,2026-08-18T15:17:41.355569+00:00,2026-08-18T15:30:06.575670+00:00
598,5800,5854,temporal,0.3248150043024127,probe,ARM_A,0.0,0,0.0,25.76,False,10,2026-08-18T15:17:41.355569+00:00,2026-08-18T15:30:06.575670+00:00
598,5800,5854,temporal,0.3248150043024127,probe,ARM_B,0.2,0,0.0,30.79,False,10,2026-08-18T15:17:41.355569+00:00,2026-08-18T15:30:06.575670+00:00
599,3846,4119,temporal,0.3248412899531088,probe,ARM_A,0.0,0,0.0,2021.32,False,10,2026-08-18T15:17:41.355569+00:00,2026-08-18T15:30:06.575670+00:00
599,3846,4119,temporal,0.3248412899531088,probe,ARM_B,0.2,0,0.0,147.77,False,10,2026-08-18T15:17:41.355569+00:00,2026-08-18T15:30:06.575670+00:00
600,3846,4177,temporal,0.32484897895297227,probe,ARM_A,0.0,0,0.0,180.36,False,10,2026-08-18T15:17:41.355569+00:00,2026-08-18T15:30:06.575670+00:00
600,3846,4177,temporal,0.32484897895297227,probe,ARM_B,0.2,0,0.0,153.29,False,10,2026-08-18T15:17:41.355569+00:00,2026-08-18T15:30:06.575670+00:00
601,4012,4062,temporal,0.32487160935615345,probe,ARM_A,0.0,0,0.0,73.29,False,10,2026-08-18T15:17:41.355569+00:00,2026-08-18T15:30:06.575670+00:00
601,4012,4062,temporal,0.32487160935615345,probe,ARM_B,0.2,0,0.0,65.85,False,10,2026-08-18T15:17:41.355569+00:00,2026-08-18T15:30:06.575670+00:00
602,3860,4071,temporal,0.32494655994968413,probe,ARM_A,0.0,0,0.0,107.37,False,10,2026-08-18T15:17:41.355569+00:00,2026-08-18T15:30:06.575670+00:00
602,3860,4071,temporal,0.32494655994968413,probe,ARM_B,0.2,0,0.0,78.55,False,10,2026-08-18T15:17:41.355569+00:00,2026-08-18T15:30:06.575670+00:00
603,4029,4161,temporal,0.3249556615922301,probe,ARM_A,0.0,0,0.0,57.22,False,10,2026-08-18T15:17:41.355569+00:00,2026-08-18T15:30:06.575670+00:00
603,4029,4161,temporal,0.3249556615922301,probe,ARM_B,0.2,0,0.0,41.48,False,10,2026-08-18T15:17:41.355569+00:00,2026-08-18T15:30:06.575670+00:00
604,3995,4070,temporal,0.32501837611198425,probe,ARM_A,0.0,0,0.0,353.15,False,10,2026-08-18T15:17:41.355569+00:00,2026-08-18T15:30:06.575670+00:00
604,3995,4070,temporal,0.32501837611198425,probe,ARM_B,0.2,0,0.0,120.97,False,10,2026-08-18T15:17:41.355569+00:00,2026-08-18T15:30:06.575670+00:00
605,4029,4127,temporal,0.32505251019880177,probe,ARM_A,0.0,0,0.0,128.61,False,10,2026-08-18T15:17:41.355569+00:00,2026-08-18T15:30:06.575670+00:00
605,4029,4127,temporal,0.32505251019880177,probe,ARM_B,0.2,0,0.0,206.42,False,10,2026-08-18T15:17:41.355569+00:00,2026-08-18T15:30:06.575670+00:00
606,3883,4045,temporal,0.32505685985766397,probe,ARM_A,0.0,0,0.0,926.01,False,10,2026-08-18T15:17:41.355569+00:00,2026-08-18T15:30:06.575670+00:00
606,3883,4045,temporal,0.32505685985766397,probe,ARM_B,0.2,0,0.0,521.8,False,10,2026-08-18T15:17:41.355569+00:00,2026-08-18T15:30:06.575670+00:00
607,4010,4121,temporal,0.32505710870369375,probe,ARM_A,0.0,0,0.0,408.8,False,10,2026-08-18T15:17:41.355569+00:00,2026-08-18T15:30:06.575670+00:00
607,4010,4121,temporal,0.32505710870369375,probe,ARM_B,0.2,0,0.0,229.8,False,10,2026-08-18T15:17:41.355569+00:00,2026-08-18T15:30:06.575670+00:00
608,3822,4088,temporal,0.32511694208136044,probe,ARM_A,0.0,0,0.0,414.56,False,10,2026-08-18T15:17:41.355569+00:00,2026-08-18T15:30:06.575670+00:00
608,3822,4088,temporal,0.32511694208136044,probe,ARM_B,0.2,0,0.0,355.02,False,10,2026-08-18T15:17:41.355569+00:00,2026-08-18T15:30:06.575670+00:00
609,3846,4049,temporal,0.3251308188076314,probe,ARM_A,0.0,0,0.0,431.19,False,10,2026-08-18T15:17:41.355569+00:00,2026-08-18T15:30:06.575670+00:00
609,3846,4049,temporal,0.3251308188076314,probe,ARM_B,0.2,0,0.0,218.89,False,10,2026-08-18T15:17:41.355569+00:00,2026-08-18T15:30:06.575670+00:00
610,4119,4171,temporal,0.3251320109007384,probe,ARM_A,0.0,0,0.0,133.16,False,10,2026-08-18T15:17:41.355569+00:00,2026-08-18T15:30:06.575670+00:00
610,4119,4171,temporal,0.3251320109007384,probe,ARM_B,0.2,0,0.0,72.56,False,10,2026-08-18T15:17:41.355569+00:00,2026-08-18T15:30:06.575670+00:00
611,3927,4005,temporal,0.32527510373144786,probe,ARM_A,0.0,0,0.0,77.42,False,10,2026-08-18T15:17:41.355569+00:00,2026-08-18T15:30:06.575670+00:00
611,3927,4005,temporal,0.32527510373144786,probe,ARM_B,0.2,0,0.0,362.51,False,10,2026-08-18T15:17:41.355569+00:00,2026-08-18T15:30:06.575670+00:00
612,4013,4136,temporal,0.3254139721393585,probe,ARM_A,0.0,0,0.0,269.91,False,10,2026-08-18T15:17:41.355569+00:00,2026-08-18T15:30:06.575670+00:00
612,4013,4136,temporal,0.3254139721393585,probe,ARM_B,0.2,0,0.0,153.94,False,10,2026-08-18T15:17:41.355569+00:00,2026-08-18T15:30:06.575670+00:00
613,3970,4127,temporal,0.3254592716693878,probe,ARM_A,0.0,0,0.0,1044.5,False,10,2026-08-18T15:17:41.355569+00:00,2026-08-18T15:30:06.575670+00:00
613,3970,4127,temporal,0.3254592716693878,probe,ARM_B,0.2,0,0.0,274.73,False,10,2026-08-18T15:17:41.355569+00:00,2026-08-18T15:30:06.575670+00:00
614,3821,3868,temporal,0.32546958327293396,probe,ARM_A,0.0,0,0.0,187.32,False,10,2026-08-18T15:17:41.355569+00:00,2026-08-18T15:30:06.575670+00:00
614,3821,3868,temporal,0.32546958327293396,probe,ARM_B,0.2,0,0.0,192.86,False,10,2026-08-18T15:17:41.355569+00:00,2026-08-18T15:30:06.575670+00:00
615,4358,4391,temporal,0.3254704960391678,probe,ARM_A,0.0,0,0.0,55.3,False,10,2026-08-18T15:17:41.355569+00:00,2026-08-18T15:30:06.575670+00:00
615,4358,4391,temporal,0.3254704960391678,probe,ARM_B,0.2,0,0.0,74.22,False,10,2026-08-18T15:17:41.355569+00:00,2026-08-18T15:30:06.575670+00:00
616,3905,4096,temporal,0.3254971594211059,probe,ARM_A,0.0,0,0.0,96.96,False,10,2026-08-18T15:17:41.355569+00:00,2026-08-18T15:30:06.575670+00:00
616,3905,4096,temporal,0.3254971594211059,probe,ARM_B,0.2,0,0.0,68.28,False,10,2026-08-18T15:17:41.355569+00:00,2026-08-18T15:30:06.575670+00:00
617,4045,4151,temporal,0.325498440921123,probe,ARM_A,0.0,0,0.0,134.69,False,10,2026-08-18T15:17:41.355569+00:00,2026-08-18T15:30:06.575670+00:00
617,4045,4151,temporal,0.325498440921123,probe,ARM_B,0.2,0,0.0,371.33,False,10,2026-08-18T15:17:41.355569+00:00,2026-08-18T15:30:06.575670+00:00
618,3851,4014,temporal,0.32553938031196594,probe,ARM_A,0.0,0,0.0,285.32,False,10,2026-08-18T15:17:41.355569+00:00,2026-08-18T15:30:06.575670+00:00
618,3851,4014,temporal,0.32553938031196594,probe,ARM_B,0.2,0,0.0,344.63,False,10,2026-08-18T15:17:41.355569+00:00,2026-08-18T15:30:06.575670+00:00
619,3823,3876,temporal,0.32554508225754164,probe,ARM_A,0.0,0,0.0,304.31,False,10,2026-08-18T15:17:41.355569+00:00,2026-08-18T15:30:06.575670+00:00
619,3823,3876,temporal,0.32554508225754164,probe,ARM_B,0.2,0,0.0,222.21,False,10,2026-08-18T15:17:41.355569+00:00,2026-08-18T15:30:06.575670+00:00
620,3876,4172,temporal,0.32554936339402474,probe,ARM_A,0.0,0,0.0,528.56,False,10,2026-08-18T15:17:41.355569+00:00,2026-08-18T15:30:06.575670+00:00
620,3876,4172,temporal,0.32554936339402474,probe,ARM_B,0.2,0,0.0,215.97,False,10,2026-08-18T15:17:41.355569+00:00,2026-08-18T15:30:06.575670+00:00
621,6998,7144,temporal,0.32555178708455634,probe,ARM_A,0.0,0,0.0,71.23,False,10,2026-08-18T15:17:41.355569+00:00,2026-08-18T15:30:06.575670+00:00
621,6998,7144,temporal,0.32555178708455634,probe,ARM_B,0.2,0,0.0,36.99,False,10,2026-08-18T15:17:41.355569+00:00,2026-08-18T15:30:06.575670+00:00
622,3868,4164,temporal,0.32556411623954773,probe,ARM_A,0.0,0,0.0,202.89,False,10,2026-08-18T15:17:41.355569+00:00,2026-08-18T15:30:06.575670+00:00
622,3868,4164,temporal,0.32556411623954773,probe,ARM_B,0.2,0,0.0,222.78,False,10,2026-08-18T15:17:41.355569+00:00,2026-08-18T15:30:06.575670+00:00
623,3828,4085,temporal,0.3255649507045746,probe,ARM_A,0.0,0,0.0,346.43,False,10,2026-08-18T15:17:41.355569+00:00,2026-08-18T15:30:06.575670+00:00
623,3828,4085,temporal,0.3255649507045746,probe,ARM_B,0.2,0,0.0,437.74,False,10,2026-08-18T15:17:41.355569+00:00,2026-08-18T15:30:06.575670+00:00
624,4005,4172,temporal,0.3255735337734246,probe,ARM_A,0.0,0,0.0,109.75,False,10,2026-08-18T15:17:41.355569+00:00,2026-08-18T15:30:06.575670+00:00
624,4005,4172,temporal,0.3255735337734246,probe,ARM_B,0.2,0,0.0,156.77,False,10,2026-08-18T15:17:41.355569+00:00,2026-08-18T15:30:06.575670+00:00
625,3883,4040,temporal,0.32559568591066657,probe,ARM_A,0.0,0,0.0,281.7,False,10,2026-08-18T15:17:41.355569+00:00,2026-08-18T15:30:06.575670+00:00
625,3883,4040,temporal,0.32559568591066657,probe,ARM_B,0.2,0,0.0,148.64,False,10,2026-08-18T15:17:41.355569+00:00,2026-08-18T15:30:06.575670+00:00
626,3921,4053,temporal,0.3256162210931699,probe,ARM_A,0.0,0,0.0,96.6,False,10,2026-08-18T15:17:41.355569+00:00,2026-08-18T15:30:06.575670+00:00
626,3921,4053,temporal,0.3256162210931699,probe,ARM_B,0.2,0,0.0,79.31,False,10,2026-08-18T15:17:41.355569+00:00,2026-08-18T15:30:06.575670+00:00
627,3921,3952,temporal,0.32566000972151876,probe,ARM_A,0.0,0,0.0,68.09,False,10,2026-08-18T15:17:41.355569+00:00,2026-08-18T15:30:06.575670+00:00
627,3921,3952,temporal,0.32566000972151876,probe,ARM_B,0.2,0,0.0,86.1,False,10,2026-08-18T15:17:41.355569+00:00,2026-08-18T15:30:06.575670+00:00
628,3908,4053,temporal,0.32575025251504974,probe,ARM_A,0.0,0,0.0,71.2,False,10,2026-08-18T15:17:41.355569+00:00,2026-08-18T15:30:06.575670+00:00
628,3908,4053,temporal,0.32575025251504974,probe,ARM_B,0.2,0,0.0,52.3,False,10,2026-08-18T15:17:41.355569+00:00,2026-08-18T15:30:06.575670+00:00
629,3823,4096,temporal,0.3258205749339038,probe,ARM_A,0.0,0,0.0,114.23,False,10,2026-08-18T15:17:41.355569+00:00,2026-08-18T15:30:06.575670+00:00
629,3823,4096,temporal,0.3258205749339038,probe,ARM_B,0.2,0,0.0,91.43,False,10,2026-08-18T15:17:41.355569+00:00,2026-08-18T15:30:06.575670+00:00
630,3857,4045,temporal,0.3258911371231079,probe,ARM_A,0.0,0,0.0,174.86,False,10,2026-08-18T15:17:41.355569+00:00,2026-08-18T15:30:06.575670+00:00
630,3857,4045,temporal,0.3258911371231079,probe,ARM_B,0.2,0,0.0,183.62,False,10,2026-08-18T15:17:41.355569+00:00,2026-08-18T15:30:06.575670+00:00
631,3823,4025,temporal,0.32598066329956055,probe,ARM_A,0.0,0,0.0,101.77,False,10,2026-08-18T15:17:41.355569+00:00,2026-08-18T15:30:06.575670+00:00
631,3823,4025,temporal,0.32598066329956055,probe,ARM_B,0.2,0,0.0,122.5,False,10,2026-08-18T15:17:41.355569+00:00,2026-08-18T15:30:06.575670+00:00
632,3844,4109,temporal,0.32600534933821423,probe,ARM_A,0.0,0,0.0,148.31,False,10,2026-08-18T15:17:41.355569+00:00,2026-08-18T15:30:06.575670+00:00
632,3844,4109,temporal,0.32600534933821423,probe,ARM_B,0.2,0,0.0,157.99,False,10,2026-08-18T15:17:41.355569+00:00,2026-08-18T15:30:06.575670+00:00
633,3966,3968,temporal,0.32605617136600196,probe,ARM_A,0.0,0,0.0,161.45,False,10,2026-08-18T15:17:41.355569+00:00,2026-08-18T15:30:06.575670+00:00
633,3966,3968,temporal,0.32605617136600196,probe,ARM_B,0.2,0,0.0,150.61,False,10,2026-08-18T15:17:41.355569+00:00,2026-08-18T15:30:06.575670+00:00
634,3966,3968,temporal,0.32605617136600196,probe,ARM_A,0.0,0,0.0,100.5,False,10,2026-08-18T15:17:41.355569+00:00,2026-08-18T15:30:06.575670+00:00
634,3966,3968,temporal,0.32605617136600196,probe,ARM_B,0.2,0,0.0,76.82,False,10,2026-08-18T15:17:41.355569+00:00,2026-08-18T15:30:06.575670+00:00
635,3850,4070,temporal,0.32606383121394167,probe,ARM_A,0.0,0,0.0,154.75,False,10,2026-08-18T15:17:41.355569+00:00,2026-08-18T15:30:06.575670+00:00
635,3850,4070,temporal,0.32606383121394167,probe,ARM_B,0.2,0,0.0,215.27,False,10,2026-08-18T15:17:41.355569+00:00,2026-08-18T15:30:06.575670+00:00
636,3997,4136,temporal,0.3260873556137085,probe,ARM_A,0.0,0,0.0,49.24,False,10,2026-08-18T15:17:41.355569+00:00,2026-08-18T15:30:06.575670+00:00
636,3997,4136,temporal,0.3260873556137085,probe,ARM_B,0.2,0,0.0,40.17,False,10,2026-08-18T15:17:41.355569+00:00,2026-08-18T15:30:06.575670+00:00
637,3987,3989,temporal,0.32611465518641936,probe,ARM_A,0.0,0,0.0,40.63,False,10,2026-08-18T15:17:41.355569+00:00,2026-08-18T15:30:06.575670+00:00
637,3987,3989,temporal,0.32611465518641936,probe,ARM_B,0.2,0,0.0,50.1,False,10,2026-08-18T15:17:41.355569+00:00,2026-08-18T15:30:06.575670+00:00
638,3997,4015,temporal,0.3261669187346816,probe,ARM_A,0.0,0,0.0,56.34,False,10,2026-08-18T15:17:41.355569+00:00,2026-08-18T15:30:06.575670+00:00
638,3997,4015,temporal,0.3261669187346816,probe,ARM_B,0.2,0,0.0,68.68,False,10,2026-08-18T15:17:41.355569+00:00,2026-08-18T15:30:06.575670+00:00
639,3970,4109,temporal,0.32627213973617986,probe,ARM_A,0.0,0,0.0,301.28,False,10,2026-08-18T15:17:41.355569+00:00,2026-08-18T15:30:06.575670+00:00
639,3970,4109,temporal,0.32627213973617986,probe,ARM_B,0.2,0,0.0,2088.17,False,10,2026-08-18T15:17:41.355569+00:00,2026-08-18T15:30:06.575670+00:00
640,3938,4172,temporal,0.32627584494804474,probe,ARM_A,0.0,0,0.0,327.84,False,10,2026-08-18T15:17:41.355569+00:00,2026-08-18T15:30:06.575670+00:00
640,3938,4172,temporal,0.32627584494804474,probe,ARM_B,0.2,0,0.0,101.21,False,10,2026-08-18T15:17:41.355569+00:00,2026-08-18T15:30:06.575670+00:00
641,3938,4161,temporal,0.326423147490402,probe,ARM_A,0.0,0,0.0,102.79,False,10,2026-08-18T15:17:41.355569+00:00,2026-08-18T15:30:06.575670+00:00
641,3938,4161,temporal,0.326423147490402,probe,ARM_B,0.2,0,0.0,107.42,False,10,2026-08-18T15:17:41.355569+00:00,2026-08-18T15:30:06.575670+00:00
642,4071,4127,temporal,0.326429892544436,probe,ARM_A,0.0,0,0.0,131.67,False,10,2026-08-18T15:17:41.355569+00:00,2026-08-18T15:30:06.575670+00:00
642,4071,4127,temporal,0.326429892544436,probe,ARM_B,0.2,0,0.0,58.99,False,10,2026-08-18T15:17:41.355569+00:00,2026-08-18T15:30:06.575670+00:00
643,3883,4019,temporal,0.3264547269967958,probe,ARM_A,0.0,0,0.0,105.91,False,10,2026-08-18T15:17:41.355569+00:00,2026-08-18T15:30:06.575670+00:00
643,3883,4019,temporal,0.3264547269967958,probe,ARM_B,0.2,0,0.0,128.71,False,10,2026-08-18T15:17:41.355569+00:00,2026-08-18T15:30:06.575670+00:00
644,3996,4125,temporal,0.32653534533941597,probe,ARM_A,0.0,0,0.0,2100.09,False,10,2026-08-18T15:17:41.355569+00:00,2026-08-18T15:30:06.575670+00:00
644,3996,4125,temporal,0.32653534533941597,probe,ARM_B,0.2,0,0.0,152.74,False,10,2026-08-18T15:17:41.355569+00:00,2026-08-18T15:30:06.575670+00:00
645,3868,4008,temporal,0.3265990614891052,probe,ARM_A,0.0,0,0.0,116.56,False,10,2026-08-18T15:17:41.355569+00:00,2026-08-18T15:30:06.575670+00:00
645,3868,4008,temporal,0.3265990614891052,probe,ARM_B,0.2,0,0.0,132.28,False,10,2026-08-18T15:17:41.355569+00:00,2026-08-18T15:30:06.575670+00:00
646,4119,4134,temporal,0.3267123206429343,probe,ARM_A,0.0,0,0.0,51.35,False,10,2026-08-18T15:17:41.355569+00:00,2026-08-18T15:30:06.575670+00:00
646,4119,4134,temporal,0.3267123206429343,probe,ARM_B,0.2,0,0.0,49.14,False,10,2026-08-18T15:17:41.355569+00:00,2026-08-18T15:30:06.575670+00:00
647,3844,4003,temporal,0.3267244094661854,probe,ARM_A,0.0,0,0.0,159.47,False,10,2026-08-18T15:17:41.355569+00:00,2026-08-18T15:30:06.575670+00:00
647,3844,4003,temporal,0.3267244094661854,probe,ARM_B,0.2,0,0.0,209.34,False,10,2026-08-18T15:17:41.355569+00:00,2026-08-18T15:30:06.575670+00:00
648,3867,3868,temporal,0.3267266148382393,probe,ARM_A,0.0,0,0.0,147.15,False,10,2026-08-18T15:17:41.355569+00:00,2026-08-18T15:30:06.575670+00:00
648,3867,3868,temporal,0.3267266148382393,probe,ARM_B,0.2,0,0.0,2158.19,False,10,2026-08-18T15:17:41.355569+00:00,2026-08-18T15:30:06.575670+00:00
649,3867,3868,temporal,0.3267266148382393,probe,ARM_A,0.0,0,0.0,204.22,False,10,2026-08-18T15:17:41.355569+00:00,2026-08-18T15:30:06.575670+00:00
649,3867,3868,temporal,0.3267266148382393,probe,ARM_B,0.2,0,0.0,97.7,False,10,2026-08-18T15:17:41.355569+00:00,2026-08-18T15:30:06.575670+00:00
650,4040,4092,temporal,0.32676987807571223,probe,ARM_A,0.0,0,0.0,64.38,False,10,2026-08-18T15:17:41.355569+00:00,2026-08-18T15:30:06.575670+00:00
650,4040,4092,temporal,0.32676987807571223,probe,ARM_B,0.2,0,0.0,59.98,False,10,2026-08-18T15:17:41.355569+00:00,2026-08-18T15:30:06.575670+00:00
651,4608,4610,temporal,0.3267882253979917,probe,ARM_A,0.0,0,0.0,37.63,False,10,2026-08-18T15:17:41.355569+00:00,2026-08-18T15:30:06.575670+00:00
651,4608,4610,temporal,0.3267882253979917,probe,ARM_B,0.2,0,0.0,26.3,False,10,2026-08-18T15:17:41.355569+00:00,2026-08-18T15:30:06.575670+00:00
652,4608,4610,temporal,0.3267882253979917,probe,ARM_A,0.0,0,0.0,29.58,False,10,2026-08-18T15:17:41.355569+00:00,2026-08-18T15:30:06.575670+00:00
652,4608,4610,temporal,0.3267882253979917,probe,ARM_B,0.2,0,0.0,58.36,False,10,2026-08-18T15:17:41.355569+00:00,2026-08-18T15:30:06.575670+00:00
653,4006,4053,temporal,0.3268306461774556,probe,ARM_A,0.0,0,0.0,121.09,False,10,2026-08-18T15:17:41.355569+00:00,2026-08-18T15:30:06.575670+00:00
653,4006,4053,temporal,0.3268306461774556,probe,ARM_B,0.2,0,0.0,70.97,False,10,2026-08-18T15:17:41.355569+00:00,2026-08-18T15:30:06.575670+00:00
654,3828,4172,temporal,0.3268346385261207,probe,ARM_A,0.0,0,0.0,207.82,False,10,2026-08-18T15:17:41.355569+00:00,2026-08-18T15:30:06.575670+00:00
654,3828,4172,temporal,0.3268346385261207,probe,ARM_B,0.2,0,0.0,167.05,False,10,2026-08-18T15:17:41.355569+00:00,2026-08-18T15:30:06.575670+00:00
655,3987,4045,temporal,0.3268665281693329,probe,ARM_A,0.0,0,0.0,46.45,False,10,2026-08-18T15:17:41.355569+00:00,2026-08-18T15:30:06.575670+00:00
655,3987,4045,temporal,0.3268665281693329,probe,ARM_B,0.2,0,0.0,64.88,False,10,2026-08-18T15:17:41.355569+00:00,2026-08-18T15:30:06.575670+00:00
656,3850,3951,temporal,0.3268891567190729,probe,ARM_A,0.0,0,0.0,269.21,False,10,2026-08-18T15:17:41.355569+00:00,2026-08-18T15:30:06.575670+00:00
656,3850,3951,temporal,0.3268891567190729,probe,ARM_B,0.2,0,0.0,125.01,False,10,2026-08-18T15:17:41.355569+00:00,2026-08-18T15:30:06.575670+00:00
657,3909,4129,temporal,0.32692238688468933,probe,ARM_A,0.0,0,0.0,52.33,False,10,2026-08-18T15:17:41.355569+00:00,2026-08-18T15:30:06.575670+00:00
657,3909,4129,temporal,0.32692238688468933,probe,ARM_B,0.2,0,0.0,40.08,False,10,2026-08-18T15:17:41.355569+00:00,2026-08-18T15:30:06.575670+00:00
658,3905,3954,temporal,0.32695482098517725,probe,ARM_A,0.0,0,0.0,58.41,False,10,2026-08-18T15:17:41.355569+00:00,2026-08-18T15:30:06.575670+00:00
658,3905,3954,temporal,0.32695482098517725,probe,ARM_B,0.2,0,0.0,102.99,False,10,2026-08-18T15:17:41.355569+00:00,2026-08-18T15:30:06.575670+00:00
659,3919,3958,temporal,0.3269801735878014,probe,ARM_A,0.0,0,0.0,147.46,False,10,2026-08-18T15:17:41.355569+00:00,2026-08-18T15:30:06.575670+00:00
659,3919,3958,temporal,0.3269801735878014,probe,ARM_B,0.2,0,0.0,67.56,False,10,2026-08-18T15:17:41.355569+00:00,2026-08-18T15:30:06.575670+00:00
660,3860,4117,temporal,0.3270444360170095,probe,ARM_A,0.0,0,0.0,60.44,False,10,2026-08-18T15:17:41.355569+00:00,2026-08-18T15:30:06.575670+00:00
660,3860,4117,temporal,0.3270444360170095,probe,ARM_B,0.2,0,0.0,72.58,False,10,2026-08-18T15:17:41.355569+00:00,2026-08-18T15:30:06.575670+00:00
661,3845,3905,temporal,0.32706683818103555,probe,ARM_A,0.0,0,0.0,165.17,False,10,2026-08-18T15:17:41.355569+00:00,2026-08-18T15:30:06.575670+00:00
661,3845,3905,temporal,0.32706683818103555,probe,ARM_B,0.2,0,0.0,175.66,False,10,2026-08-18T15:17:41.355569+00:00,2026-08-18T15:30:06.575670+00:00
662,4012,4127,temporal,0.3270768918715983,probe,ARM_A,0.0,0,0.0,95.87,False,10,2026-08-18T15:17:41.355569+00:00,2026-08-18T15:30:06.575670+00:00
662,4012,4127,temporal,0.3270768918715983,probe,ARM_B,0.2,0,0.0,134.43,False,10,2026-08-18T15:17:41.355569+00:00,2026-08-18T15:30:06.575670+00:00
663,4015,4127,temporal,0.32709377085044966,probe,ARM_A,0.0,0,0.0,79.17,False,10,2026-08-18T15:17:41.355569+00:00,2026-08-18T15:30:06.575670+00:00
663,4015,4127,temporal,0.32709377085044966,probe,ARM_B,0.2,0,0.0,109.85,False,10,2026-08-18T15:17:41.355569+00:00,2026-08-18T15:30:06.575670+00:00
664,4097,4161,temporal,0.32712133688458356,probe,ARM_A,0.0,0,0.0,78.81,False,10,2026-08-18T15:17:41.355569+00:00,2026-08-18T15:30:06.575670+00:00
664,4097,4161,temporal,0.32712133688458356,probe,ARM_B,0.2,0,0.0,48.5,False,10,2026-08-18T15:17:41.355569+00:00,2026-08-18T15:30:06.575670+00:00
665,3822,3940,temporal,0.32715807284809084,probe,ARM_A,0.0,0,0.0,254.96,False,10,2026-08-18T15:17:41.355569+00:00,2026-08-18T15:30:06.575670+00:00
665,3822,3940,temporal,0.32715807284809084,probe,ARM_B,0.2,0,0.0,209.78,False,10,2026-08-18T15:17:41.355569+00:00,2026-08-18T15:30:06.575670+00:00
666,3851,3951,temporal,0.32728023312330956,probe,ARM_A,0.0,0,0.0,121.86,False,10,2026-08-18T15:17:41.355569+00:00,2026-08-18T15:30:06.575670+00:00
666,3851,3951,temporal,0.32728023312330956,probe,ARM_B,0.2,0,0.0,102.76,False,10,2026-08-18T15:17:41.355569+00:00,2026-08-18T15:30:06.575670+00:00
667,3821,4136,temporal,0.3272936940193176,probe,ARM_A,0.0,0,0.0,194.3,False,10,2026-08-18T15:17:41.355569+00:00,2026-08-18T15:30:06.575670+00:00
667,3821,4136,temporal,0.3272936940193176,probe,ARM_B,0.2,0,0.0,120.84,False,10,2026-08-18T15:17:41.355569+00:00,2026-08-18T15:30:06.575670+00:00
668,3955,4033,temporal,0.32737605681658777,probe,ARM_A,0.0,0,0.0,93.71,False,10,2026-08-18T15:17:41.355569+00:00,2026-08-18T15:30:06.575670+00:00
668,3955,4033,temporal,0.32737605681658777,probe,ARM_B,0.2,0,0.0,66.5,False,10,2026-08-18T15:17:41.355569+00:00,2026-08-18T15:30:06.575670+00:00
669,7651,7653,temporal,0.3274282813072228,probe,ARM_A,0.0,0,0.0,46.25,False,10,2026-08-18T15:17:41.355569+00:00,2026-08-18T15:30:06.575670+00:00
669,7651,7653,temporal,0.3274282813072228,probe,ARM_B,0.2,0,0.0,25.34,False,10,2026-08-18T15:17:41.355569+00:00,2026-08-18T15:30:06.575670+00:00
670,7651,7653,temporal,0.3274282813072228,probe,ARM_A,0.0,0,0.0,23.59,False,10,2026-08-18T15:17:41.355569+00:00,2026-08-18T15:30:06.575670+00:00
670,7651,7653,temporal,0.3274282813072228,probe,ARM_B,0.2,0,0.0,25.73,False,10,2026-08-18T15:17:41.355569+00:00,2026-08-18T15:30:06.575670+00:00
671,3804,4161,temporal,0.3274297801258703,probe,ARM_A,0.0,0,0.0,115.99,False,10,2026-08-18T15:17:41.355569+00:00,2026-08-18T15:30:06.575670+00:00
671,3804,4161,temporal,0.3274297801258703,probe,ARM_B,0.2,0,0.0,115.52,False,10,2026-08-18T15:17:41.355569+00:00,2026-08-18T15:30:06.575670+00:00
672,4006,4049,temporal,0.32746099344805146,probe,ARM_A,0.0,0,0.0,321.88,False,10,2026-08-18T15:17:41.355569+00:00,2026-08-18T15:30:06.575670+00:00
672,4006,4049,temporal,0.32746099344805146,probe,ARM_B,0.2,0,0.0,132.61,False,10,2026-08-18T15:17:41.355569+00:00,2026-08-18T15:30:06.575670+00:00
673,3996,4127,temporal,0.3274846775838931,probe,ARM_A,0.0,0,0.0,2182.45,False,10,2026-08-18T15:17:41.355569+00:00,2026-08-18T15:30:06.575670+00:00
673,3996,4127,temporal,0.3274846775838931,probe,ARM_B,0.2,0,0.0,237.69,False,10,2026-08-18T15:17:41.355569+00:00,2026-08-18T15:30:06.575670+00:00
674,3822,3949,temporal,0.3274999651312792,probe,ARM_A,0.0,0,0.0,191.09,False,10,2026-08-18T15:17:41.355569+00:00,2026-08-18T15:30:06.575670+00:00
674,3822,3949,temporal,0.3274999651312792,probe,ARM_B,0.2,0,0.0,164.86,False,10,2026-08-18T15:17:41.355569+00:00,2026-08-18T15:30:06.575670+00:00
675,3868,4111,temporal,0.3275495870381846,probe,ARM_A,0.0,0,0.0,114.87,False,10,2026-08-18T15:17:41.355569+00:00,2026-08-18T15:30:06.575670+00:00
675,3868,4111,temporal,0.3275495870381846,probe,ARM_B,0.2,0,0.0,228.74,False,10,2026-08-18T15:17:41.355569+00:00,2026-08-18T15:30:06.575670+00:00
676,3896,4121,temporal,0.32756880850421033,probe,ARM_A,0.0,0,0.0,67.43,False,10,2026-08-18T15:17:41.355569+00:00,2026-08-18T15:30:06.575670+00:00
676,3896,4121,temporal,0.32756880850421033,probe,ARM_B,0.2,0,0.0,65.18,False,10,2026-08-18T15:17:41.355569+00:00,2026-08-18T15:30:06.575670+00:00
677,3860,4151,temporal,0.3275798245733508,probe,ARM_A,0.0,0,0.0,428.04,False,10,2026-08-18T15:17:41.355569+00:00,2026-08-18T15:30:06.575670+00:00
677,3860,4151,temporal,0.3275798245733508,probe,ARM_B,0.2,0,0.0,195.87,False,10,2026-08-18T15:17:41.355569+00:00,2026-08-18T15:30:06.575670+00:00
678,4118,4164,temporal,0.3276447355747223,probe,ARM_A,0.0,0,0.0,175.81,False,10,2026-08-18T15:17:41.355569+00:00,2026-08-18T15:30:06.575670+00:00
678,4118,4164,temporal,0.3276447355747223,probe,ARM_B,0.2,0,0.0,157.59,False,10,2026-08-18T15:17:41.355569+00:00,2026-08-18T15:30:06.575670+00:00
679,3906,3949,temporal,0.32765243332287786,probe,ARM_A,0.0,0,0.0,194.55,False,10,2026-08-18T15:17:41.355569+00:00,2026-08-18T15:30:06.575670+00:00
679,3906,3949,temporal,0.32765243332287786,probe,ARM_B,0.2,0,0.0,227.6,False,10,2026-08-18T15:17:41.355569+00:00,2026-08-18T15:30:06.575670+00:00
680,4006,4109,temporal,0.32765690468719333,probe,ARM_A,0.0,0,0.0,228.0,False,10,2026-08-18T15:17:41.355569+00:00,2026-08-18T15:30:06.575670+00:00
680,4006,4109,temporal,0.32765690468719333,probe,ARM_B,0.2,0,0.0,163.02,False,10,2026-08-18T15:17:41.355569+00:00,2026-08-18T15:30:06.575670+00:00
681,3908,3953,temporal,0.3276868560220856,probe,ARM_A,0.0,0,0.0,94.63,False,10,2026-08-18T15:17:41.355569+00:00,2026-08-18T15:30:06.575670+00:00
681,3908,3953,temporal,0.3276868560220856,probe,ARM_B,0.2,0,0.0,79.28,False,10,2026-08-18T15:17:41.355569+00:00,2026-08-18T15:30:06.575670+00:00
682,3807,4045,temporal,0.32776270243677164,probe,ARM_A,0.0,0,0.0,204.65,False,10,2026-08-18T15:17:41.355569+00:00,2026-08-18T15:30:06.575670+00:00
682,3807,4045,temporal,0.32776270243677164,probe,ARM_B,0.2,0,0.0,253.27,False,10,2026-08-18T15:17:41.355569+00:00,2026-08-18T15:30:06.575670+00:00
683,4104,4172,temporal,0.3278236579632251,probe,ARM_A,0.0,0,0.0,85.51,False,10,2026-08-18T15:17:41.355569+00:00,2026-08-18T15:30:06.575670+00:00
683,4104,4172,temporal,0.3278236579632251,probe,ARM_B,0.2,0,0.0,50.58,False,10,2026-08-18T15:17:41.355569+00:00,2026-08-18T15:30:06.575670+00:00
684,4050,4085,temporal,0.327848881483078,probe,ARM_A,0.0,0,0.0,333.2,False,10,2026-08-18T15:17:41.355569+00:00,2026-08-18T15:30:06.575670+00:00
684,4050,4085,temporal,0.327848881483078,probe,ARM_B,0.2,0,0.0,140.2,False,10,2026-08-18T15:17:41.355569+00:00,2026-08-18T15:30:06.575670+00:00
685,4006,4085,temporal,0.3278712034225464,probe,ARM_A,0.0,0,0.0,166.55,False,10,2026-08-18T15:17:41.355569+00:00,2026-08-18T15:30:06.575670+00:00
685,4006,4085,temporal,0.3278712034225464,probe,ARM_B,0.2,0,0.0,151.33,False,10,2026-08-18T15:17:41.355569+00:00,2026-08-18T15:30:06.575670+00:00
686,3822,3904,temporal,0.32790659880916606,probe,ARM_A,0.0,0,0.0,940.04,False,10,2026-08-18T15:17:41.355569+00:00,2026-08-18T15:30:06.575670+00:00
686,3822,3904,temporal,0.32790659880916606,probe,ARM_B,0.2,0,0.0,237.06,False,10,2026-08-18T15:17:41.355569+00:00,2026-08-18T15:30:06.575670+00:00
687,3842,3955,temporal,0.32794952296308155,probe,ARM_A,0.0,0,0.0,190.8,False,10,2026-08-18T15:17:41.355569+00:00,2026-08-18T15:30:06.575670+00:00
687,3842,3955,temporal,0.32794952296308155,probe,ARM_B,0.2,0,0.0,173.01,False,10,2026-08-18T15:17:41.355569+00:00,2026-08-18T15:30:06.575670+00:00
688,3878,4045,temporal,0.32798218727111816,probe,ARM_A,0.0,0,0.0,161.59,False,10,2026-08-18T15:17:41.355569+00:00,2026-08-18T15:30:06.575670+00:00
688,3878,4045,temporal,0.32798218727111816,probe,ARM_B,0.2,0,0.0,187.33,False,10,2026-08-18T15:17:41.355569+00:00,2026-08-18T15:30:06.575670+00:00
689,3859,4118,temporal,0.3280230965586809,probe,ARM_A,0.0,0,0.0,194.0,False,10,2026-08-18T15:17:41.355569+00:00,2026-08-18T15:30:06.575670+00:00
689,3859,4118,temporal,0.3280230965586809,probe,ARM_B,0.2,0,0.0,2169.83,False,10,2026-08-18T15:17:41.355569+00:00,2026-08-18T15:30:06.575670+00:00
690,4011,4109,temporal,0.32805202388918486,probe,ARM_A,0.0,0,0.0,134.51,False,10,2026-08-18T15:17:41.355569+00:00,2026-08-18T15:30:06.575670+00:00
690,4011,4109,temporal,0.32805202388918486,probe,ARM_B,0.2,0,0.0,27.51,False,10,2026-08-18T15:17:41.355569+00:00,2026-08-18T15:30:06.575670+00:00
691,4005,4138,temporal,0.3280930519104027,probe,ARM_A,0.0,0,0.0,87.67,False,10,2026-08-18T15:17:41.355569+00:00,2026-08-18T15:30:06.575670+00:00
691,4005,4138,temporal,0.3280930519104027,probe,ARM_B,0.2,0,0.0,85.71,False,10,2026-08-18T15:17:41.355569+00:00,2026-08-18T15:30:06.575670+00:00
692,3857,4048,temporal,0.3281113691595574,probe,ARM_A,0.0,0,0.0,179.12,False,10,2026-08-18T15:17:41.355569+00:00,2026-08-18T15:30:06.575670+00:00
692,3857,4048,temporal,0.3281113691595574,probe,ARM_B,0.2,0,0.0,197.8,False,10,2026-08-18T15:17:41.355569+00:00,2026-08-18T15:30:06.575670+00:00
693,3860,4070,temporal,0.3281299066737191,probe,ARM_A,0.0,0,0.0,87.18,False,10,2026-08-18T15:17:41.355569+00:00,2026-08-18T15:30:06.575670+00:00
693,3860,4070,temporal,0.3281299066737191,probe,ARM_B,0.2,0,0.0,86.45,False,10,2026-08-18T15:17:41.355569+00:00,2026-08-18T15:30:06.575670+00:00
694,3850,4015,temporal,0.3281629485986912,probe,ARM_A,0.0,0,0.0,130.3,False,10,2026-08-18T15:17:41.355569+00:00,2026-08-18T15:30:06.575670+00:00
694,3850,4015,temporal,0.3281629485986912,probe,ARM_B,0.2,0,0.0,2068.23,False,10,2026-08-18T15:17:41.355569+00:00,2026-08-18T15:30:06.575670+00:00
695,3942,4005,temporal,0.3281827569007897,probe,ARM_A,0.0,0,0.0,76.69,False,10,2026-08-18T15:17:41.355569+00:00,2026-08-18T15:30:06.575670+00:00
695,3942,4005,temporal,0.3281827569007897,probe,ARM_B,0.2,0,0.0,33.4,False,10,2026-08-18T15:17:41.355569+00:00,2026-08-18T15:30:06.575670+00:00
696,3822,4172,temporal,0.3281905348471287,probe,ARM_A,0.0,0,0.0,274.44,False,10,2026-08-18T15:17:41.355569+00:00,2026-08-18T15:30:06.575670+00:00
696,3822,4172,temporal,0.3281905348471287,probe,ARM_B,0.2,0,0.0,251.46,False,10,2026-08-18T15:17:41.355569+00:00,2026-08-18T15:30:06.575670+00:00
697,4006,4139,temporal,0.32826435565948486,probe,ARM_A,0.0,0,0.0,265.12,False,10,2026-08-18T15:17:41.355569+00:00,2026-08-18T15:30:06.575670+00:00
697,4006,4139,temporal,0.32826435565948486,probe,ARM_B,0.2,0,0.0,193.04,False,10,2026-08-18T15:17:41.355569+00:00,2026-08-18T15:30:06.575670+00:00
698,4003,4134,temporal,0.32826443528341664,probe,ARM_A,0.0,0,0.0,56.61,False,10,2026-08-18T15:17:41.355569+00:00,2026-08-18T15:30:06.575670+00:00
698,4003,4134,temporal,0.32826443528341664,probe,ARM_B,0.2,0,0.0,288.93,False,10,2026-08-18T15:17:41.355569+00:00,2026-08-18T15:30:06.575670+00:00
699,3802,3868,temporal,0.3282917239752927,probe,ARM_A,0.0,0,0.0,1836.12,False,10,2026-08-18T15:17:41.355569+00:00,2026-08-18T15:30:06.575670+00:00
699,3802,3868,temporal,0.3282917239752927,probe,ARM_B,0.2,0,0.0,401.93,False,10,2026-08-18T15:17:41.355569+00:00,2026-08-18T15:30:06.575670+00:00
700,3993,4136,temporal,0.3283330202102661,probe,ARM_A,0.0,0,0.0,91.29,False,10,2026-08-18T15:17:41.355569+00:00,2026-08-18T15:30:06.575670+00:00
700,3993,4136,temporal,0.3283330202102661,probe,ARM_B,0.2,0,0.0,44.04,False,10,2026-08-18T15:17:41.355569+00:00,2026-08-18T15:30:06.575670+00:00
701,4020,4045,temporal,0.3283820552598211,probe,ARM_A,0.0,0,0.0,43.03,False,10,2026-08-18T15:17:41.355569+00:00,2026-08-18T15:30:06.575670+00:00
701,4020,4045,temporal,0.3283820552598211,probe,ARM_B,0.2,0,0.0,50.26,False,10,2026-08-18T15:17:41.355569+00:00,2026-08-18T15:30:06.575670+00:00
702,3822,4092,temporal,0.32848009423733615,probe,ARM_A,0.0,0,0.0,317.39,False,10,2026-08-18T15:17:41.355569+00:00,2026-08-18T15:30:06.575670+00:00
702,3822,4092,temporal,0.32848009423733615,probe,ARM_B,0.2,0,0.0,308.17,False,10,2026-08-18T15:17:41.355569+00:00,2026-08-18T15:30:06.575670+00:00
703,4049,4123,temporal,0.3284911700466091,probe,ARM_A,0.0,0,0.0,103.66,False,10,2026-08-18T15:17:41.355569+00:00,2026-08-18T15:30:06.575670+00:00
703,4049,4123,temporal,0.3284911700466091,probe,ARM_B,0.2,0,0.0,104.86,False,10,2026-08-18T15:17:41.355569+00:00,2026-08-18T15:30:06.575670+00:00
704,3808,4121,temporal,0.3284941600694502,probe,ARM_A,0.0,0,0.0,319.95,False,10,2026-08-18T15:17:41.355569+00:00,2026-08-18T15:30:06.575670+00:00
704,3808,4121,temporal,0.3284941600694502,probe,ARM_B,0.2,0,0.0,308.53,False,10,2026-08-18T15:17:41.355569+00:00,2026-08-18T15:30:06.575670+00:00
705,3997,4177,temporal,0.328510721237107,probe,ARM_A,0.0,0,0.0,147.97,False,10,2026-08-18T15:17:41.355569+00:00,2026-08-18T15:30:06.575670+00:00
705,3997,4177,temporal,0.328510721237107,probe,ARM_B,0.2,0,0.0,50.86,False,10,2026-08-18T15:17:41.355569+00:00,2026-08-18T15:30:06.575670+00:00
706,3846,3968,temporal,0.32855409341044084,probe,ARM_A,0.0,0,0.0,132.97,False,10,2026-08-18T15:17:41.355569+00:00,2026-08-18T15:30:06.575670+00:00
706,3846,3968,temporal,0.32855409341044084,probe,ARM_B,0.2,0,0.0,204.34,False,10,2026-08-18T15:17:41.355569+00:00,2026-08-18T15:30:06.575670+00:00
707,4139,4151,temporal,0.32857088191162365,probe,ARM_A,0.0,0,0.0,341.9,False,10,2026-08-18T15:17:41.355569+00:00,2026-08-18T15:30:06.575670+00:00
707,4139,4151,temporal,0.32857088191162365,probe,ARM_B,0.2,0,0.0,32.22,False,10,2026-08-18T15:17:41.355569+00:00,2026-08-18T15:30:06.575670+00:00
708,4138,4172,temporal,0.328654566842862,probe,ARM_A,0.0,0,0.0,93.23,False,10,2026-08-18T15:17:41.355569+00:00,2026-08-18T15:30:06.575670+00:00
708,4138,4172,temporal,0.328654566842862,probe,ARM_B,0.2,0,0.0,85.08,False,10,2026-08-18T15:17:41.355569+00:00,2026-08-18T15:30:06.575670+00:00
709,3971,4096,temporal,0.32866128257878313,probe,ARM_A,0.0,0,0.0,65.77,False,10,2026-08-18T15:17:41.355569+00:00,2026-08-18T15:30:06.575670+00:00
709,3971,4096,temporal,0.32866128257878313,probe,ARM_B,0.2,0,0.0,63.21,False,10,2026-08-18T15:17:41.355569+00:00,2026-08-18T15:30:06.575670+00:00
710,3955,4053,temporal,0.3286615014076326,probe,ARM_A,0.0,0,0.0,71.49,False,10,2026-08-18T15:17:41.355569+00:00,2026-08-18T15:30:06.575670+00:00
710,3955,4053,temporal,0.3286615014076326,probe,ARM_B,0.2,0,0.0,134.29,False,10,2026-08-18T15:17:41.355569+00:00,2026-08-18T15:30:06.575670+00:00
711,3894,3896,temporal,0.32866581294936625,probe,ARM_A,0.0,0,0.0,180.38,False,10,2026-08-18T15:17:41.355569+00:00,2026-08-18T15:30:06.575670+00:00
711,3894,3896,temporal,0.32866581294936625,probe,ARM_B,0.2,0,0.0,425.86,False,10,2026-08-18T15:17:41.355569+00:00,2026-08-18T15:30:06.575670+00:00
712,3894,3896,temporal,0.32866581294936625,probe,ARM_A,0.0,0,0.0,168.6,False,10,2026-08-18T15:17:41.355569+00:00,2026-08-18T15:30:06.575670+00:00
712,3894,3896,temporal,0.32866581294936625,probe,ARM_B,0.2,0,0.0,182.87,False,10,2026-08-18T15:17:41.355569+00:00,2026-08-18T15:30:06.575670+00:00
713,3955,4085,temporal,0.32875702723944744,probe,ARM_A,0.0,0,0.0,153.0,False,10,2026-08-18T15:17:41.355569+00:00,2026-08-18T15:30:06.575670+00:00
713,3955,4085,temporal,0.32875702723944744,probe,ARM_B,0.2,0,0.0,78.28,False,10,2026-08-18T15:17:41.355569+00:00,2026-08-18T15:30:06.575670+00:00
714,3859,4085,temporal,0.32888709558402585,probe,ARM_A,0.0,0,0.0,190.27,False,10,2026-08-18T15:17:41.355569+00:00,2026-08-18T15:30:06.575670+00:00
714,3859,4085,temporal,0.32888709558402585,probe,ARM_B,0.2,0,0.0,211.69,False,10,2026-08-18T15:17:41.355569+00:00,2026-08-18T15:30:06.575670+00:00
715,3946,3970,temporal,0.3288893205589467,probe,ARM_A,0.0,0,0.0,65.91,False,10,2026-08-18T15:17:41.355569+00:00,2026-08-18T15:30:06.575670+00:00
715,3946,3970,temporal,0.3288893205589467,probe,ARM_B,0.2,0,0.0,46.55,False,10,2026-08-18T15:17:41.355569+00:00,2026-08-18T15:30:06.575670+00:00
716,3808,4155,temporal,0.3288920015765433,probe,ARM_A,0.0,0,0.0,272.66,False,10,2026-08-18T15:17:41.355569+00:00,2026-08-18T15:30:06.575670+00:00
716,3808,4155,temporal,0.3288920015765433,probe,ARM_B,0.2,0,0.0,279.87,False,10,2026-08-18T15:17:41.355569+00:00,2026-08-18T15:30:06.575670+00:00
717,3823,4045,temporal,0.3289625644683838,probe,ARM_A,0.0,0,0.0,221.92,False,10,2026-08-18T15:17:41.355569+00:00,2026-08-18T15:30:06.575670+00:00
717,3823,4045,temporal,0.3289625644683838,probe,ARM_B,0.2,0,0.0,111.36,False,10,2026-08-18T15:17:41.355569+00:00,2026-08-18T15:30:06.575670+00:00
718,3906,3954,temporal,0.3289660109528929,probe,ARM_A,0.0,0,0.0,139.01,False,10,2026-08-18T15:17:41.355569+00:00,2026-08-18T15:30:06.575670+00:00
718,3906,3954,temporal,0.3289660109528929,probe,ARM_B,0.2,0,0.0,235.38,False,10,2026-08-18T15:17:41.355569+00:00,2026-08-18T15:30:06.575670+00:00
719,3905,4119,temporal,0.3289731337090037,probe,ARM_A,0.0,0,0.0,139.5,False,10,2026-08-18T15:17:41.355569+00:00,2026-08-18T15:30:06.575670+00:00
719,3905,4119,temporal,0.3289731337090037,probe,ARM_B,0.2,0,0.0,68.98,False,10,2026-08-18T15:17:41.355569+00:00,2026-08-18T15:30:06.575670+00:00
720,3860,4062,temporal,0.3290272845368547,probe,ARM_A,0.0,0,0.0,72.61,False,10,2026-08-18T15:17:41.355569+00:00,2026-08-18T15:30:06.575670+00:00
720,3860,4062,temporal,0.3290272845368547,probe,ARM_B,0.2,0,0.0,128.36,False,10,2026-08-18T15:17:41.355569+00:00,2026-08-18T15:30:06.575670+00:00
721,3968,4127,temporal,0.3290424841071662,probe,ARM_A,0.0,0,0.0,89.57,False,10,2026-08-18T15:17:41.355569+00:00,2026-08-18T15:30:06.575670+00:00
721,3968,4127,temporal,0.3290424841071662,probe,ARM_B,0.2,0,0.0,52.65,False,10,2026-08-18T15:17:41.355569+00:00,2026-08-18T15:30:06.575670+00:00
722,3908,4127,temporal,0.32904794812202454,probe,ARM_A,0.0,0,0.0,70.39,False,10,2026-08-18T15:17:41.355569+00:00,2026-08-18T15:30:06.575670+00:00
722,3908,4127,temporal,0.32904794812202454,probe,ARM_B,0.2,0,0.0,154.57,False,10,2026-08-18T15:17:41.355569+00:00,2026-08-18T15:30:06.575670+00:00
723,3821,4125,temporal,0.3291013146518117,probe,ARM_A,0.0,0,0.0,280.32,False,10,2026-08-18T15:17:41.355569+00:00,2026-08-18T15:30:06.575670+00:00
723,3821,4125,temporal,0.3291013146518117,probe,ARM_B,0.2,0,0.0,186.3,False,10,2026-08-18T15:17:41.355569+00:00,2026-08-18T15:30:06.575670+00:00
724,3844,4119,temporal,0.32914074236993507,probe,ARM_A,0.0,0,0.0,171.15,False,10,2026-08-18T15:17:41.355569+00:00,2026-08-18T15:30:06.575670+00:00
724,3844,4119,temporal,0.32914074236993507,probe,ARM_B,0.2,0,0.0,317.78,False,10,2026-08-18T15:17:41.355569+00:00,2026-08-18T15:30:06.575670+00:00
725,3971,3996,temporal,0.3292130133744189,probe,ARM_A,0.0,0,0.0,98.61,False,10,2026-08-18T15:17:41.355569+00:00,2026-08-18T15:30:06.575670+00:00
725,3971,3996,temporal,0.3292130133744189,probe,ARM_B,0.2,0,0.0,56.01,False,10,2026-08-18T15:17:41.355569+00:00,2026-08-18T15:30:06.575670+00:00
726,3851,3908,temporal,0.32924216985702515,probe,ARM_A,0.0,0,0.0,102.55,False,10,2026-08-18T15:17:41.355569+00:00,2026-08-18T15:30:06.575670+00:00
726,3851,3908,temporal,0.32924216985702515,probe,ARM_B,0.2,0,0.0,138.93,False,10,2026-08-18T15:17:41.355569+00:00,2026-08-18T15:30:06.575670+00:00
727,3822,3924,temporal,0.3292437889946638,probe,ARM_A,0.0,0,0.0,187.49,False,10,2026-08-18T15:17:41.355569+00:00,2026-08-18T15:30:06.575670+00:00
727,3822,3924,temporal,0.3292437889946638,probe,ARM_B,0.2,0,0.0,221.0,False,10,2026-08-18T15:17:41.355569+00:00,2026-08-18T15:30:06.575670+00:00
728,3822,4069,temporal,0.32924847740657426,probe,ARM_A,0.0,0,0.0,155.3,False,10,2026-08-18T15:17:41.355569+00:00,2026-08-18T15:30:06.575670+00:00
728,3822,4069,temporal,0.32924847740657426,probe,ARM_B,0.2,0,0.0,736.62,False,10,2026-08-18T15:17:41.355569+00:00,2026-08-18T15:30:06.575670+00:00
729,4048,4155,temporal,0.32926115248006305,probe,ARM_A,0.0,0,0.0,377.92,False,10,2026-08-18T15:17:41.355569+00:00,2026-08-18T15:30:06.575670+00:00
729,4048,4155,temporal,0.32926115248006305,probe,ARM_B,0.2,0,0.0,75.86,False,10,2026-08-18T15:17:41.355569+00:00,2026-08-18T15:30:06.575670+00:00
730,3958,3968,temporal,0.32926964759826893,probe,ARM_A,0.0,0,0.0,338.02,False,10,2026-08-18T15:17:41.355569+00:00,2026-08-18T15:30:06.575670+00:00
730,3958,3968,temporal,0.32926964759826893,probe,ARM_B,0.2,0,0.0,105.77,False,10,2026-08-18T15:17:41.355569+00:00,2026-08-18T15:30:06.575670+00:00
731,4011,4049,temporal,0.32928125996608804,probe,ARM_A,0.0,0,0.0,54.37,False,10,2026-08-18T15:17:41.355569+00:00,2026-08-18T15:30:06.575670+00:00
731,4011,4049,temporal,0.32928125996608804,probe,ARM_B,0.2,0,0.0,55.41,False,10,2026-08-18T15:17:41.355569+00:00,2026-08-18T15:30:06.575670+00:00
732,4019,4121,temporal,0.32931040592236727,probe,ARM_A,0.0,0,0.0,499.14,False,10,2026-08-18T15:17:41.355569+00:00,2026-08-18T15:30:06.575670+00:00
732,4019,4121,temporal,0.32931040592236727,probe,ARM_B,0.2,0,0.0,1048.01,False,10,2026-08-18T15:17:41.355569+00:00,2026-08-18T15:30:06.575670+00:00
733,3882,3906,temporal,0.32933666249166005,probe,ARM_A,0.0,0,0.0,964.13,False,10,2026-08-18T15:17:41.355569+00:00,2026-08-18T15:30:06.575670+00:00
733,3882,3906,temporal,0.32933666249166005,probe,ARM_B,0.2,0,0.0,621.28,False,10,2026-08-18T15:17:41.355569+00:00,2026-08-18T15:30:06.575670+00:00
734,3878,3905,temporal,0.3293665345936909,probe,ARM_A,0.0,0,0.0,1098.6,False,10,2026-08-18T15:17:41.355569+00:00,2026-08-18T15:30:06.575670+00:00
734,3878,3905,temporal,0.3293665345936909,probe,ARM_B,0.2,0,0.0,995.2,False,10,2026-08-18T15:17:41.355569+00:00,2026-08-18T15:30:06.575670+00:00
735,3878,4125,temporal,0.3293748105317603,probe,ARM_A,0.0,0,0.0,793.77,False,10,2026-08-18T15:17:41.355569+00:00,2026-08-18T15:30:06.575670+00:00
735,3878,4125,temporal,0.3293748105317603,probe,ARM_B,0.2,0,0.0,345.63,False,10,2026-08-18T15:17:41.355569+00:00,2026-08-18T15:30:06.575670+00:00
736,3892,4177,temporal,0.32939486643595506,probe,ARM_A,0.0,0,0.0,2311.96,False,10,2026-08-18T15:17:41.355569+00:00,2026-08-18T15:30:06.575670+00:00
736,3892,4177,temporal,0.32939486643595506,probe,ARM_B,0.2,0,0.0,726.31,False,10,2026-08-18T15:17:41.355569+00:00,2026-08-18T15:30:06.575670+00:00
737,4062,4063,temporal,0.32945329932729317,probe,ARM_A,0.0,0,0.0,525.46,False,10,2026-08-18T15:17:41.355569+00:00,2026-08-18T15:30:06.575670+00:00
737,4062,4063,temporal,0.32945329932729317,probe,ARM_B,0.2,0,0.0,160.6,False,10,2026-08-18T15:17:41.355569+00:00,2026-08-18T15:30:06.575670+00:00
738,3808,4118,temporal,0.3295097347655669,probe,ARM_A,0.0,0,0.0,1634.44,False,10,2026-08-18T15:17:41.355569+00:00,2026-08-18T15:30:06.575670+00:00
738,3808,4118,temporal,0.3295097347655669,probe,ARM_B,0.2,0,0.0,1222.66,False,10,2026-08-18T15:17:41.355569+00:00,2026-08-18T15:30:06.575670+00:00
739,3846,4154,temporal,0.32951222799900726,probe,ARM_A,0.0,0,0.0,957.64,False,10,2026-08-18T15:17:41.355569+00:00,2026-08-18T15:30:06.575670+00:00
739,3846,4154,temporal,0.32951222799900726,probe,ARM_B,0.2,0,0.0,734.68,False,10,2026-08-18T15:17:41.355569+00:00,2026-08-18T15:30:06.575670+00:00
740,3935,4136,temporal,0.3295159136671941,probe,ARM_A,0.0,0,0.0,862.66,False,10,2026-08-18T15:17:41.355569+00:00,2026-08-18T15:30:06.575670+00:00
740,3935,4136,temporal,0.3295159136671941,probe,ARM_B,0.2,0,0.0,1551.2,False,10,2026-08-18T15:17:41.355569+00:00,2026-08-18T15:30:06.575670+00:00
741,4003,4053,temporal,0.3295311233541106,probe,ARM_A,0.0,0,0.0,303.63,False,10,2026-08-18T15:17:41.355569+00:00,2026-08-18T15:30:06.575670+00:00
741,4003,4053,temporal,0.3295311233541106,probe,ARM_B,0.2,0,0.0,296.36,False,10,2026-08-18T15:17:41.355569+00:00,2026-08-18T15:30:06.575670+00:00
742,3908,4136,temporal,0.32953232526779175,probe,ARM_A,0.0,0,0.0,259.46,False,10,2026-08-18T15:17:41.355569+00:00,2026-08-18T15:30:06.575670+00:00
742,3908,4136,temporal,0.32953232526779175,probe,ARM_B,0.2,0,0.0,94.87,False,10,2026-08-18T15:17:41.355569+00:00,2026-08-18T15:30:06.575670+00:00
743,3877,4040,temporal,0.3295671546975214,probe,ARM_A,0.0,0,0.0,1476.68,False,10,2026-08-18T15:17:41.355569+00:00,2026-08-18T15:30:06.575670+00:00
743,3877,4040,temporal,0.3295671546975214,probe,ARM_B,0.2,0,0.0,493.08,False,10,2026-08-18T15:17:41.355569+00:00,2026-08-18T15:30:06.575670+00:00
744,4041,4092,temporal,0.3295742866016288,probe,ARM_A,0.0,0,0.0,1248.54,False,10,2026-08-18T15:17:41.355569+00:00,2026-08-18T15:30:06.575670+00:00
744,4041,4092,temporal,0.3295742866016288,probe,ARM_B,0.2,0,0.0,339.51,False,10,2026-08-18T15:17:41.355569+00:00,2026-08-18T15:30:06.575670+00:00
745,3822,4137,temporal,0.3295801674819199,probe,ARM_A,0.0,0,0.0,1069.77,False,10,2026-08-18T15:17:41.355569+00:00,2026-08-18T15:30:06.575670+00:00
745,3822,4137,temporal,0.3295801674819199,probe,ARM_B,0.2,0,0.0,946.79,False,10,2026-08-18T15:17:41.355569+00:00,2026-08-18T15:30:06.575670+00:00
746,4025,4081,temporal,0.32960984077541733,probe,ARM_A,0.0,0,0.0,436.76,False,10,2026-08-18T15:17:41.355569+00:00,2026-08-18T15:30:06.575670+00:00
746,4025,4081,temporal,0.32960984077541733,probe,ARM_B,0.2,0,0.0,657.03,False,10,2026-08-18T15:17:41.355569+00:00,2026-08-18T15:30:06.575670+00:00
747,3954,4155,temporal,0.32962187075940963,probe,ARM_A,0.0,0,0.0,182.31,False,10,2026-08-18T15:17:41.355569+00:00,2026-08-18T15:30:06.575670+00:00
747,3954,4155,temporal,0.32962187075940963,probe,ARM_B,0.2,0,0.0,43.81,False,10,2026-08-18T15:17:41.355569+00:00,2026-08-18T15:30:06.575670+00:00
748,3834,4045,temporal,0.3296228051185608,probe,ARM_A,0.0,0,0.0,1388.11,False,10,2026-08-18T15:17:41.355569+00:00,2026-08-18T15:30:06.575670+00:00
748,3834,4045,temporal,0.3296228051185608,probe,ARM_B,0.2,0,0.0,654.36,False,10,2026-08-18T15:17:41.355569+00:00,2026-08-18T15:30:06.575670+00:00
749,3800,3905,temporal,0.3296321823644911,probe,ARM_A,0.0,0,0.0,606.49,False,10,2026-08-18T15:17:41.355569+00:00,2026-08-18T15:30:06.575670+00:00
749,3800,3905,temporal,0.3296321823644911,probe,ARM_B,0.2,0,0.0,472.46,False,10,2026-08-18T15:17:41.355569+00:00,2026-08-18T15:30:06.575670+00:00
750,3825,3955,temporal,0.3296400606632326,probe,ARM_A,0.0,0,0.0,131.42,False,10,2026-08-18T15:17:41.355569+00:00,2026-08-18T15:30:06.575670+00:00
750,3825,3955,temporal,0.3296400606632326,probe,ARM_B,0.2,0,0.0,156.64,False,10,2026-08-18T15:17:41.355569+00:00,2026-08-18T15:30:06.575670+00:00
751,3876,4085,temporal,0.32964874296333635,probe,ARM_A,0.0,0,0.0,1018.03,False,10,2026-08-18T15:17:41.355569+00:00,2026-08-18T15:30:06.575670+00:00
751,3876,4085,temporal,0.32964874296333635,probe,ARM_B,0.2,0,0.0,2665.0,False,10,2026-08-18T15:17:41.355569+00:00,2026-08-18T15:30:06.575670+00:00
752,4025,4062,temporal,0.32966578006744385,probe,ARM_A,0.0,0,0.0,1576.21,False,10,2026-08-18T15:17:41.355569+00:00,2026-08-18T15:30:06.575670+00:00
752,4025,4062,temporal,0.32966578006744385,probe,ARM_B,0.2,0,0.0,2226.2,False,10,2026-08-18T15:17:41.355569+00:00,2026-08-18T15:30:06.575670+00:00
753,3822,4049,temporal,0.3296753459588335,probe,ARM_A,0.0,0,0.0,2542.02,False,10,2026-08-18T15:17:41.355569+00:00,2026-08-18T15:30:06.575670+00:00
753,3822,4049,temporal,0.3296753459588335,probe,ARM_B,0.2,0,0.0,1249.65,False,10,2026-08-18T15:17:41.355569+00:00,2026-08-18T15:30:06.575670+00:00
754,4010,4115,temporal,0.32970300349268644,probe,ARM_A,0.0,0,0.0,1352.4,False,10,2026-08-18T15:17:41.355569+00:00,2026-08-18T15:30:06.575670+00:00
754,4010,4115,temporal,0.32970300349268644,probe,ARM_B,0.2,0,0.0,988.3,False,10,2026-08-18T15:17:41.355569+00:00,2026-08-18T15:30:06.575670+00:00
755,3844,4155,temporal,0.32973364946051475,probe,ARM_A,0.0,0,0.0,337.71,False,10,2026-08-18T15:17:41.355569+00:00,2026-08-18T15:30:06.575670+00:00
755,3844,4155,temporal,0.32973364946051475,probe,ARM_B,0.2,0,0.0,363.39,False,10,2026-08-18T15:17:41.355569+00:00,2026-08-18T15:30:06.575670+00:00
756,3882,4155,temporal,0.32977505471930857,probe,ARM_A,0.0,0,0.0,259.13,False,10,2026-08-18T15:17:41.355569+00:00,2026-08-18T15:30:06.575670+00:00
756,3882,4155,temporal,0.32977505471930857,probe,ARM_B,0.2,0,0.0,192.56,False,10,2026-08-18T15:17:41.355569+00:00,2026-08-18T15:30:06.575670+00:00
757,3905,3939,temporal,0.32980839337881673,probe,ARM_A,0.0,0,0.0,578.46,False,10,2026-08-18T15:17:41.355569+00:00,2026-08-18T15:30:06.575670+00:00
757,3905,3939,temporal,0.32980839337881673,probe,ARM_B,0.2,0,0.0,197.27,False,10,2026-08-18T15:17:41.355569+00:00,2026-08-18T15:30:06.575670+00:00
758,3836,4045,temporal,0.32984238862991333,probe,ARM_A,0.0,0,0.0,1335.24,False,10,2026-08-18T15:17:41.355569+00:00,2026-08-18T15:30:06.575670+00:00
758,3836,4045,temporal,0.32984238862991333,probe,ARM_B,0.2,0,0.0,511.04,False,10,2026-08-18T15:17:41.355569+00:00,2026-08-18T15:30:06.575670+00:00
759,3880,3987,temporal,0.3298612236976717,probe,ARM_A,0.0,0,0.0,268.87,False,10,2026-08-18T15:17:41.355569+00:00,2026-08-18T15:30:06.575670+00:00
759,3880,3987,temporal,0.3298612236976717,probe,ARM_B,0.2,0,0.0,172.86,False,10,2026-08-18T15:17:41.355569+00:00,2026-08-18T15:30:06.575670+00:00
760,3844,4127,temporal,0.3298874497413635,probe,ARM_A,0.0,0,0.0,165.7,False,10,2026-08-18T15:17:41.355569+00:00,2026-08-18T15:30:06.575670+00:00
760,3844,4127,temporal,0.3298874497413635,probe,ARM_B,0.2,0,0.0,423.88,False,10,2026-08-18T15:17:41.355569+00:00,2026-08-18T15:30:06.575670+00:00
761,3822,4023,temporal,0.32990700928417405,probe,ARM_A,0.0,0,0.0,588.01,False,10,2026-08-18T15:17:41.355569+00:00,2026-08-18T15:30:06.575670+00:00
761,3822,4023,temporal,0.32990700928417405,probe,ARM_B,0.2,0,0.0,217.23,False,10,2026-08-18T15:17:41.355569+00:00,2026-08-18T15:30:06.575670+00:00
762,3905,4029,temporal,0.3299496570214564,probe,ARM_A,0.0,0,0.0,163.23,False,10,2026-08-18T15:17:41.355569+00:00,2026-08-18T15:30:06.575670+00:00
762,3905,4029,temporal,0.3299496570214564,probe,ARM_B,0.2,0,0.0,98.03,False,10,2026-08-18T15:17:41.355569+00:00,2026-08-18T15:30:06.575670+00:00
763,4081,4096,temporal,0.32997656821925325,probe,ARM_A,0.0,0,0.0,94.13,False,10,2026-08-18T15:17:41.355569+00:00,2026-08-18T15:30:06.575670+00:00
763,4081,4096,temporal,0.32997656821925325,probe,ARM_B,0.2,0,0.0,48.06,False,10,2026-08-18T15:17:41.355569+00:00,2026-08-18T15:30:06.575670+00:00
764,3920,4053,temporal,0.3299945497519339,probe,ARM_A,0.0,0,0.0,70.28,False,10,2026-08-18T15:17:41.355569+00:00,2026-08-18T15:30:06.575670+00:00
764,3920,4053,temporal,0.3299945497519339,probe,ARM_B,0.2,0,0.0,101.46,False,10,2026-08-18T15:17:41.355569+00:00,2026-08-18T15:30:06.575670+00:00
765,4123,4172,temporal,0.3299970224495268,probe,ARM_A,0.0,0,0.0,39.79,False,10,2026-08-18T15:17:41.355569+00:00,2026-08-18T15:30:06.575670+00:00
765,4123,4172,temporal,0.3299970224495268,probe,ARM_B,0.2,0,0.0,35.93,False,10,2026-08-18T15:17:41.355569+00:00,2026-08-18T15:30:06.575670+00:00
766,3822,4117,temporal,0.33004704088393233,probe,ARM_A,0.0,0,0.0,117.71,False,10,2026-08-18T15:17:41.355569+00:00,2026-08-18T15:30:06.575670+00:00
766,3822,4117,temporal,0.33004704088393233,probe,ARM_B,0.2,0,0.0,165.02,False,10,2026-08-18T15:17:41.355569+00:00,2026-08-18T15:30:06.575670+00:00
767,3873,3881,temporal,0.33022340064606737,probe,ARM_A,0.0,0,0.0,64.36,False,10,2026-08-18T15:17:41.355569+00:00,2026-08-18T15:30:06.575670+00:00
767,3873,3881,temporal,0.33022340064606737,probe,ARM_B,0.2,0,0.0,49.04,False,10,2026-08-18T15:17:41.355569+00:00,2026-08-18T15:30:06.575670+00:00
768,3969,3973,temporal,0.33024228603369865,probe,ARM_A,0.0,0,0.0,67.73,False,10,2026-08-18T15:17:41.355569+00:00,2026-08-18T15:30:06.575670+00:00
768,3969,3973,temporal,0.33024228603369865,probe,ARM_B,0.2,0,0.0,54.41,False,10,2026-08-18T15:17:41.355569+00:00,2026-08-18T15:30:06.575670+00:00
769,3951,4012,temporal,0.3302562433633949,probe,ARM_A,0.0,0,0.0,216.48,False,10,2026-08-18T15:17:41.355569+00:00,2026-08-18T15:30:06.575670+00:00
769,3951,4012,temporal,0.3302562433633949,probe,ARM_B,0.2,0,0.0,407.62,False,10,2026-08-18T15:17:41.355569+00:00,2026-08-18T15:30:06.575670+00:00
770,3970,4017,temporal,0.33026814460754395,probe,ARM_A,0.0,0,0.0,567.23,False,10,2026-08-18T15:17:41.355569+00:00,2026-08-18T15:30:06.575670+00:00
770,3970,4017,temporal,0.33026814460754395,probe,ARM_B,0.2,0,0.0,79.34,False,10,2026-08-18T15:17:41.355569+00:00,2026-08-18T15:30:06.575670+00:00
771,3905,4006,temporal,0.3302968737748464,probe,ARM_A,0.0,0,0.0,53.08,False,10,2026-08-18T15:17:41.355569+00:00,2026-08-18T15:30:06.575670+00:00
771,3905,4006,temporal,0.3302968737748464,probe,ARM_B,0.2,0,0.0,62.62,False,10,2026-08-18T15:17:41.355569+00:00,2026-08-18T15:30:06.575670+00:00
772,4047,4092,temporal,0.33030472163018243,probe,ARM_A,0.0,0,0.0,54.43,False,10,2026-08-18T15:17:41.355569+00:00,2026-08-18T15:30:06.575670+00:00
772,4047,4092,temporal,0.33030472163018243,probe,ARM_B,0.2,0,0.0,35.52,False,10,2026-08-18T15:17:41.355569+00:00,2026-08-18T15:30:06.575670+00:00
773,4025,4061,temporal,0.3303726610874542,probe,ARM_A,0.0,0,0.0,110.05,False,10,2026-08-18T15:17:41.355569+00:00,2026-08-18T15:30:06.575670+00:00
773,4025,4061,temporal,0.3303726610874542,probe,ARM_B,0.2,0,0.0,147.48,False,10,2026-08-18T15:17:41.355569+00:00,2026-08-18T15:30:06.575670+00:00
774,4029,4112,temporal,0.3304700752952685,probe,ARM_A,0.0,0,0.0,44.45,False,10,2026-08-18T15:17:41.355569+00:00,2026-08-18T15:30:06.575670+00:00
774,4029,4112,temporal,0.3304700752952685,probe,ARM_B,0.2,0,0.0,67.52,False,10,2026-08-18T15:17:41.355569+00:00,2026-08-18T15:30:06.575670+00:00
775,3887,4025,temporal,0.33047938346862793,probe,ARM_A,0.0,0,0.0,161.96,False,10,2026-08-18T15:17:41.355569+00:00,2026-08-18T15:30:06.575670+00:00
775,3887,4025,temporal,0.33047938346862793,probe,ARM_B,0.2,0,0.0,2618.12,False,10,2026-08-18T15:17:41.355569+00:00,2026-08-18T15:30:06.575670+00:00
776,3803,3997,temporal,0.3305136162348763,probe,ARM_A,0.0,0,0.0,168.76,False,10,2026-08-18T15:17:41.355569+00:00,2026-08-18T15:30:06.575670+00:00
776,3803,3997,temporal,0.3305136162348763,probe,ARM_B,0.2,0,0.0,141.58,False,10,2026-08-18T15:17:41.355569+00:00,2026-08-18T15:30:06.575670+00:00
777,3851,3955,temporal,0.3305541074936542,probe,ARM_A,0.0,0,0.0,59.75,False,10,2026-08-18T15:17:41.355569+00:00,2026-08-18T15:30:06.575670+00:00
777,3851,3955,temporal,0.3305541074936542,probe,ARM_B,0.2,0,0.0,49.07,False,10,2026-08-18T15:17:41.355569+00:00,2026-08-18T15:30:06.575670+00:00
778,3851,4161,temporal,0.33056090242396863,probe,ARM_A,0.0,0,0.0,98.37,False,10,2026-08-18T15:17:41.355569+00:00,2026-08-18T15:30:06.575670+00:00
778,3851,4161,temporal,0.33056090242396863,probe,ARM_B,0.2,0,0.0,115.4,False,10,2026-08-18T15:17:41.355569+00:00,2026-08-18T15:30:06.575670+00:00
779,3883,4010,temporal,0.330579757690439,probe,ARM_A,0.0,0,0.0,97.98,False,10,2026-08-18T15:17:41.355569+00:00,2026-08-18T15:30:06.575670+00:00
779,3883,4010,temporal,0.330579757690439,probe,ARM_B,0.2,0,0.0,2111.62,False,10,2026-08-18T15:17:41.355569+00:00,2026-08-18T15:30:06.575670+00:00
780,3955,3968,temporal,0.3306061620604095,probe,ARM_A,0.0,0,0.0,124.23,False,10,2026-08-18T15:17:41.355569+00:00,2026-08-18T15:30:06.575670+00:00
780,3955,3968,temporal,0.3306061620604095,probe,ARM_B,0.2,0,0.0,55.12,False,10,2026-08-18T15:17:41.355569+00:00,2026-08-18T15:30:06.575670+00:00
781,3822,3883,temporal,0.3306501404419764,probe,ARM_A,0.0,0,0.0,119.72,False,10,2026-08-18T15:17:41.355569+00:00,2026-08-18T15:30:06.575670+00:00
781,3822,3883,temporal,0.3306501404419764,probe,ARM_B,0.2,0,0.0,334.1,False,10,2026-08-18T15:17:41.355569+00:00,2026-08-18T15:30:06.575670+00:00
782,3966,4174,temporal,0.33065291205837033,probe,ARM_A,0.0,0,0.0,344.86,False,10,2026-08-18T15:17:41.355569+00:00,2026-08-18T15:30:06.575670+00:00
782,3966,4174,temporal,0.33065291205837033,probe,ARM_B,0.2,0,0.0,735.61,False,10,2026-08-18T15:17:41.355569+00:00,2026-08-18T15:30:06.575670+00:00
783,3877,4134,temporal,0.3307124183863597,probe,ARM_A,0.0,0,0.0,480.5,False,10,2026-08-18T15:17:41.355569+00:00,2026-08-18T15:30:06.575670+00:00
783,3877,4134,temporal,0.3307124183863597,probe,ARM_B,0.2,0,0.0,437.16,False,10,2026-08-18T15:17:41.355569+00:00,2026-08-18T15:30:06.575670+00:00
784,3952,3968,temporal,0.33072598759686933,probe,ARM_A,0.0,0,0.0,326.9,False,10,2026-08-18T15:17:41.355569+00:00,2026-08-18T15:30:06.575670+00:00
784,3952,3968,temporal,0.33072598759686933,probe,ARM_B,0.2,0,0.0,213.88,False,10,2026-08-18T15:17:41.355569+00:00,2026-08-18T15:30:06.575670+00:00
785,3884,4012,temporal,0.3307337657710574,probe,ARM_A,0.0,0,0.0,363.01,False,10,2026-08-18T15:17:41.355569+00:00,2026-08-18T15:30:06.575670+00:00
785,3884,4012,temporal,0.3307337657710574,probe,ARM_B,0.2,0,0.0,355.93,False,10,2026-08-18T15:17:41.355569+00:00,2026-08-18T15:30:06.575670+00:00
786,4085,4097,temporal,0.330744246796117,probe,ARM_A,0.0,0,0.0,156.65,False,10,2026-08-18T15:17:41.355569+00:00,2026-08-18T15:30:06.575670+00:00
786,4085,4097,temporal,0.330744246796117,probe,ARM_B,0.2,0,0.0,75.45,False,10,2026-08-18T15:17:41.355569+00:00,2026-08-18T15:30:06.575670+00:00
787,3905,4131,temporal,0.33074525938084187,probe,ARM_A,0.0,0,0.0,202.67,False,10,2026-08-18T15:17:41.355569+00:00,2026-08-18T15:30:06.575670+00:00
787,3905,4131,temporal,0.33074525938084187,probe,ARM_B,0.2,0,0.0,384.1,False,10,2026-08-18T15:17:41.355569+00:00,2026-08-18T15:30:06.575670+00:00
788,3846,4175,temporal,0.33075298827186184,probe,ARM_A,0.0,0,0.0,435.92,False,10,2026-08-18T15:17:41.355569+00:00,2026-08-18T15:30:06.575670+00:00
788,3846,4175,temporal,0.33075298827186184,probe,ARM_B,0.2,0,0.0,309.27,False,10,2026-08-18T15:17:41.355569+00:00,2026-08-18T15:30:06.575670+00:00
789,3955,4012,temporal,0.3307825521800758,probe,ARM_A,0.0,0,0.0,118.7,False,10,2026-08-18T15:17:41.355569+00:00,2026-08-18T15:30:06.575670+00:00
789,3955,4012,temporal,0.3307825521800758,probe,ARM_B,0.2,0,0.0,169.62,False,10,2026-08-18T15:17:41.355569+00:00,2026-08-18T15:30:06.575670+00:00
790,3924,3952,temporal,0.33079832792282104,probe,ARM_A,0.0,0,0.0,110.11,False,10,2026-08-18T15:17:41.355569+00:00,2026-08-18T15:30:06.575670+00:00
790,3924,3952,temporal,0.33079832792282104,probe,ARM_B,0.2,0,0.0,266.44,False,10,2026-08-18T15:17:41.355569+00:00,2026-08-18T15:30:06.575670+00:00
791,3908,3910,temporal,0.3308321636419205,probe,ARM_A,0.0,0,0.0,538.48,False,10,2026-08-18T15:17:41.355569+00:00,2026-08-18T15:30:06.575670+00:00
791,3908,3910,temporal,0.3308321636419205,probe,ARM_B,0.2,0,0.0,40.05,False,10,2026-08-18T15:17:41.355569+00:00,2026-08-18T15:30:06.575670+00:00
792,3857,4134,temporal,0.3309025668021981,probe,ARM_A,0.0,0,0.0,994.13,False,10,2026-08-18T15:17:41.355569+00:00,2026-08-18T15:30:06.575670+00:00
792,3857,4134,temporal,0.3309025668021981,probe,ARM_B,0.2,0,0.0,203.66,False,10,2026-08-18T15:17:41.355569+00:00,2026-08-18T15:30:06.575670+00:00
793,3949,3988,temporal,0.33093333222866184,probe,ARM_A,0.0,0,0.0,152.52,False,10,2026-08-18T15:17:41.355569+00:00,2026-08-18T15:30:06.575670+00:00
793,3949,3988,temporal,0.33093333222866184,probe,ARM_B,0.2,0,0.0,156.53,False,10,2026-08-18T15:17:41.355569+00:00,2026-08-18T15:30:06.575670+00:00
794,3806,4069,temporal,0.33095196833204577,probe,ARM_A,0.0,0,0.0,1287.64,False,10,2026-08-18T15:17:41.355569+00:00,2026-08-18T15:30:06.575670+00:00
794,3806,4069,temporal,0.33095196833204577,probe,ARM_B,0.2,0,0.0,1363.19,False,10,2026-08-18T15:17:41.355569+00:00,2026-08-18T15:30:06.575670+00:00
795,3952,4010,temporal,0.3310143254978293,probe,ARM_A,0.0,0,0.0,38.88,False,10,2026-08-18T15:17:41.355569+00:00,2026-08-18T15:30:06.575670+00:00
795,3952,4010,temporal,0.3310143254978293,probe,ARM_B,0.2,0,0.0,36.18,False,10,2026-08-18T15:17:41.355569+00:00,2026-08-18T15:30:06.575670+00:00
796,3883,4055,temporal,0.33111345767975797,probe,ARM_A,0.0,0,0.0,235.09,False,10,2026-08-18T15:17:41.355569+00:00,2026-08-18T15:30:06.575670+00:00
796,3883,4055,temporal,0.33111345767975797,probe,ARM_B,0.2,0,0.0,198.22,False,10,2026-08-18T15:17:41.355569+00:00,2026-08-18T15:30:06.575670+00:00
797,4022,4172,temporal,0.33112298415943764,probe,ARM_A,0.0,0,0.0,79.04,False,10,2026-08-18T15:17:41.355569+00:00,2026-08-18T15:30:06.575670+00:00
797,4022,4172,temporal,0.33112298415943764,probe,ARM_B,0.2,0,0.0,302.5,False,10,2026-08-18T15:17:41.355569+00:00,2026-08-18T15:30:06.575670+00:00
798,3859,3996,temporal,0.33120611348042894,probe,ARM_A,0.0,0,0.0,602.28,False,10,2026-08-18T15:17:41.355569+00:00,2026-08-18T15:30:06.575670+00:00
798,3859,3996,temporal,0.33120611348042894,probe,ARM_B,0.2,0,0.0,198.37,False,10,2026-08-18T15:17:41.355569+00:00,2026-08-18T15:30:06.575670+00:00
799,3825,3904,temporal,0.3312098983746954,probe,ARM_A,0.0,0,0.0,63.45,False,10,2026-08-18T15:17:41.355569+00:00,2026-08-18T15:30:06.575670+00:00
799,3825,3904,temporal,0.3312098983746954,probe,ARM_B,0.2,0,0.0,49.47,False,10,2026-08-18T15:17:41.355569+00:00,2026-08-18T15:30:06.575670+00:00
